id,first_name,last_name,email,gender,ip_address
1,Kalli,Dufoure,kdufoure0@jugem.jp,Female,213.71.11.167
2,Billy,McKendo,bmckendo1@imgur.com,Male,139.60.186.15
3,Hana,Faulconbridge,hfaulconbridge2@altervista.org,Female,152.115.117.181
4,Bernete,Kearley,bkearley3@sciencedirect.com,Female,230.247.44.176
5,Athena,Pavinese,apavinese4@indiatimes.com,Female,120.9.135.175
6,Dylan,Adran,dadran5@gnu.org,Male,39.209.218.67
7,Jon,Older,jolder6@ask.com,Genderqueer,252.220.213.61
8,Judd,Woolvett,jwoolvett7@npr.org,Male,131.229.219.18
9,Clifford,Railton,crailton8@naver.com,Male,60.211.53.206
10,Karlen,Cranna,kcranna9@reddit.com,Non-binary,169.247.225.14
11,Neila,Mawd,nmawda@spotify.com,Female,236.114.206.89
12,Florry,Thick,fthickb@webnode.com,Female,8.244.218.81
13,Neil,Calvard,ncalvardc@php.net,Male,215.23.153.109
14,Bethina,Jakoubek,bjakoubekd@statcounter.com,Genderqueer,11.63.79.204
15,Donavon,Schach,dschache@freewebs.com,Male,3.254.60.49
16,Ginger,Harner,gharnerf@cargocollective.com,Female,39.237.21.109
17,Cory,Giovannoni,cgiovannonig@psu.edu,Female,133.94.28.116
18,Arlinda,Ilyas,ailyash@ow.ly,Genderfluid,34.84.66.126
19,Pascal,Ricarde,pricardei@state.gov,Male,85.30.30.224
20,Denney,Chatelot,dchatelotj@ocn.ne.jp,Male,199.101.133.206
21,Truda,Blanc,tblanck@themeforest.net,Female,46.187.19.203
22,Herb,Mabee,hmabeel@webnode.com,Polygender,33.249.143.106
23,Perry,Duns,pdunsm@about.com,Female,187.93.241.101
24,Benita,Buttrum,bbuttrumn@mapquest.com,Non-binary,190.21.85.41
25,Danita,Beardsall,dbeardsallo@linkedin.com,Female,43.219.240.23
26,Washington,Rennix,wrennixp@homestead.com,Male,55.87.170.14
27,Kaile,Wannes,kwannesq@dyndns.org,Female,70.114.213.253
28,Rebecca,Marte,rmarter@mit.edu,Female,225.129.141.169
29,Holmes,Phipp,hphipps@4shared.com,Male,52.149.154.64
30,Mahmud,Harwin,mharwint@tamu.edu,Male,7.65.101.103
31,Arther,Biagi,abiagiu@51.la,Male,152.182.236.245
32,Janie,Laurenceau,jlaurenceauv@vistaprint.com,Female,207.166.128.241
33,Jamie,Bembrigg,jbembriggw@webs.com,Female,120.90.119.132
34,Abbott,Trevers,atreversx@artisteer.com,Male,248.1.31.48
35,George,Karys,gkarysy@msn.com,Male,74.192.111.191
36,Sib,Tomaskov,stomaskovz@amazon.com,Female,232.76.247.179
37,Haroun,Swann,hswann10@newsvine.com,Male,55.124.201.16
38,Sadella,Trimbey,strimbey11@huffingtonpost.com,Female,199.111.179.210
39,Melvyn,Reiach,mreiach12@dot.gov,Male,133.118.228.61
40,Rosaline,Duchatel,rduchatel13@oracle.com,Female,237.152.191.88
41,Parke,Danielian,pdanielian14@simplemachines.org,Male,65.13.206.220
42,Fee,Morrant,fmorrant15@aol.com,Male,89.8.252.164
43,Gav,Janks,gjanks16@macromedia.com,Male,248.92.119.3
44,Joly,Aucott,jaucott17@4shared.com,Female,231.82.121.120
45,Hanny,Leguay,hleguay18@elegantthemes.com,Female,253.163.2.206
46,Gunilla,McColley,gmccolley19@list-manage.com,Female,184.84.9.16
47,Carter,Bruniges,cbruniges1a@artisteer.com,Male,198.13.107.64
48,Joseito,Tilmouth,jtilmouth1b@google.cn,Male,161.217.209.210
49,Benedetto,Averill,baverill1c@mapy.cz,Male,91.157.151.159
50,Gay,Elis,gelis1d@php.net,Female,62.243.94.20
51,Chicky,Forth,cforth1e@webs.com,Female,140.85.230.124
52,Duffy,Bachshell,dbachshell1f@bluehost.com,Male,65.179.57.210
53,Kenon,Magwood,kmagwood1g@go.com,Agender,242.110.97.73
54,Camey,Gullyes,cgullyes1h@dyndns.org,Male,19.106.14.122
55,Albrecht,Swatheridge,aswatheridge1i@ehow.com,Male,122.247.240.73
56,Cyrille,Isacsson,cisacsson1j@surveymonkey.com,Male,64.22.234.174
57,Coretta,Topping,ctopping1k@dell.com,Female,141.78.255.82
58,Lula,Galilee,lgalilee1l@dmoz.org,Female,122.207.60.177
59,Miran,Longdon,mlongdon1m@opensource.org,Female,138.239.227.136
60,Thibaut,Quemby,tquemby1n@nps.gov,Male,211.86.60.9
61,Illa,Birchner,ibirchner1o@washingtonpost.com,Female,226.202.100.189
62,Arden,Trustram,atrustram1p@soundcloud.com,Genderfluid,74.219.119.12
63,Trip,Tebbs,ttebbs1q@liveinternet.ru,Male,144.59.223.41
64,Oliy,Laetham,olaetham1r@twitter.com,Female,107.231.125.233
65,Casi,Fitter,cfitter1s@chicagotribune.com,Genderqueer,133.101.190.154
66,Danie,Sanford,dsanford1t@a8.net,Genderqueer,58.84.241.0
67,Joanie,Slany,jslany1u@cafepress.com,Female,35.165.91.11
68,Deidre,Sands,dsands1v@comcast.net,Female,159.88.214.80
69,Shanna,De Nisco,sdenisco1w@etsy.com,Female,11.119.70.64
70,Fonz,Ondra,fondra1x@patch.com,Male,167.46.28.211
71,Augy,Pettersen,apettersen1y@ox.ac.uk,Male,67.231.12.187
72,Gan,Coling,gcoling1z@alexa.com,Male,200.38.12.58
73,Rahal,Proffitt,rproffitt20@arstechnica.com,Female,128.32.92.89
74,Consalve,Charrington,ccharrington21@histats.com,Male,96.15.243.94
75,Alysa,Cawse,acawse22@printfriendly.com,Female,83.235.251.147
76,Pierson,Duiguid,pduiguid23@ustream.tv,Male,150.219.153.88
77,Ede,Connerry,econnerry24@skyrock.com,Female,185.244.2.210
78,Steffane,Van der Kruys,svanderkruys25@wikimedia.org,Female,187.95.91.115
79,Allard,Alderson,aalderson26@mlb.com,Male,130.166.137.6
80,Hillyer,Heining,hheining27@ebay.com,Male,106.33.123.119
81,Binnie,Andrewartha,bandrewartha28@ucsd.edu,Female,114.197.254.2
82,Rudie,Brunton,rbrunton29@marriott.com,Male,246.140.115.63
83,Daria,Hyman,dhyman2a@moonfruit.com,Genderfluid,7.226.150.114
84,Salomo,Allcroft,sallcroft2b@time.com,Male,187.102.12.199
85,Vanya,Olorenshaw,volorenshaw2c@bravesites.com,Female,105.251.230.53
86,Kelcie,Millan,kmillan2d@hp.com,Female,127.75.194.37
87,Sheilah,Bowery,sbowery2e@seattletimes.com,Female,128.56.120.200
88,Modesty,Haugh,mhaugh2f@auda.org.au,Non-binary,237.91.107.84
89,Melita,Aveyard,maveyard2g@comsenz.com,Female,9.108.185.114
90,Barth,Gunston,bgunston2h@umich.edu,Male,66.237.15.105
91,Cybill,Osman,cosman2i@independent.co.uk,Female,113.170.198.78
92,Bent,MacShirie,bmacshirie2j@marketwatch.com,Male,225.38.222.79
93,Otha,Guitonneau,oguitonneau2k@ycombinator.com,Female,41.174.129.206
94,Osmund,Gabbatiss,ogabbatiss2l@state.tx.us,Male,89.179.255.238
95,Leopold,Downing,ldowning2m@spiegel.de,Male,148.100.35.32
96,Aindrea,Bramble,abramble2n@wordpress.org,Female,198.242.1.55
97,Flora,Epdell,fepdell2o@xinhuanet.com,Female,167.170.39.105
98,Cody,Ronan,cronan2p@mail.ru,Male,174.41.70.101
99,Desdemona,Spanswick,dspanswick2q@mapquest.com,Genderfluid,160.46.125.210
100,Isa,Morden,imorden2r@posterous.com,Male,84.82.61.64
