id,first_name,last_name,email,gender,ip_address
1,Esme,Wasteney,ewasteney0@liveinternet.ru,Male,86.143.28.223
2,Rudolf,Brownsett,rbrownsett1@slashdot.org,Male,53.75.38.107
3,Fleming,McNish,fmcnish2@free.fr,Male,16.69.219.36
4,Carlie,Jozaitis,cjozaitis3@blog.com,Female,29.83.95.159
5,Robinett,Wase,rwase4@comsenz.com,Female,119.163.40.254
6,Jennie,Seagrave,jseagrave5@twitpic.com,Female,165.133.83.199
7,Harwell,Akett,hakett6@mozilla.com,Male,110.243.155.254
8,Thedric,Gaiter,tgaiter7@time.com,Male,30.142.205.187
9,Merna,Woodroofe,mwoodroofe8@rediff.com,Female,194.14.110.213
10,Chaddy,Creegan,ccreegan9@amazonaws.com,Male,112.170.76.7
11,Maye,Irdale,mirdalea@foxnews.com,Female,240.83.138.60
12,Wendall,Wildman,wwildmanb@indiegogo.com,Male,7.189.139.11
13,Waylon,Lequeux,wlequeuxc@statcounter.com,Male,43.244.230.50
14,Anastassia,Beecroft,abeecroftd@webeden.co.uk,Female,1.148.252.195
15,Chad,Dawby,cdawbye@icq.com,Female,51.10.127.104
16,Cinderella,McNeachtain,cmcneachtainf@omniture.com,Female,51.40.31.221
17,Kahlil,Gibbieson,kgibbiesong@europa.eu,Male,129.220.117.72
18,Ogdan,Gillatt,ogillatth@arstechnica.com,Male,80.189.155.122
19,Luelle,Merrett,lmerretti@bravesites.com,Female,185.115.182.139
20,Giacinta,Beadnell,gbeadnellj@theglobeandmail.com,Female,189.150.171.118
21,Stearn,Luxton,sluxtonk@dyndns.org,Male,220.136.133.57
22,Leo,Blount,lblountl@hud.gov,Male,45.46.233.207
23,Drake,Mendel,dmendelm@reddit.com,Male,251.12.34.34
24,Tiebout,Farley,tfarleyn@biblegateway.com,Male,220.65.92.213
25,Garrard,Hedge,ghedgeo@cmu.edu,Male,115.27.190.197
26,Corney,Tinline,ctinlinep@bluehost.com,Male,177.133.110.32
27,Ardys,Tenby,atenbyq@dot.gov,Female,61.6.225.235
28,Bee,Golde,bgolder@google.co.jp,Female,117.218.128.205
29,Jeramey,Digginson,jdigginsons@skype.com,Male,238.69.132.123
30,Hillard,Ivanchin,hivanchint@yellowpages.com,Male,193.197.94.143
31,Jehu,Gatchel,jgatchelu@narod.ru,Male,147.110.207.202
32,Debi,Martschke,dmartschkev@amazonaws.com,Female,5.178.194.227
33,Giana,Rickword,grickwordw@mapquest.com,Female,54.123.49.22
34,Rodie,Pinner,rpinnerx@ibm.com,Female,162.17.174.252
35,Gerhard,Blumfield,gblumfieldy@naver.com,Male,228.93.99.243
36,Consuela,Hearnaman,chearnamanz@xrea.com,Female,29.243.194.129
37,Griz,Tanguy,gtanguy10@pagesperso-orange.fr,Male,242.159.234.226
38,Jeff,Mettericke,jmettericke11@cyberchimps.com,Male,184.234.241.240
39,Ynez,Ley,yley12@taobao.com,Female,35.6.241.171
40,Merrel,Dunseith,mdunseith13@shutterfly.com,Male,163.204.126.226
41,Worthington,Bruhnke,wbruhnke14@businesswire.com,Male,206.79.73.249
42,Tobias,Frugier,tfrugier15@livejournal.com,Male,91.160.7.228
43,Alice,Manford,amanford16@elegantthemes.com,Female,145.82.53.6
44,Eachelle,Ellicock,eellicock17@google.com.br,Female,182.21.222.209
45,Petronilla,Gouge,pgouge18@google.com.hk,Female,223.49.214.44
46,Gasper,Adan,gadan19@columbia.edu,Male,21.1.0.36
47,Clotilda,Fanthom,cfanthom1a@wufoo.com,Female,255.74.52.236
48,Dore,McDonough,dmcdonough1b@typepad.com,Genderfluid,88.209.18.95
49,Mair,Doutch,mdoutch1c@latimes.com,Female,77.17.139.165
50,Cris,Breming,cbreming1d@symantec.com,Male,202.37.230.117
51,Ermin,Alekseev,ealekseev1e@usatoday.com,Male,238.96.39.96
52,Chery,Pinock,cpinock1f@smugmug.com,Female,77.84.166.61
53,Slade,Patsall,spatsall1g@paginegialle.it,Male,82.195.46.73
54,Teodoro,Bixley,tbixley1h@list-manage.com,Male,99.131.219.211
55,Tait,Watters,twatters1i@mtv.com,Male,155.217.110.128
56,Jeromy,Whisby,jwhisby1j@bbb.org,Male,154.250.205.61
57,Ortensia,Laffin,olaffin1k@blog.com,Female,187.108.236.7
58,Aube,Helsby,ahelsby1l@europa.eu,Male,206.236.108.20
59,Fiann,Shreenan,fshreenan1m@51.la,Female,93.75.82.160
60,Thorny,Sapson,tsapson1n@netscape.com,Male,218.169.161.112
61,Willard,Pentelo,wpentelo1o@hostgator.com,Male,183.255.117.93
62,Elladine,Traske,etraske1p@abc.net.au,Female,112.47.62.9
63,Gilli,Spellward,gspellward1q@cornell.edu,Polygender,21.231.174.68
64,Humberto,Baroch,hbaroch1r@paginegialle.it,Agender,215.66.35.116
65,Maxwell,Yuille,myuille1s@stumbleupon.com,Male,6.43.108.142
66,Marty,Trase,mtrase1t@reference.com,Male,240.163.19.46
67,Gerome,Towl,gtowl1u@unicef.org,Male,223.185.60.234
68,Kaela,Dannel,kdannel1v@blogtalkradio.com,Female,35.79.234.150
69,Dusty,Penny,dpenny1w@pagesperso-orange.fr,Polygender,86.35.18.142
70,Eliot,Aven,eaven1x@smh.com.au,Male,251.242.18.60
71,Abe,Ovendale,aovendale1y@cloudflare.com,Male,103.30.107.103
72,Modestia,Austen,mausten1z@usgs.gov,Female,127.120.231.35
73,Rodger,Maffione,rmaffione20@timesonline.co.uk,Male,217.75.131.206
74,Gale,Fealy,gfealy21@tiny.cc,Female,223.206.80.120
75,Amaleta,Arnoldi,aarnoldi22@tripadvisor.com,Female,147.206.244.171
76,Ulla,Rolstone,urolstone23@abc.net.au,Genderfluid,84.52.214.147
77,Giffy,Reddie,greddie24@paginegialle.it,Male,162.240.70.11
78,Lou,Kerin,lkerin25@hao123.com,Female,213.80.15.123
79,Harry,Farans,hfarans26@ifeng.com,Male,81.240.43.34
80,Minne,Tures,mtures27@domainmarket.com,Agender,58.120.249.231
81,Giffy,Batch,gbatch28@umn.edu,Male,1.199.151.4
82,Beverie,Kelly,bkelly29@pbs.org,Genderfluid,68.157.237.24
83,Boyd,Fairbank,bfairbank2a@webnode.com,Male,47.48.252.80
84,Hermione,Borleace,hborleace2b@wikipedia.org,Female,76.40.199.62
85,Ermanno,Gonet,egonet2c@meetup.com,Male,13.243.95.230
86,Brooks,Dorrian,bdorrian2d@va.gov,Female,156.80.175.213
87,Sallie,Chalker,schalker2e@blogtalkradio.com,Female,196.94.246.1
88,Gerladina,Colin,gcolin2f@shareasale.com,Female,47.8.208.190
89,Erastus,Grinikhin,egrinikhin2g@linkedin.com,Male,40.199.71.104
90,Donetta,St. Paul,dstpaul2h@sina.com.cn,Female,211.199.141.56
91,Crichton,Oattes,coattes2i@wordpress.org,Polygender,244.207.160.233
92,Fonzie,Heisman,fheisman2j@berkeley.edu,Non-binary,60.206.202.77
93,Martha,Oscroft,moscroft2k@xinhuanet.com,Female,180.36.74.144
94,Myron,Spores,mspores2l@narod.ru,Male,50.249.29.91
95,Skip,Wasielewski,swasielewski2m@forbes.com,Male,130.217.190.102
96,Yankee,Evens,yevens2n@spiegel.de,Genderqueer,14.23.129.78
97,Sam,Castella,scastella2o@wunderground.com,Female,244.137.67.229
98,Sally,Hindsberg,shindsberg2p@tinyurl.com,Female,25.173.103.14
99,Thatch,Hutchings,thutchings2q@php.net,Male,150.180.80.31
100,Charil,Linzey,clinzey2r@chron.com,Female,229.58.38.252
101,Aubrey,Hymer,ahymer2s@spiegel.de,Male,101.112.44.203
102,Myrtia,Lyon,mlyon2t@unicef.org,Female,117.150.31.80
103,Adi,Hinzer,ahinzer2u@sciencedirect.com,Female,141.15.192.208
104,Phillipe,Langstone,plangstone2v@marriott.com,Male,207.79.234.8
105,Randolph,Ive,rive2w@sakura.ne.jp,Male,26.225.86.74
106,Artie,Brammar,abrammar2x@sbwire.com,Male,128.191.188.67
107,Shurlock,Matskiv,smatskiv2y@miitbeian.gov.cn,Male,168.229.151.207
108,Hansiain,Barnewall,hbarnewall2z@bravesites.com,Male,221.157.239.16
109,Francesco,Marqyes,fmarqyes30@jigsy.com,Male,70.171.56.243
110,Broddy,Jobke,bjobke31@icio.us,Male,101.75.24.37
111,Rycca,Culy,rculy32@behance.net,Female,93.252.253.7
112,Manuel,Whiten,mwhiten33@infoseek.co.jp,Male,165.233.89.223
113,Lannie,Hemphall,lhemphall34@free.fr,Male,176.199.66.226
114,Daren,Holson,dholson35@telegraph.co.uk,Male,77.57.166.184
115,Bernelle,Van Hove,bvanhove36@wikispaces.com,Female,120.201.116.209
116,Constantine,Everiss,ceveriss37@umn.edu,Male,197.242.223.71
117,Nelle,Lepoidevin,nlepoidevin38@washington.edu,Female,183.245.153.4
118,Vivianna,Hughland,vhughland39@gravatar.com,Female,153.155.27.96
119,Nari,Gale,ngale3a@tripadvisor.com,Female,88.80.67.240
120,Portia,Wrinch,pwrinch3b@npr.org,Female,203.255.23.17
121,Marven,Sturte,msturte3c@fotki.com,Male,27.111.45.45
122,Mitchel,Starr,mstarr3d@theguardian.com,Genderqueer,37.246.245.7
123,Deedee,MacIlriach,dmacilriach3e@imdb.com,Female,145.191.115.173
124,Stanislaw,Twigge,stwigge3f@timesonline.co.uk,Male,250.103.242.155
125,Hermione,Boorn,hboorn3g@sakura.ne.jp,Female,215.228.73.27
126,Kain,Norwood,knorwood3h@pbs.org,Male,230.166.107.200
127,Nanon,Wykes,nwykes3i@weibo.com,Female,65.188.154.208
128,Albie,Merriton,amerriton3j@imageshack.us,Male,10.126.82.50
129,Redd,Parrin,rparrin3k@hhs.gov,Male,197.4.168.175
130,Sheffield,Casserley,scasserley3l@miitbeian.gov.cn,Male,177.234.215.71
131,Karlie,Pietranek,kpietranek3m@imageshack.us,Female,86.253.151.25
132,Micheal,Serrurier,mserrurier3n@howstuffworks.com,Male,168.109.143.186
133,Bekki,Gellan,bgellan3o@desdev.cn,Female,7.143.237.199
134,Bibi,Skipworth,bskipworth3p@google.cn,Female,161.26.186.215
135,Catlee,Lucian,clucian3q@nytimes.com,Female,115.207.136.247
136,Eleni,Pratley,epratley3r@sohu.com,Genderfluid,147.86.220.137
137,Birch,Brosch,bbrosch3s@fda.gov,Male,143.133.13.70
138,Brittany,Richford,brichford3t@pinterest.com,Female,250.177.220.113
139,Ninnette,Forbes,nforbes3u@studiopress.com,Female,242.147.82.110
140,Paulina,Lauderdale,plauderdale3v@infoseek.co.jp,Female,64.24.128.228
141,Yevette,Maslen,ymaslen3w@timesonline.co.uk,Female,211.244.222.181
142,Susanetta,Mattea,smattea3x@google.ca,Female,166.234.199.148
143,Gearalt,Roderham,groderham3y@dropbox.com,Male,252.211.137.213
144,Rivy,Baggallay,rbaggallay3z@usgs.gov,Female,213.205.60.78
145,Jess,Tagg,jtagg40@webs.com,Male,172.217.157.177
146,Berny,Raison,braison41@gizmodo.com,Male,95.38.58.0
147,Ivett,Bowld,ibowld42@npr.org,Female,78.250.196.151
148,Carlyle,Cornu,ccornu43@skyrock.com,Male,85.53.9.3
149,Taber,Munnis,tmunnis44@bigcartel.com,Male,204.170.47.22
150,Novelia,Grossier,ngrossier45@domainmarket.com,Female,224.154.106.168
151,Douglas,Reid,dreid46@paypal.com,Male,134.23.141.251
152,Jamil,Kenion,jkenion47@youtu.be,Male,24.17.82.167
153,Amerigo,McCullock,amccullock48@fastcompany.com,Male,159.227.105.110
154,Bernardine,Gini,bgini49@purevolume.com,Genderfluid,172.48.2.8
155,Serena,Yallowley,syallowley4a@springer.com,Female,123.181.57.247
156,Shanan,Wormleighton,swormleighton4b@statcounter.com,Male,1.87.7.31
157,Mendy,Abbie,mabbie4c@wunderground.com,Male,62.10.193.127
158,Lindsay,Cona,lcona4d@4shared.com,Male,84.155.158.34
159,Manolo,Lerer,mlerer4e@dedecms.com,Male,54.56.245.110
160,Melony,Ambrus,mambrus4f@globo.com,Female,139.59.187.181
161,Perla,Reidie,preidie4g@vk.com,Female,167.190.144.151
162,Marco,Grzegorecki,mgrzegorecki4h@washingtonpost.com,Male,19.54.42.86
163,Ellie,Leebeter,eleebeter4i@nhs.uk,Female,62.1.181.105
164,Aubrey,Pirdue,apirdue4j@csmonitor.com,Female,0.9.193.172
165,Gustav,Kharchinski,gkharchinski4k@gizmodo.com,Male,249.198.79.52
166,Charles,Scay,cscay4l@sitemeter.com,Male,86.77.52.21
167,Gerda,Silvermann,gsilvermann4m@flickr.com,Female,117.170.190.199
168,Christyna,Wheowall,cwheowall4n@fastcompany.com,Female,159.36.60.96
169,Fair,Kipling,fkipling4o@homestead.com,Male,57.85.62.192
170,Scarlet,Minihan,sminihan4p@census.gov,Female,41.241.98.30
171,Sarita,Duigan,sduigan4q@ft.com,Female,26.144.194.251
172,Gay,Larraway,glarraway4r@adobe.com,Male,54.19.14.124
173,Rozalie,Burcombe,rburcombe4s@acquirethisname.com,Female,61.40.134.228
174,Morey,Hedgeley,mhedgeley4t@slate.com,Male,230.132.106.247
175,Marcia,Sneller,msneller4u@discovery.com,Female,217.124.96.41
176,Bruce,Dreng,bdreng4v@mozilla.com,Male,40.232.182.105
177,Winnie,Robun,wrobun4w@seattletimes.com,Female,1.199.166.157
178,Emlen,Gleader,egleader4x@hostgator.com,Male,172.98.85.34
179,Mattias,Jimson,mjimson4y@guardian.co.uk,Male,117.84.33.130
180,Lorry,Faircliffe,lfaircliffe4z@feedburner.com,Male,58.95.228.105
181,Patten,Batcheldor,pbatcheldor50@si.edu,Male,0.174.5.34
182,Mariquilla,Sleigh,msleigh51@disqus.com,Female,67.230.124.82
183,Torre,Sambidge,tsambidge52@fotki.com,Male,252.246.198.65
184,Christoforo,Gianninotti,cgianninotti53@51.la,Male,239.120.78.204
185,Bartlet,O'Hagirtie,bohagirtie54@desdev.cn,Male,166.212.31.124
186,Sullivan,Beiderbecke,sbeiderbecke55@123-reg.co.uk,Male,173.179.140.215
187,Rosalynd,Costock,rcostock56@cisco.com,Non-binary,6.202.20.117
188,Bronnie,Tadgell,btadgell57@theatlantic.com,Male,201.71.38.251
189,Kathryn,Randals,krandals58@storify.com,Female,231.128.23.226
190,Modesta,Vazquez,mvazquez59@rediff.com,Female,53.250.22.205
191,Dominick,Petchell,dpetchell5a@dailymail.co.uk,Male,66.174.30.212
192,Doria,Lennard,dlennard5b@lulu.com,Female,168.26.179.219
193,Luce,Koppeck,lkoppeck5c@twitter.com,Female,29.60.225.82
194,Prescott,Iacobassi,piacobassi5d@telegraph.co.uk,Male,94.130.39.175
195,Stephan,Morden,smorden5e@cargocollective.com,Agender,225.33.83.184
196,Xylia,O'Neil,xoneil5f@goo.gl,Female,224.188.113.115
197,Egor,Dumper,edumper5g@i2i.jp,Male,161.118.227.213
198,Marquita,Giorgielli,mgiorgielli5h@com.com,Female,119.133.153.116
199,Ethe,Goggins,egoggins5i@w3.org,Male,222.215.151.51
200,Danya,Momford,dmomford5j@odnoklassniki.ru,Female,188.147.9.183
201,Sibyl,Carss,scarss5k@theguardian.com,Male,116.239.155.20
202,Cleo,Franken,cfranken5l@prweb.com,Bigender,130.70.91.27
203,Dorise,Vernazza,dvernazza5m@reference.com,Female,35.139.183.36
204,Vanny,Sommerville,vsommerville5n@arizona.edu,Female,152.19.224.201
205,Susann,Prickett,sprickett5o@amazon.co.uk,Female,43.238.41.86
206,Lu,Bifield,lbifield5p@yolasite.com,Genderqueer,29.22.9.1
207,Giovanna,Gierck,ggierck5q@biblegateway.com,Female,155.190.223.114
208,Whitman,Fretter,wfretter5r@whitehouse.gov,Male,77.27.61.34
209,Clea,Measey,cmeasey5s@arizona.edu,Female,207.86.219.64
210,Yul,Elman,yelman5t@flavors.me,Male,250.142.55.38
211,Bourke,Trench,btrench5u@loc.gov,Male,133.230.28.100
212,Diane-marie,Panchin,dpanchin5v@weather.com,Female,73.104.194.15
213,Jeannie,Pesik,jpesik5w@addtoany.com,Female,14.7.172.87
214,Jackson,Gytesham,jgytesham5x@cisco.com,Male,127.81.69.98
215,Janaya,Bygreaves,jbygreaves5y@microsoft.com,Female,12.203.82.9
216,Clifford,Dunley,cdunley5z@cnn.com,Male,7.41.5.212
217,Lilas,Frankiewicz,lfrankiewicz60@feedburner.com,Female,197.130.100.223
218,Haleigh,Flexman,hflexman61@google.co.jp,Male,147.168.84.153
219,Aloisia,Kordt,akordt62@ehow.com,Female,54.20.3.214
220,Ruthie,Flobert,rflobert63@istockphoto.com,Female,5.65.112.130
221,Barbabas,Norres,bnorres64@geocities.jp,Male,11.88.204.195
222,Jacquelynn,Danelet,jdanelet65@printfriendly.com,Female,255.226.21.182
223,Dode,Noury,dnoury66@amazonaws.com,Female,208.26.116.195
224,Tucker,Sapauton,tsapauton67@fotki.com,Non-binary,128.58.1.44
225,Major,MacNeil,mmacneil68@independent.co.uk,Genderqueer,138.182.204.114
226,Joachim,Brooksbie,jbrooksbie69@com.com,Male,6.201.155.37
227,Glynda,Willingham,gwillingham6a@guardian.co.uk,Female,85.127.1.142
228,Raina,Gannan,rgannan6b@thetimes.co.uk,Genderqueer,83.31.77.170
229,Kristyn,Bowhay,kbowhay6c@google.de,Female,230.198.206.225
230,Magdalen,Roseblade,mroseblade6d@hugedomains.com,Female,137.250.26.179
231,Carolina,Mothersdale,cmothersdale6e@soup.io,Female,216.86.160.99
232,Gloriana,Bowen,gbowen6f@newsvine.com,Female,250.188.15.163
233,Hurlee,Ring,hring6g@gmpg.org,Male,53.201.108.63
234,Daryl,Pitkethly,dpitkethly6h@google.es,Male,86.50.58.248
235,Dedra,Screase,dscrease6i@people.com.cn,Female,241.113.209.223
236,Jayme,Hullett,jhullett6j@uiuc.edu,Female,119.250.239.146
237,Laird,Mannix,lmannix6k@ucla.edu,Male,184.44.84.117
238,Isis,Winfred,iwinfred6l@answers.com,Female,36.106.142.182
239,Raine,Kirimaa,rkirimaa6m@oaic.gov.au,Female,92.185.215.0
240,Ellyn,Polle,epolle6n@aboutads.info,Female,137.142.222.68
241,Alonzo,Twyning,atwyning6o@bandcamp.com,Male,192.172.246.81
242,Noll,Joyce,njoyce6p@soundcloud.com,Male,102.37.231.108
243,Theo,Turvie,tturvie6q@dedecms.com,Female,45.58.242.1
244,Adamo,Dimmer,adimmer6r@technorati.com,Male,122.59.26.97
245,Ringo,Jery,rjery6s@mayoclinic.com,Male,115.0.2.143
246,Mitchel,Suart,msuart6t@cyberchimps.com,Male,132.57.227.159
247,Mateo,Hatfull,mhatfull6u@addtoany.com,Male,226.67.185.71
248,Nancie,Smithson,nsmithson6v@vk.com,Female,237.111.113.142
249,Deirdre,Hakonsson,dhakonsson6w@fema.gov,Female,20.90.33.146
250,Joseito,Slade,jslade6x@parallels.com,Male,102.219.49.210
251,Eugine,Boshier,eboshier6y@digg.com,Female,220.242.192.208
252,Cris,Forder,cforder6z@shop-pro.jp,Female,13.18.223.226
253,Carmen,O'Mohun,comohun70@npr.org,Female,134.90.214.110
254,Cornall,Sawkin,csawkin71@devhub.com,Male,245.186.159.93
255,Aurlie,Elsworth,aelsworth72@furl.net,Female,22.124.249.124
256,Edith,McDonough,emcdonough73@jalbum.net,Bigender,182.21.234.243
257,Lowell,Peddar,lpeddar74@wikispaces.com,Genderfluid,167.173.50.177
258,Lurette,Magarrell,lmagarrell75@addthis.com,Agender,40.132.20.205
259,Patrizia,Pye,ppye76@guardian.co.uk,Female,1.140.15.185
260,Arlin,Lahy,alahy77@vinaora.com,Male,188.3.159.32
261,Dani,Totterdell,dtotterdell78@feedburner.com,Genderfluid,200.144.139.188
262,Elsy,Cleaveland,ecleaveland79@w3.org,Bigender,197.13.65.33
263,Esteban,Poller,epoller7a@cargocollective.com,Male,169.3.3.133
264,Conni,Gaffer,cgaffer7b@paypal.com,Female,55.208.189.138
265,Marwin,Cazin,mcazin7c@europa.eu,Male,248.160.255.160
266,Ulrick,Killcross,ukillcross7d@sourceforge.net,Male,63.162.209.208
267,Cullie,Frederick,cfrederick7e@surveymonkey.com,Male,70.95.99.219
268,Ruperta,Dunmuir,rdunmuir7f@phpbb.com,Female,148.211.95.7
269,Cos,Dunaway,cdunaway7g@pinterest.com,Male,116.146.62.162
270,Gwenneth,Kigelman,gkigelman7h@flavors.me,Female,192.212.252.196
271,Roch,Renouf,rrenouf7i@hc360.com,Female,97.27.51.7
272,Daile,Oddie,doddie7j@ustream.tv,Female,244.57.41.167
273,Maiga,Hambers,mhambers7k@mapy.cz,Female,158.228.156.121
274,Hannis,Stanion,hstanion7l@chronoengine.com,Agender,90.61.177.229
275,Siffre,Ecclesall,secclesall7m@who.int,Male,22.168.127.34
276,Wyatt,Barnwell,wbarnwell7n@google.es,Male,40.171.31.74
277,Yolane,O'Hagan,yohagan7o@marketwatch.com,Female,164.182.146.56
278,Abran,Ikins,aikins7p@ovh.net,Male,141.255.169.165
279,Sada,Saphir,ssaphir7q@gizmodo.com,Female,167.137.141.1
280,Uri,Dreng,udreng7r@gmpg.org,Male,16.73.76.2
281,Emmett,Thynne,ethynne7s@hatena.ne.jp,Bigender,8.83.122.88
282,Titos,Batecok,tbatecok7t@facebook.com,Male,83.170.18.228
283,Mohandas,Popping,mpopping7u@sogou.com,Male,11.183.131.200
284,Katheryn,Duran,kduran7v@constantcontact.com,Female,121.112.99.18
285,Stacee,Strass,sstrass7w@amazon.com,Female,51.185.72.68
286,Janella,McKechnie,jmckechnie7x@microsoft.com,Female,55.58.226.8
287,Sig,Dyball,sdyball7y@examiner.com,Male,46.213.109.122
288,Ingeberg,Vurley,ivurley7z@noaa.gov,Female,169.205.246.81
289,Daniel,Josipovitz,djosipovitz80@yellowbook.com,Male,6.25.94.137
290,Wanids,Klink,wklink81@gmpg.org,Female,99.251.193.182
291,Terrel,Aylwin,taylwin82@pen.io,Male,161.186.131.34
292,Aidan,Gianasi,agianasi83@newsvine.com,Female,111.229.211.106
293,Merl,Linwood,mlinwood84@sina.com.cn,Female,8.8.224.110
294,Guinevere,Tenny,gtenny85@army.mil,Bigender,77.32.6.76
295,Chantal,Hyne,chyne86@drupal.org,Female,71.21.238.119
296,Marketa,Leonard,mleonard87@reddit.com,Female,143.248.95.226
297,Conrade,Terbrugge,cterbrugge88@w3.org,Male,9.214.101.142
298,Ennis,Uwins,euwins89@sogou.com,Male,74.26.27.199
299,Ardeen,Toffts,atoffts8a@php.net,Female,243.213.129.254
300,Kain,Busain,kbusain8b@samsung.com,Male,84.26.15.27
301,Patric,Paulmann,ppaulmann8c@smh.com.au,Male,172.127.157.152
302,Jennine,Jeppe,jjeppe8d@about.com,Female,35.89.131.36
303,Franciskus,Palomba,fpalomba8e@fema.gov,Male,180.244.12.0
304,Tammy,Haygreen,thaygreen8f@icq.com,Female,59.219.95.129
305,Leo,Kase,lkase8g@soundcloud.com,Male,88.66.161.162
306,Austin,Powrie,apowrie8h@rediff.com,Genderfluid,29.180.175.203
307,Peggi,Hutchison,phutchison8i@springer.com,Female,253.45.99.193
308,Boot,Seabright,bseabright8j@macromedia.com,Male,42.243.96.28
309,Malinde,Worsham,mworsham8k@parallels.com,Female,108.185.179.152
310,Tiphanie,Keigher,tkeigher8l@yahoo.com,Genderqueer,77.149.61.120
311,Trudie,Gildroy,tgildroy8m@marketwatch.com,Female,78.146.24.228
312,Crawford,Bennie,cbennie8n@webnode.com,Male,139.249.233.184
313,Jereme,Davidow,jdavidow8o@t-online.de,Male,42.194.214.233
314,Douglas,Calkin,dcalkin8p@a8.net,Male,70.175.7.45
315,Sterling,Howlett,showlett8q@merriam-webster.com,Male,66.133.32.105
316,Zaria,Todarini,ztodarini8r@paginegialle.it,Female,138.138.212.182
317,Carmelita,Perrett,cperrett8s@amazon.com,Female,128.244.186.171
318,Chan,Jersh,cjersh8t@nationalgeographic.com,Male,168.171.228.205
319,Josias,Steanyng,jsteanyng8u@ezinearticles.com,Male,154.206.85.211
320,Tiler,Kyneton,tkyneton8v@sitemeter.com,Agender,129.39.20.210
321,Erica,Goodlett,egoodlett8w@etsy.com,Female,109.132.115.8
322,Averyl,Jeffries,ajeffries8x@barnesandnoble.com,Female,198.195.172.187
323,Joell,Doumerque,jdoumerque8y@bloglovin.com,Female,81.176.186.68
324,Paulina,Swanson,pswanson8z@xing.com,Female,198.20.254.46
325,Barclay,Statersfield,bstatersfield90@blinklist.com,Male,164.68.135.23
326,Filmer,Oldroyde,foldroyde91@hubpages.com,Male,76.242.113.140
327,Brien,Penman,bpenman92@msn.com,Male,244.191.216.66
328,Karole,Craigheid,kcraigheid93@deviantart.com,Female,106.149.114.255
329,Kathryn,Shuxsmith,kshuxsmith94@usnews.com,Agender,199.38.232.46
330,Tammy,Poston,tposton95@earthlink.net,Female,166.193.223.240
331,Flory,Ticksall,fticksall96@opera.com,Genderqueer,211.41.18.118
332,Jacinthe,Fish,jfish97@amazon.com,Female,195.63.229.156
333,Nat,Goligher,ngoligher98@boston.com,Male,50.21.2.208
334,Selia,Winter,swinter99@yellowpages.com,Female,213.124.144.129
335,Maximilianus,Wolford,mwolford9a@nbcnews.com,Male,174.120.14.211
336,Coraline,Gennerich,cgennerich9b@cbc.ca,Female,95.176.234.203
337,Eveline,Darby,edarby9c@flavors.me,Genderqueer,112.11.117.204
338,Kathlin,Boscher,kboscher9d@va.gov,Female,197.41.58.52
339,Raven,Erridge,rerridge9e@bigcartel.com,Female,148.1.101.179
340,Jilleen,Bartel,jbartel9f@reddit.com,Female,147.207.190.95
341,Tammy,Sudron,tsudron9g@columbia.edu,Non-binary,248.246.85.232
342,Beale,Le Pruvost,blepruvost9h@yale.edu,Male,167.108.218.188
343,Aretha,Casari,acasari9i@foxnews.com,Agender,35.179.226.195
344,Isador,Margiotta,imargiotta9j@tinypic.com,Male,155.137.230.159
345,Carolyne,Antowski,cantowski9k@photobucket.com,Female,217.132.150.166
346,Ransom,Wendover,rwendover9l@time.com,Male,97.105.46.200
347,Daryn,Pidon,dpidon9m@gizmodo.com,Female,95.167.101.7
348,Noreen,Millson,nmillson9n@engadget.com,Female,23.16.164.249
349,Laney,Puddefoot,lpuddefoot9o@privacy.gov.au,Female,13.213.23.117
350,Happy,McBryde,hmcbryde9p@virginia.edu,Non-binary,25.174.238.77
351,Alina,Gheorghescu,agheorghescu9q@globo.com,Female,100.159.246.83
352,Cissiee,Wakelam,cwakelam9r@woothemes.com,Female,245.140.52.50
353,Shayne,Setford,ssetford9s@360.cn,Male,173.195.28.176
354,Ninette,Lepere,nlepere9t@howstuffworks.com,Female,67.26.49.97
355,Caryn,Dufore,cdufore9u@netvibes.com,Female,48.64.34.214
356,Antonetta,Schapero,aschapero9v@angelfire.com,Female,232.216.26.61
357,Kalle,Hawkey,khawkey9w@nationalgeographic.com,Male,116.189.43.172
358,Morten,Grzelak,mgrzelak9x@ft.com,Male,67.161.94.197
359,Duffie,Dalley,ddalley9y@blogs.com,Male,83.146.54.175
360,Erick,Fellenor,efellenor9z@dropbox.com,Male,201.210.16.215
361,Rhoda,Bainton,rbaintona0@deliciousdays.com,Female,211.240.139.81
362,Risa,Ponder,rpondera1@omniture.com,Female,18.118.6.71
363,Elfrida,Burgess,eburgessa2@bloomberg.com,Female,228.146.245.117
364,Waylon,Kleinplatz,wkleinplatza3@zimbio.com,Male,252.77.132.183
365,Brittni,Angrock,bangrocka4@hp.com,Female,221.112.120.138
366,Wolfgang,Letchford,wletchforda5@virginia.edu,Male,12.238.133.176
367,Ariana,Steger,astegera6@posterous.com,Female,107.173.90.45
368,Raimund,Richel,rrichela7@yellowpages.com,Male,169.207.185.159
369,Thayne,Duffrie,tduffriea8@sphinn.com,Genderfluid,7.218.181.91
370,Bord,Ramshay,bramshaya9@phoca.cz,Male,165.149.32.37
371,Shelbi,Killich,skillichaa@upenn.edu,Female,145.16.163.8
372,Raychel,Ryhorovich,rryhorovichab@tmall.com,Female,57.150.225.27
373,Hali,Corzor,hcorzorac@angelfire.com,Female,124.40.6.27
374,Crichton,Ormes,cormesad@auda.org.au,Male,81.116.137.182
375,Kelcey,Dillet,kdilletae@mozilla.org,Female,98.33.164.143
376,Sergeant,Troucher,stroucheraf@amazon.com,Male,245.48.38.244
377,Gun,Revance,grevanceag@salon.com,Male,132.195.61.83
378,Marlene,Parnham,mparnhamah@house.gov,Female,234.255.245.64
379,Alane,Afonso,aafonsoai@twitter.com,Female,94.1.38.239
380,Marleah,Wagnerin,mwagnerinaj@bbc.co.uk,Female,155.25.169.62
381,Fionna,Stovin,fstovinak@fema.gov,Agender,202.201.95.77
382,Dicky,Butte,dbutteal@miibeian.gov.cn,Male,149.30.127.14
383,Paxon,Valentelli,pvalentelliam@wsj.com,Male,0.62.199.103
384,Winny,Hooban,whoobanan@narod.ru,Female,17.80.40.204
385,Carlee,McAulay,cmcaulayao@wp.com,Female,196.140.70.165
386,Fredia,Corrett,fcorrettap@webnode.com,Female,223.84.106.73
387,Melina,Lazarus,mlazarusaq@nasa.gov,Female,164.63.60.214
388,Staford,Wheatland,swheatlandar@illinois.edu,Male,67.175.9.159
389,Jerrome,Alexandre,jalexandreas@typepad.com,Male,186.89.49.219
390,Kyle,Konerding,kkonerdingat@bandcamp.com,Male,156.86.194.79
391,Bree,Rubert,brubertau@taobao.com,Female,141.27.29.228
392,Chrisy,Dizlie,cdizlieav@privacy.gov.au,Male,217.234.182.120
393,Artie,Dearden,adeardenaw@desdev.cn,Male,0.63.2.129
394,Matthieu,Espadero,mespaderoax@twitpic.com,Male,133.249.172.98
395,Virginia,Johanning,vjohanningay@w3.org,Female,195.51.18.189
396,Merrill,Palmer,mpalmeraz@shinystat.com,Female,74.22.231.178
397,Chad,Benley,cbenleyb0@vistaprint.com,Female,173.110.193.94
398,Godfree,Hollows,ghollowsb1@umich.edu,Male,177.144.3.214
399,Clare,Capel,ccapelb2@indiatimes.com,Polygender,97.246.244.27
400,Morse,Matantsev,mmatantsevb3@bing.com,Male,228.195.128.44
401,Phylys,Chittenden,pchittendenb4@ehow.com,Female,43.111.147.92
402,Norah,Aleksich,naleksichb5@economist.com,Female,30.96.176.202
403,Nicoline,Usborn,nusbornb6@bloomberg.com,Female,107.226.173.62
404,Issiah,Newbury,inewburyb7@vkontakte.ru,Male,171.179.184.64
405,Abner,Bowler,abowlerb8@ezinearticles.com,Male,148.202.9.175
406,Onfroi,Bromwich,obromwichb9@epa.gov,Male,148.231.37.243
407,Garner,Taffee,gtaffeeba@163.com,Agender,194.236.74.182
408,Eustace,De Cristofalo,edecristofalobb@dagondesign.com,Male,122.237.169.89
409,Edlin,Tuckey,etuckeybc@phpbb.com,Male,74.196.65.63
410,Gabby,Kanter,gkanterbd@arstechnica.com,Male,197.225.101.21
411,Kiley,Diprose,kdiprosebe@ebay.com,Female,229.237.15.246
412,Demetri,Laughlan,dlaughlanbf@nationalgeographic.com,Male,173.14.237.151
413,Camel,Linklet,clinkletbg@taobao.com,Female,145.66.115.20
414,Mikaela,Ismead,mismeadbh@wix.com,Female,116.206.9.100
415,Aleda,Froome,afroomebi@webs.com,Non-binary,10.202.251.41
416,Patricio,Sudran,psudranbj@baidu.com,Bigender,217.188.181.172
417,Cliff,Barkes,cbarkesbk@t-online.de,Male,88.155.27.174
418,Sinclare,Crawford,scrawfordbl@exblog.jp,Male,68.189.57.31
419,Dianna,Bunting,dbuntingbm@google.co.uk,Female,13.85.203.184
420,Fenelia,Folcarelli,ffolcarellibn@github.io,Female,177.39.213.189
421,Myer,Thebeaud,mthebeaudbo@squarespace.com,Male,149.220.165.193
422,Friederike,Rilston,frilstonbp@mlb.com,Female,165.134.196.142
423,Kendre,Gatland,kgatlandbq@domainmarket.com,Female,141.238.88.225
424,Inger,Orta,iortabr@gravatar.com,Male,119.251.253.30
425,Nil,Tumilson,ntumilsonbs@mozilla.org,Male,44.64.192.157
426,Agnesse,Farrey,afarreybt@phpbb.com,Female,194.151.110.19
427,Thadeus,Quinet,tquinetbu@latimes.com,Male,66.142.78.176
428,Seline,Scarsbrooke,sscarsbrookebv@ed.gov,Female,177.223.89.13
429,Alfreda,Glantz,aglantzbw@google.fr,Female,125.18.127.179
430,Tyler,Basketfield,tbasketfieldbx@cocolog-nifty.com,Male,245.199.64.229
431,Iorgo,Houdhury,ihoudhuryby@icq.com,Male,172.125.145.177
432,Jillana,Chislett,jchislettbz@arizona.edu,Female,90.49.39.58
433,Hart,Gladtbach,hgladtbachc0@yahoo.co.jp,Male,26.244.7.19
434,Olivero,Capp,ocappc1@msu.edu,Male,62.146.243.244
435,Jdavie,MacAirt,jmacairtc2@networksolutions.com,Male,173.12.253.47
436,Lisha,Rookesby,lrookesbyc3@imdb.com,Female,53.112.158.21
437,Vida,Pyett,vpyettc4@bing.com,Female,75.80.21.219
438,Trumann,Vasyushkhin,tvasyushkhinc5@goodreads.com,Male,227.129.214.17
439,Charleen,Burbank,cburbankc6@reuters.com,Female,120.148.223.197
440,Derrick,Levine,dlevinec7@woothemes.com,Male,223.222.134.61
441,Jude,Alster,jalsterc8@prweb.com,Male,194.45.236.240
442,Aurthur,Brentnall,abrentnallc9@bravesites.com,Male,236.14.82.85
443,Noam,Rolfi,nrolfica@salon.com,Male,180.71.24.66
444,Benton,Hedney,bhedneycb@simplemachines.org,Genderfluid,218.225.177.140
445,Ellen,Easson,eeassoncc@ebay.com,Female,165.43.125.88
446,Gerard,Stilwell,gstilwellcd@pagesperso-orange.fr,Male,161.42.182.12
447,Joscelin,Sives,jsivesce@slideshare.net,Female,131.100.249.254
448,Killy,Pietzker,kpietzkercf@google.fr,Male,79.142.45.113
449,Nickie,Pedlow,npedlowcg@1688.com,Female,103.183.22.111
450,Virginie,Gabby,vgabbych@i2i.jp,Female,204.61.144.128
451,Jacinthe,Cockhill,jcockhillci@diigo.com,Female,64.90.129.219
452,Perry,Lamont,plamontcj@themeforest.net,Female,45.139.117.255
453,Gilli,Braybrooke,gbraybrookeck@netvibes.com,Female,195.252.64.87
454,Gerick,Asipenko,gasipenkocl@uol.com.br,Male,241.34.71.191
455,Tull,Brislen,tbrislencm@microsoft.com,Male,148.179.139.137
456,Gris,Casa,gcasacn@businesswire.com,Male,11.144.124.17
457,Sansone,Clabburn,sclabburnco@mtv.com,Male,28.38.97.123
458,Gillian,Winyard,gwinyardcp@phoca.cz,Female,130.21.178.213
459,Stephi,Ilyasov,silyasovcq@artisteer.com,Female,8.35.71.1
460,Dagmar,Kellaway,dkellawaycr@cbsnews.com,Female,21.168.18.124
461,Linus,Bortoluzzi,lbortoluzzics@infoseek.co.jp,Male,20.227.27.20
462,Lombard,Erdes,lerdesct@geocities.jp,Male,110.162.153.81
463,Hynda,Dwight,hdwightcu@nymag.com,Genderqueer,112.209.216.216
464,Eva,McKmurrie,emckmurriecv@storify.com,Female,210.255.177.95
465,Dolorita,Cowhig,dcowhigcw@blog.com,Agender,68.126.215.1
466,Eilis,Tolworthie,etolworthiecx@amazonaws.com,Female,77.215.187.136
467,Shae,Rove,srovecy@typepad.com,Female,29.38.112.75
468,Georgine,Fouracre,gfouracrecz@is.gd,Female,104.120.98.96
469,Christyna,Verrills,cverrillsd0@amazon.de,Female,128.221.180.77
470,Drake,Humberston,dhumberstond1@de.vu,Male,195.110.178.216
471,Ashil,Attride,aattrided2@oracle.com,Female,111.233.230.120
472,Cory,Gilffillan,cgilffilland3@mayoclinic.com,Female,187.219.23.117
473,Othilia,Wilse,owilsed4@sogou.com,Female,188.244.96.108
474,Emili,Menure,emenured5@archive.org,Female,196.7.15.165
475,Miltie,Capponeer,mcapponeerd6@tiny.cc,Male,84.152.213.13
476,Davide,Izaks,dizaksd7@shop-pro.jp,Non-binary,139.217.25.128
477,Kirsteni,Giacopelo,kgiacopelod8@google.co.uk,Female,42.207.109.243
478,Isidoro,Peabody,ipeabodyd9@dailymotion.com,Male,157.246.216.127
479,Anthony,Deakan,adeakanda@goodreads.com,Male,101.154.36.110
480,Shina,Pixton,spixtondb@tripadvisor.com,Female,11.118.31.103
481,Christan,Crabb,ccrabbdc@berkeley.edu,Female,109.88.116.236
482,Valentine,Rawles,vrawlesdd@w3.org,Male,37.180.132.183
483,Rachel,Coite,rcoitede@webs.com,Female,147.44.53.89
484,Merlina,Le Page,mlepagedf@xinhuanet.com,Female,233.159.245.227
485,Delmore,Yaakov,dyaakovdg@github.io,Male,45.220.6.18
486,Ofilia,Botting,obottingdh@cnet.com,Non-binary,33.3.232.241
487,Thomasa,Shrubsall,tshrubsalldi@amazon.de,Female,176.126.74.68
488,Natalie,Lermouth,nlermouthdj@techcrunch.com,Female,3.59.219.108
489,Arron,Swan,aswandk@ted.com,Male,92.99.172.100
490,Wallas,Purnell,wpurnelldl@sakura.ne.jp,Male,211.208.143.155
491,Dwight,Lawrey,dlawreydm@princeton.edu,Male,240.3.165.134
492,Sutton,Brumham,sbrumhamdn@woothemes.com,Male,18.158.89.197
493,Vite,Abramow,vabramowdo@printfriendly.com,Male,158.46.131.122
494,Alick,Hamill,ahamilldp@devhub.com,Male,45.13.68.178
495,Kathlin,St Angel,kstangeldq@ed.gov,Female,120.122.84.159
496,Ingeberg,Althrop,ialthropdr@gov.uk,Female,146.124.250.141
497,Cristabel,Mongan,cmongands@163.com,Female,212.53.242.79
498,Umberto,Menear,umeneardt@mozilla.com,Male,220.225.16.82
499,Tamara,MacTrustrie,tmactrustriedu@github.com,Female,72.63.135.137
500,Moll,Kill,mkilldv@ox.ac.uk,Female,43.175.37.71
501,Lark,Humburton,lhumburtondw@tinyurl.com,Female,215.228.48.15
502,Sonny,Raikes,sraikesdx@ftc.gov,Male,252.156.244.177
503,Wilburt,Vorley,wvorleydy@youtu.be,Male,102.182.1.172
504,Bianca,Piet,bpietdz@independent.co.uk,Female,201.148.186.8
505,Cinda,Rippen,crippene0@jiathis.com,Female,195.218.250.124
506,Aimil,Ortells,aortellse1@apache.org,Female,152.88.114.220
507,Budd,Gowthorpe,bgowthorpee2@friendfeed.com,Male,99.37.10.229
508,Candi,Wisdish,cwisdishe3@webeden.co.uk,Polygender,85.252.15.189
509,Evie,Wortman,ewortmane4@bloomberg.com,Female,21.235.247.136
510,Martynne,Bartozzi,mbartozzie5@csmonitor.com,Female,45.118.84.254
511,Cassondra,Ferre,cferree6@japanpost.jp,Female,22.243.237.78
512,Arabela,Dowry,adowrye7@google.nl,Female,195.22.234.118
513,Nolly,Fritschmann,nfritschmanne8@howstuffworks.com,Male,78.1.232.34
514,Idell,Putt,iputte9@xinhuanet.com,Female,101.120.65.1
515,Laurent,Dorney,ldorneyea@privacy.gov.au,Bigender,243.21.136.106
516,Tull,Seyffert,tseyfferteb@123-reg.co.uk,Male,62.154.100.146
517,Yankee,Ebbett,yebbettec@networksolutions.com,Male,86.233.198.233
518,Bertine,Corradengo,bcorradengoed@miitbeian.gov.cn,Female,132.158.123.100
519,Marga,Pardoe,mpardoeee@lulu.com,Female,83.105.184.46
520,Ebony,Krystof,ekrystofef@liveinternet.ru,Female,226.154.21.196
521,Roxanna,Greschke,rgreschkeeg@hhs.gov,Female,174.171.11.55
522,Dasie,Lillistone,dlillistoneeh@cafepress.com,Female,173.242.237.241
523,Vassili,Biers,vbiersei@pbs.org,Male,106.117.83.155
524,Sharyl,Revance,srevanceej@shareasale.com,Female,159.232.170.63
525,Vanny,Maling,vmalingek@bloomberg.com,Female,82.138.125.187
526,Tim,Treleven,ttrelevenel@dagondesign.com,Male,13.65.30.26
527,Hyacinthia,Lars,hlarsem@answers.com,Female,161.1.0.33
528,Clementine,Aleshkov,caleshkoven@nbcnews.com,Female,53.28.68.72
529,Garey,Richens,grichenseo@twitpic.com,Male,9.190.248.70
530,Rachel,Hobben,rhobbenep@freewebs.com,Female,149.253.139.171
531,Bevan,Avraam,bavraameq@gizmodo.com,Male,131.131.85.179
532,Miltie,Bowlas,mbowlaser@ask.com,Male,149.98.6.178
533,Rani,Dickenson,rdickensones@odnoklassniki.ru,Female,221.94.15.252
534,Adair,Week,aweeket@pbs.org,Male,107.23.75.204
535,Jen,Saice,jsaiceeu@sogou.com,Female,32.110.106.157
536,Israel,Clynter,iclynterev@hp.com,Polygender,106.219.56.15
537,Delly,Donnett,ddonnettew@mysql.com,Female,6.9.57.233
538,Abbot,Longland,alonglandex@goo.ne.jp,Male,245.80.23.188
539,Erhart,Bunce,ebunceey@house.gov,Male,149.51.110.191
540,Alena,Allonby,aallonbyez@theglobeandmail.com,Female,179.236.78.192
541,Josepha,Wavish,jwavishf0@ted.com,Female,16.101.175.223
542,Jacki,Blader,jbladerf1@hc360.com,Female,169.241.141.113
543,Koenraad,Nelthorp,knelthorpf2@ucoz.ru,Male,105.241.9.8
544,Annis,Stolte,astoltef3@odnoklassniki.ru,Female,122.80.159.50
545,Ophelie,Rabbitt,orabbittf4@hhs.gov,Female,219.62.198.172
546,Englebert,Ellissen,eellissenf5@dot.gov,Male,136.91.208.179
547,Murvyn,Clemmow,mclemmowf6@amazon.com,Male,100.57.121.217
548,Marlin,Imlach,mimlachf7@ibm.com,Male,165.204.169.137
549,Harvey,Feldmark,hfeldmarkf8@fastcompany.com,Male,234.249.120.225
550,Oby,Dene,odenef9@ow.ly,Male,203.188.54.235
551,Pamela,Helleckas,phelleckasfa@google.co.jp,Bigender,2.207.204.19
552,Booth,Phillott,bphillottfb@hhs.gov,Male,151.215.34.171
553,Remus,Draisey,rdraiseyfc@xing.com,Male,237.30.123.237
554,Willow,Scutter,wscutterfd@nih.gov,Female,7.49.38.233
555,Thedric,Gottelier,tgottelierfe@unicef.org,Male,50.209.81.249
556,Ameline,Hardacre,ahardacreff@ebay.com,Non-binary,11.19.190.182
557,Salvador,Trytsman,strytsmanfg@nhs.uk,Male,169.143.87.86
558,Audry,Saggs,asaggsfh@squarespace.com,Female,229.222.65.70
559,Jessy,Ruselin,jruselinfi@cmu.edu,Female,251.46.21.197
560,Yule,Hayley,yhayleyfj@illinois.edu,Male,244.43.29.117
561,Myrtle,Daniaud,mdaniaudfk@blogger.com,Female,80.65.81.62
562,Batholomew,Smullen,bsmullenfl@berkeley.edu,Male,108.176.92.232
563,Nollie,Sconce,nsconcefm@123-reg.co.uk,Female,222.144.136.199
564,Hagen,Adkin,hadkinfn@time.com,Agender,79.214.236.48
565,Gianni,Marc,gmarcfo@opensource.org,Male,252.28.120.17
566,Adelice,O'Bradane,aobradanefp@e-recht24.de,Female,81.63.193.72
567,Woodman,Pott,wpottfq@prnewswire.com,Male,93.140.186.132
568,Gery,Marven,gmarvenfr@chicagotribune.com,Male,91.201.135.86
569,Genvieve,McIlwaine,gmcilwainefs@marriott.com,Non-binary,40.213.202.27
570,Artemus,Barwack,abarwackft@hud.gov,Male,151.67.9.9
571,Meta,Dulton,mdultonfu@bandcamp.com,Female,29.19.74.76
572,Rosa,Kimmings,rkimmingsfv@twitpic.com,Female,119.68.121.215
573,Thatcher,Triplow,ttriplowfw@tinypic.com,Male,149.207.108.64
574,Noelani,O'Doran,nodoranfx@census.gov,Female,127.116.225.161
575,Saba,McPhail,smcphailfy@joomla.org,Female,49.110.142.201
576,Chrissy,Bugs,cbugsfz@hud.gov,Female,80.74.7.21
577,Kendre,Ascough,kascoughg0@ucoz.com,Female,86.30.182.70
578,Angelica,Romney,aromneyg1@loc.gov,Female,55.198.230.164
579,Pavla,Lawranson,plawransong2@pagesperso-orange.fr,Female,79.239.69.102
580,Marabel,Tokell,mtokellg3@sakura.ne.jp,Female,182.84.127.47
581,Shalne,Gleed,sgleedg4@umn.edu,Female,138.180.58.231
582,Adriaens,Perryman,aperrymang5@clickbank.net,Genderqueer,63.150.45.249
583,Archy,Langstone,alangstoneg6@cbslocal.com,Male,24.23.71.165
584,Bernhard,Tackell,btackellg7@harvard.edu,Male,116.43.223.19
585,Imelda,Melbert,imelbertg8@youtube.com,Female,118.235.106.214
586,Dallas,Stabler,dstablerg9@naver.com,Female,21.196.139.241
587,Gaylene,Beazley,gbeazleyga@nature.com,Female,132.81.235.247
588,Griff,Kelson,gkelsongb@ow.ly,Male,18.41.233.244
589,Hinze,Sale,hsalegc@engadget.com,Male,149.228.198.55
590,Ram,Gratton,rgrattongd@elegantthemes.com,Male,118.245.211.106
591,Vladimir,Straneo,vstraneoge@noaa.gov,Bigender,150.131.54.123
592,Aime,Pinner,apinnergf@symantec.com,Female,236.238.205.28
593,Arline,Arnison,aarnisongg@senate.gov,Female,110.224.209.233
594,Odele,Cody,ocodygh@cargocollective.com,Female,86.42.52.199
595,Adair,Alibone,aalibonegi@dailymail.co.uk,Male,88.74.136.235
596,Ardelis,Vauls,avaulsgj@yandex.ru,Female,141.235.107.2
597,Adriana,Farlamb,afarlambgk@printfriendly.com,Female,235.112.190.166
598,Ezequiel,Leyson,eleysongl@who.int,Male,234.158.116.145
599,Brnaba,Barrett,bbarrettgm@businesswire.com,Male,212.205.184.156
600,Aime,Slay,aslaygn@fema.gov,Female,175.105.130.116
601,Lotte,Ahrendsen,lahrendsengo@angelfire.com,Polygender,219.151.219.42
602,Case,Giacovetti,cgiacovettigp@chron.com,Male,18.111.211.235
603,Byrann,Pursglove,bpursglovegq@typepad.com,Genderqueer,33.55.191.183
604,Elianora,Denniss,edennissgr@pcworld.com,Female,118.56.54.65
605,Gifford,Hynde,ghyndegs@nbcnews.com,Male,253.242.254.28
606,Estell,Farfalameev,efarfalameevgt@ucoz.com,Female,147.102.225.68
607,Itch,Pea,ipeagu@utexas.edu,Genderqueer,109.198.31.178
608,Felicle,Checklin,fchecklingv@cdbaby.com,Female,250.26.83.187
609,Kally,Trott,ktrottgw@nature.com,Female,162.144.177.163
610,Antoni,Bonnavant,abonnavantgx@theatlantic.com,Male,91.109.195.138
611,Cathrine,Meneely,cmeneelygy@cnet.com,Female,39.123.63.128
612,Mufinella,Tweedie,mtweediegz@booking.com,Female,176.177.69.118
613,Barbabra,Glassup,bglassuph0@symantec.com,Female,124.71.60.238
614,Marget,Ewells,mewellsh1@ifeng.com,Female,59.165.155.119
615,Alexandr,Dunsford,adunsfordh2@time.com,Male,238.167.223.154
616,Nonah,Wibrow,nwibrowh3@g.co,Female,243.253.110.5
617,Marga,Skotcher,mskotcherh4@myspace.com,Female,131.27.194.11
618,Kimberley,Forty,kfortyh5@creativecommons.org,Female,175.150.197.119
619,Barton,Batie,bbatieh6@sfgate.com,Male,180.55.31.179
620,Liz,Fairbridge,lfairbridgeh7@live.com,Female,100.160.2.23
621,Brana,Pacquet,bpacqueth8@paypal.com,Female,16.252.0.201
622,Theodosia,Gotliffe,tgotliffeh9@sun.com,Female,51.107.79.80
623,Hazel,Shawe,hshaweha@cbc.ca,Male,147.201.217.120
624,Sylas,Gudgeon,sgudgeonhb@4shared.com,Male,241.225.19.210
625,Sybil,Drysdall,sdrysdallhc@walmart.com,Female,84.112.221.65
626,Adelaida,Sleep,asleephd@gravatar.com,Female,227.149.23.163
627,Normie,Robardet,nrobardethe@accuweather.com,Genderfluid,114.99.167.28
628,Garald,Dwelley,gdwelleyhf@aol.com,Male,26.165.161.69
629,Stephanie,Grimmer,sgrimmerhg@marriott.com,Female,200.199.235.54
630,Neille,Epperson,neppersonhh@creativecommons.org,Female,22.175.211.166
631,Gray,Tellett,gtelletthi@alibaba.com,Female,217.193.72.22
632,Andrew,Keyes,akeyeshj@google.com,Male,195.23.20.41
633,Sean,Varsey,svarseyhk@patch.com,Male,172.46.85.87
634,Noll,Johannes,njohanneshl@gnu.org,Male,110.13.59.214
635,Nessy,Gherardini,ngherardinihm@t-online.de,Non-binary,216.99.200.17
636,Fiona,Reignard,freignardhn@wikispaces.com,Female,135.119.138.191
637,Brewster,Stango,bstangoho@vk.com,Male,173.15.33.198
638,Harbert,Romaint,hromainthp@europa.eu,Male,183.85.103.87
639,Port,Burchill,pburchillhq@de.vu,Male,4.108.97.102
640,Izzy,Bland,iblandhr@moonfruit.com,Male,76.36.223.134
641,Laurette,Lugsdin,llugsdinhs@washington.edu,Female,76.5.39.27
642,Melvyn,Mc Grath,mmcgrathht@bravesites.com,Male,133.18.22.78
643,Farlay,Davis,fdavishu@meetup.com,Male,54.73.194.254
644,Alair,Colisbe,acolisbehv@nyu.edu,Male,111.207.199.84
645,Nicola,Blakeman,nblakemanhw@e-recht24.de,Male,115.47.201.108
646,Carri,Carswell,ccarswellhx@discovery.com,Female,129.38.180.32
647,Muire,Atley,matleyhy@people.com.cn,Female,142.59.44.98
648,Cleavland,Pala,cpalahz@toplist.cz,Male,18.23.189.107
649,Knox,Bradder,kbradderi0@1688.com,Male,75.140.38.11
650,Filippo,Whaymand,fwhaymandi1@hugedomains.com,Male,110.182.48.169
651,Malinde,Ruppelin,mruppelini2@google.cn,Female,43.100.111.26
652,Daveta,Davys,ddavysi3@who.int,Female,151.207.246.223
653,Jacinta,Wipfler,jwipfleri4@craigslist.org,Genderqueer,229.146.101.103
654,Alfred,Brumwell,abrumwelli5@xrea.com,Male,55.48.210.10
655,Lorain,Danielsohn,ldanielsohni6@bbc.co.uk,Non-binary,221.12.70.145
656,Gare,Brannan,gbrannani7@sitemeter.com,Male,62.97.170.106
657,Felix,McGloin,fmcgloini8@bravesites.com,Genderfluid,236.98.9.196
658,Mimi,Coles,mcolesi9@live.com,Female,146.170.114.92
659,Clementius,Harkin,charkinia@acquirethisname.com,Male,28.244.160.14
660,Mort,Tydeman,mtydemanib@cpanel.net,Polygender,143.87.243.87
661,Clarabelle,Varley,cvarleyic@soundcloud.com,Female,49.84.136.90
662,Nita,MacGorley,nmacgorleyid@yale.edu,Female,207.91.33.24
663,Freida,Dunbabin,fdunbabinie@jugem.jp,Female,105.139.202.210
664,Winston,MacKerley,wmackerleyif@dmoz.org,Male,125.69.241.96
665,Erna,Goldthorp,egoldthorpig@lulu.com,Polygender,212.185.242.66
666,Lothario,Attenbarrow,lattenbarrowih@vk.com,Male,99.190.145.230
667,Rance,Rattery,rratteryii@gov.uk,Male,130.139.182.252
668,Idelle,Watt,iwattij@deliciousdays.com,Female,189.54.204.12
669,Bud,Bertolin,bbertolinik@google.com.au,Male,55.35.223.84
670,Tiebout,Swadlin,tswadlinil@moonfruit.com,Male,145.60.214.33
671,Marylynne,Kippin,mkippinim@mediafire.com,Female,249.221.242.252
672,Nicola,Doveston,ndovestonin@mit.edu,Female,218.6.125.1
673,Alison,Dearl,adearlio@w3.org,Female,248.216.101.102
674,Gloria,Kobpal,gkobpalip@geocities.jp,Female,79.210.226.85
675,Frederica,Lermit,flermitiq@cam.ac.uk,Female,29.176.41.162
676,Adelle,Attwill,aattwillir@examiner.com,Bigender,132.31.27.241
677,Carlin,Bugler,cbugleris@seattletimes.com,Female,63.165.36.203
678,Beaufort,Broxap,bbroxapit@quantcast.com,Male,199.149.70.172
679,Hersch,Footitt,hfootittiu@usnews.com,Agender,40.185.199.150
680,Eddie,Vink,evinkiv@latimes.com,Bigender,18.184.65.80
681,Sibelle,Neachell,sneachelliw@rakuten.co.jp,Female,39.111.242.220
682,Carla,Loveard,cloveardix@unesco.org,Female,247.177.233.58
683,Cristabel,Shirtcliffe,cshirtcliffeiy@delicious.com,Female,103.138.188.95
684,Rees,Meo,rmeoiz@netvibes.com,Male,155.151.74.104
685,Helen,Ritchard,hritchardj0@netlog.com,Female,189.85.73.124
686,Lynnell,Smithson,lsmithsonj1@youku.com,Female,5.206.4.9
687,Rodolfo,Poulsen,rpoulsenj2@wikipedia.org,Male,85.142.217.110
688,Matty,Toor,mtoorj3@so-net.ne.jp,Male,90.179.3.30
689,Deb,Piwall,dpiwallj4@jiathis.com,Female,252.206.221.204
690,Finlay,Ion,fionj5@geocities.com,Male,71.179.74.181
691,Carmelina,Jahnig,cjahnigj6@gizmodo.com,Female,19.159.138.236
692,Langsdon,Howieson,lhowiesonj7@patch.com,Male,15.62.2.120
693,Lisa,Maddock,lmaddockj8@sakura.ne.jp,Female,248.9.177.98
694,Sybilla,Lynes,slynesj9@psu.edu,Bigender,127.23.210.52
695,Dom,Gullberg,dgullbergja@bloglovin.com,Male,247.16.15.37
696,Dawna,Mabee,dmabeejb@bloglovin.com,Bigender,217.198.19.206
697,Cristen,Aughton,caughtonjc@liveinternet.ru,Female,28.215.62.136
698,Kasey,Jouannisson,kjouannissonjd@tmall.com,Female,201.217.21.215
699,Thatcher,Redgrave,tredgraveje@oaic.gov.au,Male,111.184.61.235
700,Carmelina,Spilstead,cspilsteadjf@businessweek.com,Female,93.103.237.110
701,Christoforo,McQuilty,cmcquiltyjg@is.gd,Male,99.195.14.25
702,Sharona,Dennert,sdennertjh@liveinternet.ru,Female,87.193.227.151
703,Dede,Malley,dmalleyji@ocn.ne.jp,Female,122.13.35.170
704,Esmaria,Pierse,epiersejj@devhub.com,Female,94.113.151.187
705,Flossy,Miskin,fmiskinjk@nasa.gov,Female,192.233.42.204
706,Graham,Liversage,gliversagejl@abc.net.au,Male,240.29.44.43
707,Marijo,Klisch,mklischjm@alexa.com,Female,236.153.207.56
708,Jeanie,Nowlan,jnowlanjn@ibm.com,Female,153.22.220.13
709,Cullin,Grigsby,cgrigsbyjo@goodreads.com,Male,38.171.74.93
710,Rochette,Fiddeman,rfiddemanjp@hud.gov,Female,68.172.246.143
711,Benny,Meas,bmeasjq@jugem.jp,Female,185.106.23.19
712,Kristofor,Barnson,kbarnsonjr@theglobeandmail.com,Male,51.192.194.63
713,Ania,Walewski,awalewskijs@wufoo.com,Female,189.2.254.128
714,Fifi,Kingerby,fkingerbyjt@freewebs.com,Female,145.162.163.171
715,Glendon,Caser,gcaserju@engadget.com,Male,0.249.45.112
716,Wilhelmine,Denholm,wdenholmjv@google.co.uk,Female,23.232.161.242
717,Marieann,Dobbins,mdobbinsjw@webmd.com,Female,84.146.241.214
718,Edithe,Broodes,ebroodesjx@theglobeandmail.com,Female,99.107.56.219
719,Francis,Bruni,fbrunijy@ovh.net,Male,182.146.129.130
720,Guendolen,McPaik,gmcpaikjz@cbsnews.com,Female,162.34.189.38
721,Leta,Dreus,ldreusk0@de.vu,Female,145.30.121.115
722,Joe,Boscott,jboscottk1@theatlantic.com,Male,124.227.5.93
723,Ramonda,O'Nowlan,ronowlank2@cbsnews.com,Female,244.172.135.72
724,Kiel,Baxandall,kbaxandallk3@hubpages.com,Male,66.186.206.133
725,Mikel,Miche,mmichek4@ezinearticles.com,Male,174.219.160.182
726,Charity,Vickerman,cvickermank5@cyberchimps.com,Genderfluid,119.35.34.87
727,Shirlene,Baden,sbadenk6@senate.gov,Female,5.128.17.128
728,Harrie,Glaysher,hglaysherk7@twitter.com,Female,6.179.188.101
729,Martita,Tatnell,mtatnellk8@ifeng.com,Female,206.145.56.61
730,Halette,Demogeot,hdemogeotk9@gmpg.org,Female,79.75.49.8
731,Isak,Abbis,iabbiska@imgur.com,Male,60.121.106.37
732,Alyce,Philcock,aphilcockkb@mozilla.org,Female,150.168.28.68
733,Idell,MacMychem,imacmychemkc@qq.com,Female,210.58.37.9
734,Yehudit,Branni,ybrannikd@patch.com,Male,178.181.16.204
735,Kin,Sarfat,ksarfatke@issuu.com,Male,31.217.153.49
736,Bibby,Deamer,bdeamerkf@sina.com.cn,Female,240.214.136.153
737,Nissie,Grice,ngricekg@huffingtonpost.com,Female,192.186.79.27
738,Tab,Harbisher,tharbisherkh@etsy.com,Male,58.241.9.165
739,Bertram,Bailey,bbaileyki@squidoo.com,Male,248.252.25.138
740,Minnie,Dunderdale,mdunderdalekj@admin.ch,Female,205.248.135.23
741,Zola,Lace,zlacekk@upenn.edu,Female,143.203.192.215
742,Kristoffer,Randalston,krandalstonkl@jiathis.com,Male,15.0.60.209
743,Yancey,Goman,ygomankm@cisco.com,Male,68.101.50.110
744,Ester,Buntain,ebuntainkn@weather.com,Female,210.63.248.211
745,Wylie,Balentyne,wbalentyneko@latimes.com,Male,70.164.201.226
746,Shaine,Thornham,sthornhamkp@hibu.com,Female,15.194.197.37
747,Nike,Obal,nobalkq@reference.com,Female,111.162.44.120
748,Jaquith,Titcombe,jtitcombekr@bloomberg.com,Female,130.233.3.202
749,Sarge,Torrans,storransks@live.com,Male,215.62.175.115
750,Brent,Ziehm,bziehmkt@sfgate.com,Male,193.34.99.26
751,Adorne,Antic,aanticku@csmonitor.com,Female,196.103.144.153
752,Constantin,McWhorter,cmcwhorterkv@blogs.com,Male,31.251.54.213
753,Iosep,Shower,ishowerkw@hubpages.com,Male,189.98.115.151
754,Albina,Leades,aleadeskx@cyberchimps.com,Female,22.2.196.126
755,Romeo,Medlen,rmedlenky@smugmug.com,Male,162.200.105.65
756,Brit,Szubert,bszubertkz@theatlantic.com,Female,104.14.176.24
757,Franky,Teasdale,fteasdalel0@canalblog.com,Female,58.29.20.168
758,Honey,Midgley,hmidgleyl1@imdb.com,Female,57.233.75.251
759,Erin,McAdam,emcadaml2@jalbum.net,Male,0.96.1.156
760,Clive,Dugget,cduggetl3@netvibes.com,Male,79.51.50.157
761,Merwyn,Ert,mertl4@newsvine.com,Male,69.232.85.92
762,Hamil,Heart,hheartl5@altervista.org,Male,248.29.15.242
763,Kristofor,Blight,kblightl6@artisteer.com,Male,60.33.70.7
764,Ricardo,Andreotti,randreottil7@theglobeandmail.com,Male,33.16.248.188
765,Nicol,Sabater,nsabaterl8@ihg.com,Male,125.245.56.62
766,Tedman,Kaveney,tkaveneyl9@technorati.com,Male,73.144.237.186
767,Anatola,Klemz,aklemzla@about.com,Female,88.24.136.8
768,Myer,Gooderidge,mgooderidgelb@webs.com,Male,83.45.229.198
769,Orton,Code,ocodelc@gnu.org,Male,166.43.108.122
770,Duncan,Casson,dcassonld@sbwire.com,Male,71.18.69.144
771,Alvie,L'Homme,alhommele@homestead.com,Male,66.29.125.176
772,Nefen,Daine,ndainelf@sourceforge.net,Male,144.87.235.182
773,Ediva,Reeme,ereemelg@dyndns.org,Female,241.218.110.112
774,Marlo,Baldini,mbaldinilh@gravatar.com,Female,82.128.117.127
775,Mead,Walwood,mwalwoodli@answers.com,Male,120.78.24.228
776,Ricoriki,Philpots,rphilpotslj@twitpic.com,Male,236.44.210.28
777,Alyssa,Rosson,arossonlk@over-blog.com,Female,159.98.219.220
778,Blaine,Guilliland,bguillilandll@wufoo.com,Male,144.38.176.199
779,Gard,Leamy,gleamylm@altervista.org,Male,224.145.147.130
780,Nessy,Normaville,nnormavilleln@acquirethisname.com,Female,57.153.67.115
781,Jon,MacLaren,jmaclarenlo@hibu.com,Male,190.104.102.19
782,Cinderella,La Padula,clapadulalp@mit.edu,Female,158.33.35.62
783,Dorene,Spendlove,dspendlovelq@youtu.be,Female,0.160.63.24
784,Consolata,Caesar,ccaesarlr@jiathis.com,Female,59.71.226.160
785,Berkly,Ciobotaro,bciobotarols@google.com,Genderqueer,11.116.183.202
786,Conrado,Gorgler,cgorglerlt@stanford.edu,Male,151.45.226.120
787,Hagen,Risom,hrisomlu@netvibes.com,Male,7.247.12.49
788,Alexis,Kornyshev,akornyshevlv@admin.ch,Female,40.210.31.83
789,Joell,Mulvenna,jmulvennalw@google.es,Female,76.54.135.44
790,Rodolfo,Ullrich,rullrichlx@sina.com.cn,Male,111.253.168.170
791,Derek,Ewan,dewanly@woothemes.com,Male,61.33.231.31
792,Oneida,Scamadine,oscamadinelz@tinypic.com,Female,200.42.48.35
793,Reinaldo,Grizard,rgrizardm0@4shared.com,Male,160.164.227.218
794,Sara-ann,Macek,smacekm1@slate.com,Female,210.133.197.252
795,Carling,Danneil,cdanneilm2@skyrock.com,Male,209.135.148.172
796,Moe,Rosenvasser,mrosenvasserm3@usda.gov,Male,162.102.54.205
797,Benyamin,Goddert.sf,bgoddertsfm4@state.tx.us,Male,235.47.45.55
798,Link,Looker,llookerm5@yolasite.com,Male,110.220.4.27
799,Garek,Shelmerdine,gshelmerdinem6@desdev.cn,Male,59.4.147.217
800,Zeb,Slatter,zslatterm7@about.com,Male,2.14.51.108
801,Kay,Swiffin,kswiffinm8@goodreads.com,Female,130.13.180.144
802,Kahlil,Primak,kprimakm9@ox.ac.uk,Male,195.205.134.20
803,Harlin,Basillon,hbasillonma@sfgate.com,Male,77.121.221.236
804,Maryanne,Moller,mmollermb@acquirethisname.com,Bigender,252.61.51.15
805,Che,McCome,cmccomemc@homestead.com,Male,108.251.75.1
806,Beniamino,Hobbert,bhobbertmd@topsy.com,Male,25.73.144.60
807,Glyn,Bales,gbalesme@cbc.ca,Female,8.51.94.174
808,Eddy,Minguet,eminguetmf@google.com.hk,Female,60.105.66.216
809,Andre,Rhodes,arhodesmg@mysql.com,Male,10.150.102.53
810,Margaret,Mohammed,mmohammedmh@goo.gl,Female,74.14.225.124
811,Gunther,Dongate,gdongatemi@reuters.com,Male,58.94.27.185
812,Gabbie,Jeffes,gjeffesmj@discovery.com,Male,87.197.45.88
813,Maude,Dovington,mdovingtonmk@dropbox.com,Female,240.47.84.199
814,Milton,Getcliffe,mgetcliffeml@japanpost.jp,Male,212.95.141.108
815,Morgen,Bolsteridge,mbolsteridgemm@ustream.tv,Male,110.7.202.235
816,Dex,Brasier,dbrasiermn@jalbum.net,Male,211.43.239.228
817,Thain,Waszczykowski,twaszczykowskimo@prlog.org,Male,134.231.242.167
818,Doretta,Sizzey,dsizzeymp@com.com,Female,194.27.71.99
819,Arin,Readmire,areadmiremq@deviantart.com,Male,60.249.177.239
820,Upton,Strover,ustrovermr@imageshack.us,Non-binary,135.76.99.179
821,Regina,Spyby,rspybyms@rambler.ru,Female,118.84.112.228
822,Eddie,Desport,edesportmt@wunderground.com,Female,156.41.164.20
823,Berke,Simioni,bsimionimu@paginegialle.it,Male,2.144.139.65
824,Kaia,Risson,krissonmv@sitemeter.com,Female,169.166.241.19
825,Antoinette,Buggy,abuggymw@yellowpages.com,Female,40.36.67.133
826,Brody,Lantuffe,blantuffemx@bloomberg.com,Male,182.77.75.232
827,Gerri,Danilovic,gdanilovicmy@npr.org,Male,18.238.202.57
828,Janeczka,MacKim,jmackimmz@unicef.org,Female,17.100.68.247
829,Wally,Woodger,wwoodgern0@alexa.com,Female,74.40.115.132
830,Kimberly,Sailes,ksailesn1@usgs.gov,Female,130.195.69.174
831,Ceciley,Condy,ccondyn2@spiegel.de,Female,195.40.197.158
832,Farra,Nowell,fnowelln3@squarespace.com,Female,132.12.123.231
833,Kerry,Smoote,ksmooten4@issuu.com,Male,229.125.22.233
834,Brewer,Ingleton,bingletonn5@godaddy.com,Male,99.201.202.68
835,Chery,Stenbridge,cstenbridgen6@netvibes.com,Female,124.39.35.59
836,Irita,Sieb,isiebn7@hc360.com,Female,188.92.60.222
837,Berton,Roast,broastn8@uiuc.edu,Male,106.237.188.99
838,Jaquenette,Primett,jprimettn9@bravesites.com,Female,116.66.98.124
839,Parrnell,Janney,pjanneyna@themeforest.net,Male,53.28.164.43
840,Hillard,Greiser,hgreisernb@theglobeandmail.com,Bigender,232.119.28.38
841,Lynnett,Klemz,lklemznc@webeden.co.uk,Female,240.69.240.92
842,Ruthanne,Pumphrey,rpumphreynd@springer.com,Female,185.201.112.213
843,Jeffry,Bradborne,jbradbornene@smugmug.com,Male,175.214.236.100
844,Rosaline,Dwire,rdwirenf@springer.com,Female,52.73.95.142
845,Jo-anne,Lidgard,jlidgardng@tinyurl.com,Female,224.180.110.241
846,Maritsa,Staniford,mstanifordnh@bloglovin.com,Female,75.11.75.180
847,Mikel,Pettigree,mpettigreeni@si.edu,Male,230.179.63.158
848,Gearard,Tallowin,gtallowinnj@myspace.com,Male,135.148.204.151
849,Muriel,Lamort,mlamortnk@fc2.com,Non-binary,135.139.252.217
850,Connor,Iacopini,ciacopininl@ask.com,Male,131.181.191.188
851,Lay,Shoesmith,lshoesmithnm@ustream.tv,Male,107.150.57.130
852,Queenie,Silson,qsilsonnn@gmpg.org,Female,110.120.74.75
853,Gilli,Terne,gterneno@amazon.co.jp,Bigender,134.97.250.156
854,Arlan,Sporrij,asporrijnp@digg.com,Male,29.19.123.242
855,Kizzee,Alesi,kalesinq@geocities.jp,Female,234.255.86.48
856,Gabriella,Ostler,gostlernr@google.fr,Genderqueer,118.220.246.64
857,Osbert,Fowlds,ofowldsns@illinois.edu,Male,48.65.1.209
858,Kelsey,De Domenicis,kdedomenicisnt@etsy.com,Male,91.141.115.92
859,Letitia,Kaasmann,lkaasmannnu@telegraph.co.uk,Female,95.36.238.156
860,Arni,Rowatt,arowattnv@hexun.com,Male,249.56.58.146
861,Haydon,Beardow,hbeardownw@digg.com,Male,24.3.114.43
862,Vale,Hassett,vhassettnx@jugem.jp,Female,85.175.85.130
863,Francesca,Kenworthy,fkenworthyny@fc2.com,Female,224.152.241.225
864,Montague,Asipenko,masipenkonz@dyndns.org,Male,203.232.127.149
865,Cully,De Witt,cdewitto0@theguardian.com,Male,193.211.59.164
866,Marianne,Cartwright,mcartwrighto1@deviantart.com,Female,53.164.218.195
867,Davon,Gentiry,dgentiryo2@gravatar.com,Male,26.227.203.73
868,Aviva,Arnaudot,aarnaudoto3@shutterfly.com,Genderfluid,165.140.84.200
869,Jules,Lokier,jlokiero4@jalbum.net,Male,209.178.144.56
870,Markos,Hamill,mhamillo5@hostgator.com,Male,184.158.199.23
871,Salaidh,Paur,spauro6@wp.com,Female,71.181.110.132
872,Shae,Heasley,sheasleyo7@yellowpages.com,Female,177.235.10.252
873,Melita,Franzolini,mfranzolinio8@over-blog.com,Female,75.204.87.104
874,Karole,Colafate,kcolafateo9@wunderground.com,Female,189.32.38.55
875,Verna,Pietrasik,vpietrasikoa@state.tx.us,Female,151.58.209.46
876,Wadsworth,Worshall,wworshallob@infoseek.co.jp,Male,172.221.208.217
877,Kristel,Stoven,kstovenoc@arizona.edu,Female,1.80.94.19
878,Dulcy,Hinners,dhinnersod@networksolutions.com,Female,181.69.143.57
879,Dennet,Goddard,dgoddardoe@who.int,Male,1.148.112.226
880,Catherina,Blakely,cblakelyof@yandex.ru,Female,37.124.101.18
881,Lorianne,Ruprecht,lruprechtog@guardian.co.uk,Female,37.235.196.180
882,Doreen,Oppie,doppieoh@360.cn,Agender,215.56.108.194
883,Kerri,Tollet,ktolletoi@bing.com,Female,4.174.219.159
884,Duff,Colthurst,dcolthurstoj@bravesites.com,Male,101.185.27.100
885,Koral,Sisnett,ksisnettok@ameblo.jp,Female,230.190.155.232
886,Kirk,Attenburrow,kattenburrowol@eepurl.com,Polygender,204.23.73.14
887,Brandy,Hows,bhowsom@1688.com,Male,85.166.125.133
888,Robinia,Castilljo,rcastilljoon@tumblr.com,Female,163.251.37.85
889,Darsie,Mandifield,dmandifieldoo@unesco.org,Female,89.176.80.78
890,Austen,Pomroy,apomroyop@gravatar.com,Male,25.207.201.216
891,Truda,Vannoort,tvannoortoq@google.co.uk,Female,123.161.186.0
892,Whittaker,Sellack,wsellackor@ted.com,Male,220.46.1.38
893,Rossy,Binnell,rbinnellos@loc.gov,Male,198.113.180.148
894,Emera,Laydon,elaydonot@bizjournals.com,Polygender,121.211.78.154
895,Adham,Dmitrievski,admitrievskiou@amazon.com,Male,0.9.47.237
896,Patton,McGovern,pmcgovernov@washingtonpost.com,Male,126.68.139.126
897,Forrest,Thick,fthickow@cmu.edu,Male,37.52.156.115
898,Breena,Cavendish,bcavendishox@nydailynews.com,Female,132.252.56.87
899,Anet,Servis,aservisoy@moonfruit.com,Female,149.92.225.98
900,Ardelia,Mehaffey,amehaffeyoz@wikispaces.com,Female,53.133.186.18
901,Timotheus,Tippetts,ttippettsp0@wired.com,Male,95.127.14.15
902,Lorry,Clutterham,lclutterhamp1@csmonitor.com,Male,247.33.241.56
903,Bendix,Forcade,bforcadep2@craigslist.org,Male,170.160.243.248
904,Edgardo,Saenz,esaenzp3@ft.com,Male,185.118.108.172
905,Dennison,Bane,dbanep4@state.gov,Male,165.94.227.182
906,Zachariah,Duffill,zduffillp5@columbia.edu,Bigender,250.192.7.235
907,Deanne,Newsome,dnewsomep6@senate.gov,Female,225.45.156.83
908,Odo,Cattach,ocattachp7@usda.gov,Male,145.238.234.61
909,Dre,Justham,djusthamp8@qq.com,Polygender,17.164.206.182
910,Dallis,MacKeig,dmackeigp9@acquirethisname.com,Polygender,145.254.250.145
911,Genevieve,Coey,gcoeypa@ebay.co.uk,Female,214.36.168.16
912,Bax,McLanachan,bmclanachanpb@macromedia.com,Male,244.19.159.195
913,Bron,Nolton,bnoltonpc@simplemachines.org,Male,53.1.0.18
914,Dud,Gimert,dgimertpd@mapy.cz,Male,151.129.102.67
915,Yankee,Vanyatin,yvanyatinpe@chronoengine.com,Male,30.235.172.9
916,Bjorn,Kaliszewski,bkaliszewskipf@ca.gov,Male,246.83.84.173
917,Cordie,Taaffe,ctaaffepg@disqus.com,Female,53.144.144.124
918,Kellia,Dudlestone,kdudlestoneph@discovery.com,Female,14.140.15.8
919,Ashli,Phillcock,aphillcockpi@ucoz.com,Female,188.107.43.67
920,Tanya,Dowe,tdowepj@wikia.com,Female,63.26.194.196
921,Oliviero,Garrod,ogarrodpk@wsj.com,Male,223.188.125.244
922,Zabrina,Vales,zvalespl@oracle.com,Female,6.163.91.96
923,Serge,Hartop,shartoppm@wunderground.com,Male,25.8.137.189
924,Drew,Ezele,dezelepn@hugedomains.com,Male,76.123.243.140
925,Carissa,Houdmont,choudmontpo@nps.gov,Female,94.254.234.221
926,Cassie,Standbrooke,cstandbrookepp@quantcast.com,Male,152.76.115.95
927,Shepard,Ullrich,sullrichpq@redcross.org,Male,112.165.53.96
928,Isa,Galgey,igalgeypr@europa.eu,Male,148.48.31.215
929,Clyde,Rundall,crundallps@chronoengine.com,Male,186.116.247.24
930,Anson,Bullant,abullantpt@ucoz.ru,Male,227.157.136.65
931,Vikky,Catherall,vcatherallpu@ed.gov,Female,72.60.94.73
932,Culver,Laughton,claughtonpv@prlog.org,Male,27.18.132.237
933,Hewe,Colqueran,hcolqueranpw@scientificamerican.com,Male,51.81.176.247
934,Izaak,Abbay,iabbaypx@businessinsider.com,Male,61.64.240.121
935,Martina,Kitchaside,mkitchasidepy@yolasite.com,Female,60.70.152.137
936,Joanne,Gohn,jgohnpz@furl.net,Female,43.223.31.226
937,Corey,Ledstone,cledstoneq0@gov.uk,Male,176.51.64.11
938,Troy,Mountlow,tmountlowq1@flickr.com,Male,207.153.226.43
939,Monica,Kensley,mkensleyq2@samsung.com,Female,204.6.145.65
940,Mamie,Wroughton,mwroughtonq3@bandcamp.com,Female,149.61.112.138
941,Gerick,Huddy,ghuddyq4@tiny.cc,Male,52.125.79.225
942,Hubey,Marien,hmarienq5@blogs.com,Male,98.178.154.197
943,Ty,Daskiewicz,tdaskiewiczq6@topsy.com,Male,209.0.36.43
944,Kizzie,Botterell,kbotterellq7@liveinternet.ru,Genderqueer,78.38.91.88
945,Tessa,Caville,tcavilleq8@reuters.com,Bigender,37.252.33.85
946,Samara,O'Dea,sodeaq9@mapy.cz,Female,185.100.103.55
947,Lev,Grayley,lgrayleyqa@ifeng.com,Male,199.118.65.95
948,Ilysa,Ivell,iivellqb@google.com.hk,Female,20.16.120.118
949,Daryle,Addionisio,daddionisioqc@fda.gov,Male,119.156.84.200
950,Marlowe,Burk,mburkqd@barnesandnoble.com,Male,157.131.138.17
951,Tania,Benitti,tbenittiqe@mashable.com,Female,237.190.53.236
952,Eadith,Martyntsev,emartyntsevqf@amazon.co.uk,Female,109.107.141.47
953,Esdras,Dibdale,edibdaleqg@etsy.com,Male,41.143.163.180
954,Francine,Daniaud,fdaniaudqh@google.com.au,Female,122.199.127.74
955,Katti,Peasby,kpeasbyqi@disqus.com,Female,74.231.56.185
956,Thorny,Rogers,trogersqj@macromedia.com,Male,90.179.100.189
957,Ignace,Antusch,iantuschqk@infoseek.co.jp,Male,237.65.205.9
958,Bronson,Corcut,bcorcutql@ibm.com,Male,59.239.127.98
959,Fedora,Plowes,fplowesqm@yahoo.com,Female,228.84.182.10
960,Hillary,Tesmond,htesmondqn@123-reg.co.uk,Female,111.107.212.240
961,Sybilla,Exrol,sexrolqo@privacy.gov.au,Female,166.54.72.30
962,Heywood,Scurr,hscurrqp@si.edu,Male,88.3.26.121
963,Everett,Ribchester,eribchesterqq@smugmug.com,Male,36.159.209.8
964,Bess,Hairon,bhaironqr@hud.gov,Female,255.2.191.140
965,Tremayne,Jann,tjannqs@buzzfeed.com,Male,45.111.183.76
966,Ryan,Pummery,rpummeryqt@ow.ly,Male,193.76.70.38
967,Osborne,Wastling,owastlingqu@mashable.com,Male,199.58.77.35
968,Stevy,Pitfield,spitfieldqv@blinklist.com,Male,253.78.88.255
969,Kelwin,Bentham3,kbenthamqw@aboutads.info,Male,191.4.247.44
970,Hervey,Flicker,hflickerqx@t.co,Male,47.132.168.119
971,Derron,Maxwell,dmaxwellqy@ezinearticles.com,Male,1.251.165.211
972,Cody,Curro,ccurroqz@storify.com,Male,157.13.245.227
973,Nerissa,Zannini,nzanninir0@utexas.edu,Female,9.228.98.229
974,Lorrie,Godin,lgodinr1@geocities.com,Female,217.228.25.31
975,Bibi,Ducket,bducketr2@cnn.com,Female,250.82.1.178
976,Iorgos,Tohill,itohillr3@163.com,Male,55.24.89.74
977,Rochette,Ewles,rewlesr4@toplist.cz,Female,35.3.136.21
978,Marlo,Deport,mdeportr5@utexas.edu,Male,39.56.26.112
979,Jamaal,Glenn,jglennr6@google.com.hk,Male,134.126.165.234
980,Galvan,Dunster,gdunsterr7@upenn.edu,Male,153.9.26.67
981,Pren,Summerlee,psummerleer8@alexa.com,Male,11.2.110.107
982,Brian,Pedican,bpedicanr9@prweb.com,Male,73.24.160.106
983,Tabb,Hall-Gough,thallgoughra@jimdo.com,Male,51.255.248.76
984,Bondie,McAulay,bmcaulayrb@friendfeed.com,Male,231.214.202.11
985,Steffane,Dowdam,sdowdamrc@fc2.com,Female,66.215.31.66
986,Jeffry,Aspray,jasprayrd@yelp.com,Male,252.73.80.113
987,Colet,Coldman,ccoldmanre@amazon.co.jp,Male,136.247.169.70
988,Baxter,Littefair,blittefairrf@google.com,Male,41.55.22.243
989,Nil,Fenemore,nfenemorerg@hao123.com,Male,111.197.71.218
990,Gelya,Muslim,gmuslimrh@indiegogo.com,Female,61.60.153.232
991,Kitty,Windle,kwindleri@discuz.net,Female,7.1.128.100
992,Mayor,Mixworthy,mmixworthyrj@arstechnica.com,Male,254.193.195.216
993,Zabrina,Sooley,zsooleyrk@nsw.gov.au,Female,93.63.18.75
994,Corabel,Le Count,clecountrl@hugedomains.com,Female,215.209.131.82
995,Mackenzie,MacRury,mmacruryrm@ezinearticles.com,Male,189.152.217.88
996,Andra,Yanin,ayaninrn@squidoo.com,Polygender,62.236.177.11
997,Lucie,Calway,lcalwayro@smh.com.au,Female,3.248.78.225
998,Alec,Postance,apostancerp@nyu.edu,Male,16.254.138.130
999,Pavel,Climer,pclimerrq@github.com,Male,52.26.48.243
1000,Brynn,Bonevant,bbonevantrr@cafepress.com,Female,115.7.192.128
