id,first_name,last_name,email,gender,ip_address
1,Angus,Pumfrett,apumfrett0@apple.com,Male,15.50.160.147
2,Efrem,Dovidaitis,edovidaitis1@stanford.edu,Male,1.18.164.28
3,Woodie,Marston,wmarston2@wordpress.org,Male,202.93.142.111
4,Saul,Parsand,sparsand3@dell.com,Male,82.6.51.165
5,Carlo,Burdis,cburdis4@hatena.ne.jp,Male,127.121.237.79
6,Tiffie,Moreman,tmoreman5@hugedomains.com,Female,31.117.179.124
7,Cullen,Torbett,ctorbett6@unesco.org,Genderfluid,155.143.214.23
8,Cathyleen,Kidner,ckidner7@kickstarter.com,Female,71.89.45.83
9,Isak,Matysik,imatysik8@google.it,Male,183.57.71.21
10,Hillary,Sketchley,hsketchley9@paypal.com,Female,136.4.20.189
11,Papageno,Lere,plerea@bandcamp.com,Male,139.66.161.50
12,Pepito,Yegorev,pyegorevb@ycombinator.com,Male,208.107.175.12
13,Clint,Rule,crulec@deviantart.com,Male,27.94.143.201
14,Tamra,Decourcy,tdecourcyd@delicious.com,Female,187.120.6.57
15,Jessamine,Newvell,jnewvelle@people.com.cn,Female,3.224.43.62
16,Tirrell,Bedin,tbedinf@admin.ch,Male,5.119.185.189
17,Ricki,Robillart,rrobillartg@forbes.com,Female,77.30.8.38
18,Gonzalo,Goodbanne,ggoodbanneh@tamu.edu,Male,126.69.245.50
19,Elberta,Baldree,ebaldreei@oracle.com,Female,121.205.57.178
20,Perri,Kasher,pkasherj@amazonaws.com,Female,51.102.24.87
21,Justina,Christy,jchristyk@livejournal.com,Female,113.133.47.47
22,Joanna,Boor,jboorl@scribd.com,Female,155.174.51.198
23,Delbert,Braunter,dbraunterm@wix.com,Male,59.107.106.204
24,Casie,Dalley,cdalleyn@vinaora.com,Female,56.175.188.16
25,Odo,Fairclough,ofairclougho@elpais.com,Male,163.179.207.80
26,See,Latter,slatterp@state.gov,Male,225.133.20.9
27,Karisa,Beceril,kbecerilq@eventbrite.com,Female,175.130.222.49
28,Ephrem,Brasseur,ebrasseurr@oracle.com,Male,161.32.112.141
29,Beck,Gannon,bgannons@uol.com.br,Male,206.38.28.242
30,Devin,Minger,dmingert@kickstarter.com,Polygender,229.93.118.243
31,Myles,MacLaren,mmaclarenu@symantec.com,Male,146.3.147.46
32,Sigmund,Orsi,sorsiv@java.com,Male,162.242.166.70
33,Mattias,Jacobowitz,mjacobowitzw@jigsy.com,Male,47.16.227.106
34,Holden,Bedlington,hbedlingtonx@salon.com,Male,19.207.102.41
35,Joelie,Laugier,jlaugiery@ucsd.edu,Female,50.223.177.118
36,Moina,Maddin,mmaddinz@blinklist.com,Female,65.209.124.203
37,Catarina,O'Loughane,coloughane10@diigo.com,Female,66.92.35.198
38,Milli,Dickinson,mdickinson11@nbcnews.com,Female,124.146.113.68
39,Finn,Dumingos,fdumingos12@oakley.com,Male,178.244.27.140
40,Prent,Poundsford,ppoundsford13@bloomberg.com,Male,96.235.205.251
41,Web,Beakes,wbeakes14@cpanel.net,Male,17.42.252.162
42,Callida,Bartoszinski,cbartoszinski15@cpanel.net,Female,163.80.122.238
43,Celestine,Vosper,cvosper16@infoseek.co.jp,Female,102.83.139.9
44,Diane-marie,Dallander,ddallander17@utexas.edu,Female,131.206.194.44
45,Emlyn,Iacovucci,eiacovucci18@feedburner.com,Female,231.4.128.179
46,Zola,Zanazzi,zzanazzi19@archive.org,Female,105.168.226.195
47,Garold,Tocknell,gtocknell1a@sina.com.cn,Male,206.197.224.222
48,Helene,Chasen,hchasen1b@weibo.com,Female,111.153.126.38
49,Lora,Schimank,lschimank1c@lulu.com,Female,139.86.100.3
50,Adler,Beaton,abeaton1d@example.com,Male,178.144.5.104
51,Gianni,Mannering,gmannering1e@house.gov,Genderqueer,94.64.27.202
52,Eveline,Gyver,egyver1f@exblog.jp,Female,197.31.160.50
53,Georgi,Beachamp,gbeachamp1g@github.com,Male,205.172.95.93
54,Wilek,Syseland,wsyseland1h@nsw.gov.au,Male,142.75.121.208
55,Vanna,Dundin,vdundin1i@hud.gov,Female,87.189.108.111
56,Shani,Dallin,sdallin1j@hibu.com,Female,46.25.49.23
57,Myer,Ceillier,mceillier1k@oakley.com,Male,246.232.116.29
58,Janice,McArdle,jmcardle1l@yahoo.co.jp,Female,204.60.225.80
59,Renata,Mallabund,rmallabund1m@comsenz.com,Female,6.222.178.223
60,Haven,Lapree,hlapree1n@newsvine.com,Male,57.65.215.100
61,Wallache,Schusterl,wschusterl1o@homestead.com,Male,183.221.243.207
62,Cass,Absolon,cabsolon1p@bbc.co.uk,Male,38.58.72.26
63,Hank,Penwright,hpenwright1q@de.vu,Male,252.147.171.58
64,Ugo,Schruyers,uschruyers1r@lulu.com,Male,167.92.94.56
65,Sheff,Dilliston,sdilliston1s@slate.com,Male,93.200.130.104
66,Cirillo,Newcomb,cnewcomb1t@newsvine.com,Male,166.46.87.52
67,Alyssa,Berceros,aberceros1u@oaic.gov.au,Female,1.13.244.79
68,Zedekiah,Selkirk,zselkirk1v@mlb.com,Male,18.171.97.89
69,Rey,Jaynes,rjaynes1w@webeden.co.uk,Male,192.198.234.144
70,Tully,Polleye,tpolleye1x@weibo.com,Genderqueer,230.109.206.74
71,Dulce,Branchet,dbranchet1y@cnet.com,Female,111.130.3.37
72,Consalve,Maulin,cmaulin1z@twitpic.com,Male,216.48.168.190
73,Ophelia,Manktelow,omanktelow20@ted.com,Female,112.214.58.220
74,Brockie,Quilliam,bquilliam21@alexa.com,Genderqueer,255.188.92.61
75,Wash,Francillo,wfrancillo22@parallels.com,Male,173.186.179.44
76,Farah,Witcomb,fwitcomb23@icio.us,Female,229.220.243.154
77,Hester,Vayro,hvayro24@bing.com,Polygender,237.22.99.113
78,Swen,Brownfield,sbrownfield25@infoseek.co.jp,Male,172.110.207.251
79,Darb,Chaddock,dchaddock26@ebay.com,Male,161.173.181.250
80,Robinetta,Adelman,radelman27@sina.com.cn,Female,255.83.119.56
81,Georgi,Erangey,gerangey28@is.gd,Male,113.231.133.126
82,Lina,Barkworth,lbarkworth29@opensource.org,Female,81.127.76.154
83,Rriocard,Boorn,rboorn2a@linkedin.com,Male,165.187.197.118
84,Skippy,Elwill,selwill2b@unesco.org,Male,37.132.180.28
85,Ray,Wewell,rwewell2c@bigcartel.com,Female,171.212.2.192
86,Sandi,Humberston,shumberston2d@mtv.com,Female,5.247.133.189
87,Gasparo,O'Glassane,goglassane2e@usgs.gov,Male,114.202.238.148
88,Erl,Cumine,ecumine2f@about.me,Male,219.224.154.251
89,Riki,Loins,rloins2g@nydailynews.com,Female,2.90.181.90
90,Nate,Bordman,nbordman2h@virginia.edu,Male,29.255.46.54
91,Aguie,Marle,amarle2i@cyberchimps.com,Male,213.203.99.74
92,Kaine,Andreopolos,kandreopolos2j@theatlantic.com,Male,116.46.171.196
93,Chris,Philcock,cphilcock2k@wikispaces.com,Genderfluid,230.110.58.72
94,Orren,Habgood,ohabgood2l@bloglines.com,Male,92.61.65.68
95,Abram,Hinrich,ahinrich2m@spiegel.de,Male,105.121.239.90
96,Aristotle,Turfin,aturfin2n@engadget.com,Male,100.227.122.61
97,Ethel,Seckom,eseckom2o@va.gov,Female,76.23.14.119
98,Ashleigh,Grindell,agrindell2p@altervista.org,Female,134.35.68.180
99,Deni,Sargint,dsargint2q@diigo.com,Female,34.64.47.230
100,Joscelin,Piperley,jpiperley2r@flickr.com,Female,229.203.161.113
