id,first_name,last_name,email,gender,ip_address,department,salary,city
1,Shirline,O'Halleghane,sohalleghane0@furl.net,Female,178.235.132.198,and Administration,9441,Příbram
2,Ferdinande,Evensden,fevensden1@wix.com,Female,40.236.193.18,Sales,5689,Santa Luzia
3,Cy,Challinor,cchallinor2@princeton.edu,Genderqueer,180.27.246.4,Marketing,7164,Tangqian
4,Kati,Luis,kluis3@altervista.org,Female,125.11.138.9,Research and Development (R&D),6849,Zhonghe
5,Danya,Pagen,dpagen4@engadget.com,Female,214.41.65.103,Research and Development (R&D),11056,Wangfu
6,Abba,Cavozzi,acavozzi5@mapy.cz,Male,174.31.225.133,Research and Development (R&D),11060,Gafargaon
7,Bartolomeo,Misk,bmisk6@gnu.org,Male,114.214.137.9,and Administration,14879,Tymbark
8,Peder,Loffel,ploffel7@biblegateway.com,Male,157.209.143.195,Marketing,7937,Inozemtsevo
9,Mel,Stemson,mstemson8@cpanel.net,Male,46.254.167.141,Information Technology (IT),8225,Torre
10,Timmy,Collister,tcollister9@1688.com,Male,78.118.83.132,Research and Development (R&D),12710,Sarulla
11,Wiley,Dozdill,wdozdilla@spotify.com,Male,186.6.22.155,Finance,8629,Lentisqueira
12,Zechariah,Carnalan,zcarnalanb@soundcloud.com,Male,195.37.184.253,Operations,10605,Sandur
13,Clarette,Mazdon,cmazdonc@jigsy.com,Female,138.191.3.209,Finance,8585,Vazante
14,L;urette,Janowicz,ljanowiczd@freewebs.com,Female,53.14.243.103,and Administration,9673,Hongxi
15,Veriee,Christmas,vchristmase@ning.com,Female,96.9.223.95,Finance,5641,Antsirabe
16,Barr,Easson,beassonf@lycos.com,Male,245.194.84.82,and Administration,12377,Taizi
17,Hermine,Guiett,hguiettg@homestead.com,Female,164.7.114.204,Human Resources,9498,Loboniki
18,Vonny,Burnell,vburnellh@google.nl,Female,67.190.104.187,Operations,14328,Jincheng
19,Jerrine,Guslon,jgusloni@ucsd.edu,Female,198.89.125.208,and Administration,5343,Kuantan
20,Harriette,Bahl,hbahlj@prlog.org,Non-binary,209.238.74.68,Sales,5619,Jalālpur
21,Adam,Griniov,agriniovk@discuz.net,Male,60.15.50.212,Research and Development (R&D),7881,Phoenix
22,Derril,Kaplan,dkaplanl@ucoz.com,Male,229.136.51.43,Research and Development (R&D),5120,Sampaio
23,Gal,Minear,gminearm@youtu.be,Male,8.72.129.63,Sales,13871,Fangzheng
24,Nevins,Spaduzza,nspaduzzan@opera.com,Male,60.36.110.45,Sales,11224,Warmbaths
25,Didi,Bland,dblando@friendfeed.com,Female,192.97.67.113,Research and Development (R&D),6048,Matanza
26,Lavina,Gothliff,lgothliffp@vinaora.com,Female,171.144.245.212,Information Technology (IT),8566,Banja Luka
27,Saleem,Sire,ssireq@usgs.gov,Agender,252.141.182.117,Research and Development (R&D),10584,Toki
28,Temp,Leahey,tleaheyr@hibu.com,Male,73.121.172.189,Sales,13644,Minji
29,Kit,Kleynen,kkleynens@purevolume.com,Non-binary,252.194.197.31,Information Technology (IT),6321,Shalya
30,Lodovico,Crinage,lcrinaget@instagram.com,Male,87.39.129.46,Customer Service,6410,Carrizal
31,Gale,Franek,gfraneku@woothemes.com,Non-binary,4.92.16.143,Marketing,10717,Nanzhang Chengguanzhen
32,Wynn,Kryszkiecicz,wkryszkieciczv@a8.net,Female,30.232.4.85,and Administration,12504,Sukadana
33,Ignaz,Frere,ifrerew@unesco.org,Male,255.44.240.146,Research and Development (R&D),13158,Belo
34,Ethelin,Warrior,ewarriorx@ebay.com,Female,71.219.4.53,Research and Development (R&D),11361,Cirumput
35,Valenka,Ezele,vezeley@google.com.br,Female,193.160.59.173,Customer Service,6139,Santa Monica
36,Vyky,Antrack,vantrackz@github.com,Female,171.111.120.221,and Administration,5845,Machico
37,Fanya,Drayn,fdrayn10@vimeo.com,Female,10.251.76.181,Finance,10939,Norrköping
38,Wayland,Breddy,wbreddy11@storify.com,Male,76.59.1.153,Information Technology (IT),9889,Ljungby
39,Deedee,Hebborn,dhebborn12@lycos.com,Female,14.6.126.25,Research and Development (R&D),5022,Waitenepang
40,Rorie,Vlasenko,rvlasenko13@example.com,Bigender,48.162.51.55,Customer Service,7894,Caijiapu
41,Ingemar,Stivey,istivey14@mapquest.com,Male,47.148.87.215,Research and Development (R&D),12557,San Miguel
42,Bab,Pittaway,bpittaway15@webnode.com,Female,29.54.64.243,and Administration,14347,Fauske
43,Abbey,Hallybone,ahallybone16@hp.com,Male,179.204.15.22,Research and Development (R&D),13036,Gaoshi
44,Candra,McGregor,cmcgregor17@google.es,Female,192.197.96.127,Marketing,6400,Yilan
45,Gerda,Corey,gcorey18@cornell.edu,Non-binary,54.153.236.188,Information Technology (IT),6310,Skoki
46,Frazer,Tuffey,ftuffey19@psu.edu,Male,182.60.65.241,Customer Service,9474,Banjarejo
47,Gan,Lope,glope1a@rediff.com,Male,117.61.6.240,Sales,11602,Cândido Mota
48,Carol,Andor,candor1b@gravatar.com,Female,189.6.11.15,Finance,14029,Xubu
49,Theodosia,Domenicone,tdomenicone1c@pbs.org,Polygender,64.93.27.150,Marketing,12124,Chaoyang
50,Xylia,Lacotte,xlacotte1d@multiply.com,Female,29.213.230.6,Operations,10970,Great Neck
51,Chantal,Ropert,cropert1e@com.com,Female,223.208.234.251,and Administration,9449,Woto
52,Kellsie,Mitten,kmitten1f@flickr.com,Female,135.48.109.44,Human Resources,8454,Annecy
53,Corinna,Orr,corr1g@goo.gl,Female,152.3.105.138,Operations,9392,Orizari
54,Keslie,Albury,kalbury1h@desdev.cn,Female,48.164.215.81,Finance,5088,Heping
55,Kennedy,Colam,kcolam1i@msu.edu,Male,1.145.65.39,Information Technology (IT),8146,Bayombong
56,Hank,Fourman,hfourman1j@ibm.com,Male,249.145.202.38,Finance,8603,Jermuk
57,Kat,Gallandre,kgallandre1k@dailymail.co.uk,Female,163.84.166.208,Sales,10430,Llazicë
58,Starlin,Avarne,savarne1l@biblegateway.com,Polygender,207.11.170.86,Marketing,12925,Youkounkoun
59,Katie,Stanett,kstanett1m@buzzfeed.com,Female,236.94.165.193,Operations,7787,Fenghua
60,Costa,Stuckey,cstuckey1n@phpbb.com,Male,8.201.184.200,Human Resources,6951,Mirów
61,Fifine,Epperson,fepperson1o@howstuffworks.com,Female,101.170.75.22,Human Resources,13877,Mymensingh
62,Gilbertina,Farrent,gfarrent1p@spiegel.de,Female,178.87.182.215,Marketing,11386,Uluale
63,Jorgan,Sollitt,jsollitt1q@independent.co.uk,Male,77.250.208.89,Operations,9187,Gresik
64,Katine,Gofforth,kgofforth1r@fema.gov,Female,112.184.43.90,Customer Service,6347,Glinka
65,Urban,Culleton,uculleton1s@dion.ne.jp,Male,154.145.86.103,Human Resources,7026,Ćmielów
66,Ariana,Arnaldy,aarnaldy1t@stanford.edu,Female,108.183.45.153,Customer Service,13422,Sanshandao
67,Barn,Pencot,bpencot1u@yandex.ru,Male,53.216.220.152,Marketing,11531,Gävle
68,Melodie,MacGill,mmacgill1v@hp.com,Female,162.252.165.121,and Administration,9416,Vera
69,Sophi,Petre,spetre1w@ftc.gov,Genderfluid,103.167.232.56,Customer Service,10818,Sosnovka
70,Clywd,Grigoli,cgrigoli1x@google.it,Male,139.178.250.109,Operations,5400,Kamieniec Podolski
71,Amelie,Clashe,aclashe1y@blogger.com,Female,204.74.74.255,Human Resources,7621,Ljupina
72,Esther,Hairyes,ehairyes1z@sbwire.com,Female,227.84.122.120,Operations,10685,Chornobay
73,Stanley,Byas,sbyas20@taobao.com,Male,36.99.30.184,Customer Service,7636,Shangying
74,Gray,Pilsworth,gpilsworth21@networksolutions.com,Male,175.164.165.120,Research and Development (R&D),10654,Alemanguan
75,Stanford,Denisyev,sdenisyev22@abc.net.au,Male,231.50.9.42,Finance,5827,Penha
76,Elysee,MacColm,emaccolm23@aboutads.info,Female,145.142.20.69,Information Technology (IT),5772,Allkaj
77,Doralia,Helleckas,dhelleckas24@goo.gl,Female,192.183.251.173,Sales,12320,Lipu
78,Kristopher,Haburne,khaburne25@furl.net,Male,197.161.28.121,Human Resources,13890,Paterson
79,Lil,Reed,lreed26@chronoengine.com,Female,232.52.219.34,Customer Service,12426,Asímion
80,Annissa,Goldwater,agoldwater27@zdnet.com,Female,95.38.132.250,Human Resources,5559,Fatumuti
81,Barbabra,Sharphouse,bsharphouse28@pcworld.com,Female,191.143.134.219,Sales,10364,Choropampa
82,Silvio,Blenkin,sblenkin29@netvibes.com,Male,208.64.72.26,Human Resources,10346,Fengren
83,Stefan,Hanscombe,shanscombe2a@imageshack.us,Male,64.155.252.130,Sales,5959,Balabag
84,Angel,Ellicott,aellicott2b@slashdot.org,Male,26.23.53.151,Finance,13162,Al Baqāliţah
85,Franzen,Labusch,flabusch2c@opensource.org,Male,27.28.115.221,and Administration,11262,Huai’an
86,Jude,Cowdray,jcowdray2d@jugem.jp,Male,58.243.7.34,Finance,13246,Mikulčice
87,Elvin,Tallman,etallman2e@mlb.com,Male,214.48.185.154,Sales,5140,Zhigong
88,Karrah,Colleford,kcolleford2f@soundcloud.com,Female,7.95.188.66,Marketing,5554,Jardia
89,Candide,Pechold,cpechold2g@bbb.org,Female,92.233.212.96,Information Technology (IT),5677,Mucllo
90,Samson,Odegaard,sodegaard2h@pinterest.com,Male,150.36.116.253,Sales,9762,Töysä
91,Willie,Rubury,wrubury2i@telegraph.co.uk,Female,175.53.149.9,Sales,6369,Bidbid
92,Hatty,Perroni,hperroni2j@state.tx.us,Female,65.212.120.162,Operations,6308,Chonchi
93,Leanor,Brankley,lbrankley2k@xrea.com,Female,203.67.139.120,Sales,9152,Tras Cerros
94,Christa,Hollington,chollington2l@squarespace.com,Female,145.68.111.229,Information Technology (IT),14959,Bāndarban
95,Glenda,Bollom,gbollom2m@princeton.edu,Female,222.65.196.97,Customer Service,10108,Zyablikovo
96,Darrel,Geffcock,dgeffcock2n@squidoo.com,Male,104.143.90.76,Information Technology (IT),10637,Haixing
97,Toddie,Slucock,tslucock2o@quantcast.com,Male,230.185.51.60,Customer Service,7063,Horní Lideč
98,Mattie,Roz,mroz2p@usatoday.com,Female,69.194.57.253,Customer Service,5842,Zhireken
99,Ring,Caudrelier,rcaudrelier2q@squidoo.com,Male,164.189.201.2,Marketing,6784,Fuji
100,Zena,Maultby,zmaultby2r@quantcast.com,Agender,173.85.72.230,and Administration,12803,Wenquan
101,Conant,Blackmoor,cblackmoor2s@cam.ac.uk,Male,90.151.92.11,Human Resources,12235,Rawannawi Village
102,Hatty,Nozzolii,hnozzolii2t@t-online.de,Female,231.107.103.32,Human Resources,6423,Tefé
103,Allistir,Clotworthy,aclotworthy2u@tinyurl.com,Male,226.84.242.26,Information Technology (IT),5745,Elena
104,Orv,Callicott,ocallicott2v@paypal.com,Male,65.144.247.185,Finance,13508,Mora
105,Blondy,Signore,bsignore2w@ucoz.ru,Female,44.233.0.79,Human Resources,13442,Fryčovice
106,Sofie,Ickeringill,sickeringill2x@npr.org,Female,227.149.128.194,Human Resources,12592,Pangansalan
107,Bartel,Argent,bargent2y@webs.com,Polygender,191.96.160.21,Human Resources,7853,Demyansk
108,Emelda,McGurgan,emcgurgan2z@apple.com,Female,172.3.228.170,and Administration,9041,Barreirinhas
109,Flem,Cardoso,fcardoso30@a8.net,Agender,197.50.141.124,Sales,6311,Kiarajangkung
110,Aimee,Lahiff,alahiff31@deviantart.com,Female,76.34.115.134,Marketing,12890,Igang
111,Vicky,Canario,vcanario32@cyberchimps.com,Female,95.232.49.157,and Administration,6515,Roudnice nad Labem
112,Lona,Hugli,lhugli33@rediff.com,Female,241.178.30.200,and Administration,6982,Wuling
113,Hephzibah,Bowstead,hbowstead34@wikimedia.org,Female,22.192.13.170,Information Technology (IT),10577,Xiangba
114,Rikki,Coper,rcoper35@sciencedaily.com,Male,80.113.67.23,Information Technology (IT),6669,Nagrak
115,Ramsey,Muneely,rmuneely36@cdc.gov,Male,32.226.126.150,Human Resources,13188,Pieksämäki
116,Nicholas,Elijah,nelijah37@mail.ru,Male,155.58.244.145,Operations,8985,Bobota
117,Gayler,Kitchenman,gkitchenman38@walmart.com,Male,163.90.62.22,Customer Service,5333,Jiulong
118,Thorvald,Hubberstey,thubberstey39@ebay.co.uk,Male,221.55.39.56,and Administration,9009,Santa Paz
119,Carney,O'Reilly,coreilly3a@dot.gov,Male,138.124.167.162,Operations,10719,Taradale
120,Ford,Nibley,fnibley3b@meetup.com,Male,11.25.70.255,Information Technology (IT),8344,Al Fukhkhārī
121,Rodolph,Eggins,reggins3c@php.net,Male,64.122.7.102,Customer Service,7063,Florida
122,Ariana,Smalridge,asmalridge3d@oaic.gov.au,Agender,98.188.243.223,Human Resources,11558,Huyuan
123,Elicia,Beard,ebeard3e@mapy.cz,Female,231.106.145.60,and Administration,8888,Agpangi
124,Bale,Caller,bcaller3f@mapy.cz,Male,92.156.106.119,Sales,6531,Xuguang
125,Candie,Gowar,cgowar3g@hibu.com,Female,154.25.206.231,Sales,13658,Kladanj
126,Heloise,Gerardet,hgerardet3h@webnode.com,Female,253.143.70.7,Customer Service,8004,Arevashogh
127,Georgeta,Belvard,gbelvard3i@hao123.com,Female,113.120.145.215,Information Technology (IT),11217,Khŭjand
128,Chastity,Goggins,cgoggins3j@yellowpages.com,Female,144.25.213.80,Marketing,6437,Haifa
129,Cassy,Buckett,cbuckett3k@goo.ne.jp,Female,29.237.185.181,Research and Development (R&D),10690,Chãos
130,Francisca,Rushbrooke,frushbrooke3l@vkontakte.ru,Female,3.163.127.93,Customer Service,14484,Canguaretama
131,Amelina,Jancic,ajancic3m@bizjournals.com,Female,19.120.188.68,Operations,11089,Shangyang
132,Sondra,Kemston,skemston3n@samsung.com,Female,5.54.150.15,Customer Service,14852,Lutou
133,Aubrey,Durek,adurek3o@hibu.com,Female,38.108.46.145,Information Technology (IT),5104,Alindao
134,Trefor,Gimbart,tgimbart3p@dagondesign.com,Male,223.26.78.64,Finance,12486,Puteaux
135,Jedediah,Prandoni,jprandoni3q@apache.org,Male,50.62.54.204,Finance,7009,Linköping
136,Godfry,Poynter,gpoynter3r@wikimedia.org,Male,136.52.206.115,Finance,10985,P’rimorsk’oe
137,Norbie,Temprell,ntemprell3s@ca.gov,Male,225.5.99.128,and Administration,11332,Novyy Uoyan
138,Sanderson,Filkin,sfilkin3t@soup.io,Male,241.214.227.208,Marketing,12105,Lovas
139,Ruthie,Cluitt,rcluitt3u@gnu.org,Female,16.135.157.121,Customer Service,14827,Batangtoru
140,Johann,Tomlins,jtomlins3v@nsw.gov.au,Male,158.252.56.95,Customer Service,9562,Tanahwurung
141,Nicholle,Gilhooly,ngilhooly3w@youtu.be,Polygender,206.71.184.56,Finance,12109,Huanghu
142,Chastity,Golde,cgolde3x@aol.com,Female,17.178.82.78,Finance,8042,Piura
143,Tibold,Simco,tsimco3y@infoseek.co.jp,Male,250.103.155.164,Operations,14526,Maluko
144,Aloysia,Hartley,ahartley3z@domainmarket.com,Female,238.6.51.74,Operations,11085,Cisasak
145,Gawen,Inkles,ginkles40@etsy.com,Male,9.208.44.145,Marketing,8709,Khong
146,Milly,Alelsandrovich,malelsandrovich41@uiuc.edu,Female,117.234.217.78,and Administration,13966,Olenyok
147,Ezechiel,Swale,eswale42@networksolutions.com,Male,105.125.26.227,Human Resources,7154,Hanyuan
148,Harriett,Piegrome,hpiegrome43@diigo.com,Female,19.154.113.83,and Administration,8968,Tanjung Raja
149,Jamison,Dunford,jdunford44@nhs.uk,Male,21.241.25.99,Sales,10649,Batur Kidul
150,Correy,Bashford,cbashford45@google.com.hk,Male,203.91.112.59,Research and Development (R&D),7964,Vukatanë
151,Reba,Hindes,rhindes46@feedburner.com,Female,85.199.116.47,Information Technology (IT),8387,Lipin Bor
152,Liza,Whybray,lwhybray47@vinaora.com,Female,80.114.254.251,Sales,12846,Panan
153,Emelina,Kohn,ekohn48@independent.co.uk,Female,5.186.240.17,Operations,10755,Payxambabazar
154,Erl,McIlory,emcilory49@sourceforge.net,Male,113.233.21.57,Finance,5420,Santa Cruz del Sur
155,Teodoro,Fewtrell,tfewtrell4a@geocities.jp,Male,193.189.124.115,Human Resources,14653,Namyang-dong
156,Danya,Kitchiner,dkitchiner4b@rediff.com,Female,60.2.1.248,Information Technology (IT),13702,El Paso
157,Tris,Hasell,thasell4c@technorati.com,Male,168.50.36.26,Human Resources,10085,Kinkala
158,Brand,Schanke,bschanke4d@ning.com,Male,119.231.89.227,Operations,5718,Sanlanbahai
159,Celestia,O' Faherty,cofaherty4e@goo.gl,Female,18.46.126.221,Finance,12690,Mangli
160,Alfy,Whall,awhall4f@behance.net,Female,160.87.126.60,Marketing,7393,Fengshan
161,Dalila,Mattessen,dmattessen4g@cnn.com,Female,19.30.167.237,Research and Development (R&D),13641,Point Hill
162,Ozzy,Zink,ozink4h@hc360.com,Male,234.56.45.100,Human Resources,14281,Dayuan
163,Rick,Gimbart,rgimbart4i@marriott.com,Male,32.176.91.31,Finance,6481,Kostyantynivka
164,Burke,Hailes,bhailes4j@yandex.ru,Non-binary,226.100.131.200,Human Resources,6904,Postupice
165,Mil,Corryer,mcorryer4k@msu.edu,Female,174.218.207.206,Customer Service,10004,Mosquée
166,Bartholomeo,Damerell,bdamerell4l@flavors.me,Male,231.123.135.194,Customer Service,8241,Urrao
167,Cynthia,Tiery,ctiery4m@edublogs.org,Female,139.176.155.5,Customer Service,10601,Wongka
168,Shirl,Levins,slevins4n@fastcompany.com,Female,163.216.129.210,and Administration,12916,Shagamu
169,Jennette,Rumsby,jrumsby4o@baidu.com,Female,163.222.199.30,Operations,8788,Gunjur
170,Silvana,Tysack,stysack4p@amazonaws.com,Female,133.29.219.210,Human Resources,6599,Jargalant
171,Brooks,Spykins,bspykins4q@e-recht24.de,Male,140.68.110.33,Operations,9583,Khasht’arrak
172,Tremayne,Bonome,tbonome4r@linkedin.com,Male,110.139.155.180,Sales,8513,Wāling
173,Emlynn,Tickle,etickle4s@yale.edu,Female,230.222.50.215,Human Resources,11293,Sonder
174,Leonelle,Finessy,lfinessy4t@jiathis.com,Non-binary,101.118.181.125,Marketing,5768,Błonie
175,Tess,Todarello,ttodarello4u@histats.com,Female,246.234.251.196,Operations,8502,Penghua
176,Mira,Barends,mbarends4v@eventbrite.com,Female,174.159.120.78,Operations,11706,Khirdalan
177,Louis,Halhead,lhalhead4w@discuz.net,Male,165.31.213.171,Information Technology (IT),13071,Kampungtengah
178,Dewitt,Oluwatoyin,doluwatoyin4x@amazon.co.jp,Male,57.228.102.184,Customer Service,12319,Cilangkap
179,Faustine,Schultz,fschultz4y@fotki.com,Female,44.191.62.130,Research and Development (R&D),6733,Lapaz
180,Bud,Effnert,beffnert4z@reuters.com,Male,43.18.120.140,Customer Service,14510,Wangqingtuo
181,Carmon,Forsey,cforsey50@ask.com,Female,170.102.61.141,Finance,10216,Novoselitsa
182,Paige,Sherington,psherington51@examiner.com,Female,7.167.108.154,Information Technology (IT),6565,Malibong East
183,Glenine,Sorro,gsorro52@cdc.gov,Female,108.183.44.210,Customer Service,5303,Kui Buri
184,Ezequiel,Pinckney,epinckney53@ning.com,Male,116.192.174.66,Customer Service,10918,Cambará
185,Murray,Minet,mminet54@myspace.com,Male,226.85.81.141,Marketing,14669,Nguigmi
186,Alisun,Bratcher,abratcher55@bizjournals.com,Agender,219.159.225.9,Operations,6125,Kireyevsk
187,Eirena,Heball,eheball56@jiathis.com,Female,215.251.159.111,Operations,14248,Augusto Corrêa
188,Sayres,McClounan,smcclounan57@stumbleupon.com,Polygender,207.174.210.205,Marketing,8416,Guoduwan
189,Wenona,Paliser,wpaliser58@japanpost.jp,Agender,193.134.193.61,Information Technology (IT),5969,Hanyin Chengguanzhen
190,Dorelle,Mc Coughan,dmccoughan59@amazon.com,Female,53.168.52.221,Research and Development (R&D),12616,Mundão
191,Ingmar,Roskell,iroskell5a@nyu.edu,Male,222.211.96.149,Operations,12152,Moreira de Geraz do Lima
192,Nerita,Sumner,nsumner5b@google.com,Female,79.178.86.67,and Administration,11588,Mellila
193,Drucy,Croyden,dcroyden5c@ucla.edu,Female,177.14.84.91,Marketing,12437,Wajir
194,Leigh,Lohrensen,llohrensen5d@time.com,Male,243.108.69.123,Operations,5202,Gujun
195,Cecilius,Janek,cjanek5e@google.pl,Male,144.224.60.138,Operations,11825,Galutu
196,Steffen,Simak,ssimak5f@japanpost.jp,Male,191.97.248.228,Information Technology (IT),5465,Addis Ababa
197,Alon,Linnemann,alinnemann5g@slate.com,Male,192.143.156.169,Sales,14117,Al Hadā
198,Nelie,Lamberton,nlamberton5h@blog.com,Female,157.253.164.203,Human Resources,6735,Jinshan
199,Vanny,Rew,vrew5i@hugedomains.com,Genderqueer,65.202.38.193,Customer Service,13205,Frederiksberg
200,Cindelyn,Buer,cbuer5j@macromedia.com,Female,63.131.215.5,Operations,11871,Goiás
201,Joann,Shortland,jshortland5k@com.com,Female,11.220.190.33,Human Resources,7591,Muzambinho
202,Konrad,Antoniak,kantoniak5l@homestead.com,Male,128.226.111.223,Customer Service,9928,Krasnyy Lyman
203,Tobey,MacCorkell,tmaccorkell5m@gnu.org,Female,204.101.23.154,Information Technology (IT),10805,Papilawe
204,Clayborne,Pendergast,cpendergast5n@discuz.net,Male,233.204.10.194,and Administration,11210,Asahi
205,Bennie,Ayto,bayto5o@umn.edu,Female,53.243.243.132,Marketing,14353,Yuanyang
206,Faina,MacMechan,fmacmechan5p@ocn.ne.jp,Female,18.100.2.238,Operations,6317,Quinta de Valadares
207,Daryn,Sharrock,dsharrock5q@shutterfly.com,Female,161.154.36.125,Finance,10118,Ciudad Choluteca
208,Barbee,Deehan,bdeehan5r@baidu.com,Female,49.44.89.79,Finance,10896,Lyeskawka
209,Shepherd,Simony,ssimony5s@pen.io,Male,3.105.4.83,Human Resources,14191,Ḩājī Khēl
210,Shirl,Weins,sweins5t@ifeng.com,Female,198.232.5.151,Marketing,5991,Nakkila
211,Sari,Lesmonde,slesmonde5u@geocities.jp,Female,35.144.100.205,Customer Service,6850,Kalilangan
212,Fairfax,Kennford,fkennford5v@51.la,Male,22.104.208.111,Information Technology (IT),7995,Yanglin
213,Ulrika,Wilcox,uwilcox5w@clickbank.net,Female,112.9.208.179,Research and Development (R&D),11900,Příbor
214,Bunny,Edridge,bedridge5x@loc.gov,Female,112.237.196.192,Marketing,7746,Caraga
215,Gav,Duiged,gduiged5y@qq.com,Male,171.237.76.208,Sales,8529,Rabāţ-e Sangī-ye Pā’īn
216,Eberto,Bugge,ebugge5z@walmart.com,Male,223.21.118.209,Operations,5897,Fontainebleau
217,Yorker,Deedes,ydeedes60@fc2.com,Male,13.226.168.41,Information Technology (IT),9742,Manizales
218,Wendall,Hubert,whubert61@phpbb.com,Male,231.41.68.116,Human Resources,13616,Tubualá
219,Ines,Pickle,ipickle62@google.co.jp,Non-binary,145.70.50.174,and Administration,11213,Chencai
220,Dewitt,Stonehewer,dstonehewer63@shutterfly.com,Male,53.187.121.158,and Administration,11948,Villa Las Rosas
221,Auguste,Masdin,amasdin64@theglobeandmail.com,Female,122.62.119.140,Operations,7798,Choibalsan
222,Dianne,McLoney,dmcloney65@dailymail.co.uk,Female,222.185.104.43,Marketing,14641,Enjitsu
223,Jeremias,Crim,jcrim66@histats.com,Male,114.98.10.180,Marketing,7184,Kulaman
224,Sofia,Peinke,speinke67@netvibes.com,Female,226.173.220.219,Customer Service,14292,Namyangju
225,Jareb,Willacot,jwillacot68@ebay.co.uk,Male,160.103.148.248,Finance,8789,Suizhou
226,Dionysus,Cabrera,dcabrera69@flickr.com,Polygender,92.118.167.197,Finance,10703,Qingjiang
227,Eloisa,Paolucci,epaolucci6a@wikipedia.org,Female,202.58.19.0,Sales,10427,Gasan
228,Pietrek,Fishbie,pfishbie6b@usda.gov,Male,77.167.201.209,Finance,7924,Loma Alta
229,Alexandr,Kemston,akemston6c@1und1.de,Male,87.31.66.62,Research and Development (R&D),12796,Tejar
230,Ranique,Gealy,rgealy6d@pinterest.com,Female,117.201.28.125,Finance,14177,Junyang
231,Darya,Burnsall,dburnsall6e@mayoclinic.com,Female,165.239.66.187,Sales,7061,Yuzawa
232,Bradly,Mytton,bmytton6f@google.fr,Male,143.178.48.16,and Administration,11957,Dawei
233,Neddie,Basterfield,nbasterfield6g@virginia.edu,Male,255.93.149.117,Operations,9885,Piškorevci
234,Coretta,Yexley,cyexley6h@buzzfeed.com,Female,102.36.59.113,Sales,7319,São Marcos da Serra
235,Fernando,Bakeup,fbakeup6i@shinystat.com,Male,243.105.173.239,and Administration,10699,Leran
236,Shelley,Lintot,slintot6j@etsy.com,Female,139.7.41.3,Finance,9738,Lomma
237,Kaile,Doumerc,kdoumerc6k@creativecommons.org,Female,215.139.17.91,Marketing,13806,Sungai Iyu
238,Ariadne,Nyssen,anyssen6l@blogspot.com,Female,20.254.224.148,Human Resources,6165,Götene
239,Naomi,Brimm,nbrimm6m@ebay.com,Female,211.164.73.221,Customer Service,13451,Qarāwat Banī Zayd
240,Judas,Armer,jarmer6n@google.es,Male,200.245.102.133,Customer Service,10830,Apaga
241,Rossy,Harkess,rharkess6o@surveymonkey.com,Male,150.108.99.203,Operations,14659,Phù Cát
242,Raimund,Chesley,rchesley6p@live.com,Male,19.199.87.195,Customer Service,5816,Kwangyang
243,Chalmers,Merryfield,cmerryfield6q@prlog.org,Male,123.34.162.61,Customer Service,9363,Altunemil
244,Wilburt,Philcock,wphilcock6r@umich.edu,Male,182.33.136.162,Sales,11498,Ranot
245,Bethany,Risebrow,brisebrow6s@photobucket.com,Female,130.19.134.217,Customer Service,5832,Yaguajay
246,Dian,Tattoo,dtattoo6t@typepad.com,Female,89.106.141.35,Customer Service,10646,Tangkilsari
247,Betti,Carabine,bcarabine6u@wp.com,Female,178.86.46.77,Human Resources,13115,Bayt ‘Anān
248,Emalee,Dalby,edalby6v@japanpost.jp,Female,82.34.122.37,Operations,6604,Pridonskoy
249,Kiel,Spilsburie,kspilsburie6w@clickbank.net,Male,86.58.231.183,Information Technology (IT),10061,Huangshi
250,Brynne,Todman,btodman6x@imgur.com,Female,211.111.254.237,Research and Development (R&D),11533,Laiyang
251,Toddie,Shelborne,tshelborne6y@alibaba.com,Male,216.228.218.126,Sales,13637,Wuli
252,Selene,Heningham,sheningham6z@multiply.com,Female,209.37.105.230,Operations,8844,Erátyra
253,Arte,Eakeley,aeakeley70@amazon.de,Male,151.238.68.47,Customer Service,13698,Kamimaruko
254,Brantley,Hulstrom,bhulstrom71@yale.edu,Male,185.97.172.69,and Administration,12834,Haicheng
255,Audi,Booton,abooton72@cnbc.com,Female,84.30.186.247,Customer Service,13606,Yujia’ao
256,Brinn,Jarrold,bjarrold73@wsj.com,Female,151.108.128.230,Sales,5928,Masindi
257,Mata,Comelli,mcomelli74@so-net.ne.jp,Genderqueer,184.54.173.36,and Administration,14407,Saint-Sauveur
258,Alyson,Malek,amalek75@sun.com,Female,172.55.210.71,and Administration,7603,Remscheid
259,Fin,Everal,feveral76@tumblr.com,Polygender,235.251.49.78,Finance,9696,Yako
260,Ivor,Insoll,iinsoll77@elegantthemes.com,Male,6.168.206.154,Customer Service,5953,Lughaye
261,Phylys,Maciaszczyk,pmaciaszczyk78@bbc.co.uk,Female,121.47.213.206,Marketing,5196,Krasnokumskoye
262,Cad,Battin,cbattin79@usda.gov,Male,189.235.148.4,Information Technology (IT),12972,San José de Miranda
263,Brietta,Jaffa,bjaffa7a@cdc.gov,Female,246.216.208.6,Marketing,14172,Rizhao
264,Kin,Valiant,kvaliant7b@wordpress.com,Male,106.245.99.124,Customer Service,9884,Jesús María
265,Reta,Revett,rrevett7c@buzzfeed.com,Female,73.192.108.63,Research and Development (R&D),9711,Chang’an
266,Alfonse,Curnokk,acurnokk7d@si.edu,Male,210.192.50.184,Customer Service,6058,Castedo
267,Garnette,Peller,gpeller7e@ed.gov,Female,134.188.130.235,Operations,10316,Jiaoxie
268,Yankee,Berrington,yberrington7f@vimeo.com,Male,34.91.234.5,Operations,5053,La Aurora
269,Phyllis,Olivelli,polivelli7g@mashable.com,Female,119.62.15.57,Finance,6206,Waipukang
270,Brockie,Carrigan,bcarrigan7h@craigslist.org,Male,166.15.135.149,Customer Service,9611,Zhoutie
271,Stacee,Dalziell,sdalziell7i@tmall.com,Male,167.93.53.237,Information Technology (IT),7261,San Sebastian
272,Ailbert,Leithgoe,aleithgoe7j@state.tx.us,Male,102.106.70.76,Operations,7210,Banjar Parekan
273,Joellyn,Vaughn,jvaughn7k@cornell.edu,Female,13.112.138.96,Finance,6435,Copán
274,Consolata,Perott,cperott7l@ycombinator.com,Genderqueer,202.212.196.240,Research and Development (R&D),8039,San Cristóbal
275,Bartholomeo,Lonnon,blonnon7m@theglobeandmail.com,Male,48.215.113.66,Human Resources,11433,Paris 09
276,Retha,Larrie,rlarrie7n@geocities.com,Female,237.71.50.140,Finance,9302,Banes
277,Lovell,Vernall,lvernall7o@umich.edu,Male,213.224.23.196,Sales,8370,Dalupirip
278,Read,Fairs,rfairs7p@umn.edu,Male,179.57.128.120,Finance,7227,Lazi
279,Tarrance,Vandrill,tvandrill7q@furl.net,Male,210.35.87.99,Finance,13974,Zarechnyy
280,Webster,O'Cuddie,wocuddie7r@ocn.ne.jp,Male,128.226.234.27,Finance,14705,Tandayag
281,Maritsa,Curro,mcurro7s@washingtonpost.com,Female,135.122.212.2,Information Technology (IT),7373,Taytayan
282,Caspar,Rasch,crasch7t@taobao.com,Agender,234.71.163.230,Information Technology (IT),6291,Kalipare
283,Glory,Szymczyk,gszymczyk7u@devhub.com,Female,103.188.238.157,Research and Development (R&D),14824,Shuiji
284,Gale,Bacop,gbacop7v@cdbaby.com,Male,60.128.84.121,Marketing,6496,Blimbing
285,Lewiss,Saville,lsaville7w@hhs.gov,Male,73.223.235.123,Sales,6799,Frontignan
286,Clerkclaude,Licciardiello,clicciardiello7x@yellowbook.com,Male,149.27.199.145,and Administration,13860,‘Izrā
287,Shaina,Coulman,scoulman7y@list-manage.com,Genderfluid,179.187.148.248,Operations,14033,Gojō
288,Bruno,Huck,bhuck7z@mapquest.com,Male,101.9.101.72,Research and Development (R&D),5324,Haocun
289,Kandy,Tisun,ktisun80@samsung.com,Female,140.61.204.200,Operations,12934,Deje
290,Costa,D'Alwis,cdalwis81@weebly.com,Male,117.222.66.245,Marketing,14771,Makungu
291,Fair,Leverich,fleverich82@digg.com,Male,81.82.31.43,Marketing,9533,Rawaglagah
292,Carney,Bartzen,cbartzen83@springer.com,Male,108.4.98.239,Marketing,12423,Bratslav
293,Persis,Aldham,paldham84@sciencedaily.com,Female,209.235.61.245,Sales,14936,Mosteiro
294,Merline,Vollam,mvollam85@blogtalkradio.com,Female,134.203.235.61,Sales,7769,San José de Comayagua
295,Meara,Wadforth,mwadforth86@bbc.co.uk,Female,166.153.255.109,Human Resources,7811,Lavezares
296,Brigid,Gossan,bgossan87@dailymail.co.uk,Female,161.215.118.159,and Administration,5979,Senta
297,Leonora,Salling,lsalling88@alibaba.com,Female,155.16.60.14,and Administration,10117,Krajan Satu
298,Baryram,Grafham,bgrafham89@eventbrite.com,Male,197.11.18.13,Research and Development (R&D),14654,Wysokie Mazowieckie
299,Leone,Kennet,lkennet8a@networkadvertising.org,Female,253.120.145.242,Sales,8619,Dire Dawa
300,Keriann,Hens,khens8b@deliciousdays.com,Female,73.213.183.103,Operations,6482,Estância
301,Mahmoud,Blenkin,mblenkin8c@soup.io,Male,153.188.227.143,Human Resources,12003,Vila Chã de Ourique
302,Merrick,Frickey,mfrickey8d@dmoz.org,Male,251.136.34.215,Research and Development (R&D),7957,Rukaj
303,Lindsay,Burlay,lburlay8e@mayoclinic.com,Female,81.135.240.226,Operations,10695,Gunungmanik
304,Abbi,Pollastrone,apollastrone8f@reuters.com,Female,250.200.51.137,Human Resources,7718,Bornu Yassu
305,Georgeta,Deveril,gdeveril8g@de.vu,Female,171.112.198.60,Finance,10923,Kuala Terengganu
306,Celestyna,Rowlands,crowlands8h@amazon.co.uk,Female,184.38.223.70,Finance,7841,Khairiahmandah
307,Amitie,Balcon,abalcon8i@marketwatch.com,Female,34.190.150.145,Information Technology (IT),13557,Nyimba
308,Vanna,Oller,voller8j@com.com,Female,85.97.104.229,Research and Development (R&D),7746,Kilafors
309,Tripp,Blanko,tblanko8k@nyu.edu,Male,31.202.93.130,Finance,14200,Ambon
310,Field,Smallsman,fsmallsman8l@apache.org,Male,158.196.178.24,Information Technology (IT),6681,Mabini
311,Rosie,Laborde,rlaborde8m@amazon.de,Polygender,185.59.164.64,Information Technology (IT),11035,Svetogorsk
312,Sheila-kathryn,Mabe,smabe8n@pagesperso-orange.fr,Agender,72.66.249.30,Information Technology (IT),11727,Bells Corners
313,Quinn,Riddel,qriddel8o@hud.gov,Male,44.64.111.116,Customer Service,6976,Lago da Pedra
314,Torrie,De La Salle,tdelasalle8p@cmu.edu,Female,31.120.142.244,Research and Development (R&D),10184,Khuzdār
315,Emory,Snipe,esnipe8q@csmonitor.com,Male,195.145.72.30,Human Resources,5974,Xinchengzi
316,Gerik,Raecroft,graecroft8r@ft.com,Male,19.78.7.179,Research and Development (R&D),10914,Mosal’sk
317,Maurizia,Hooks,mhooks8s@comcast.net,Female,231.35.5.166,Research and Development (R&D),6120,Liliongan
318,Madelin,Ingarfill,mingarfill8t@dailymotion.com,Genderqueer,77.149.43.235,Finance,8307,Birnin Kebbi
319,Morrie,Belfrage,mbelfrage8u@craigslist.org,Male,236.90.74.56,and Administration,13265,Banjarsari
320,Marcia,Emblow,memblow8v@ifeng.com,Genderfluid,35.15.155.188,Marketing,9260,Gampingan
321,Arnoldo,Esposi,aesposi8w@photobucket.com,Male,172.117.54.142,Operations,14717,Xylotymbou
322,Wheeler,Follan,wfollan8x@eventbrite.com,Male,240.211.99.20,Marketing,5904,Chiguirip
323,Abigail,Curtiss,acurtiss8y@newsvine.com,Female,83.143.167.64,Finance,9239,Áyios Vasílios
324,Crysta,Matzaitis,cmatzaitis8z@github.io,Female,93.176.23.182,Research and Development (R&D),6438,Dayr Sāmit
325,Theresita,Tregenza,ttregenza90@hhs.gov,Female,85.108.200.86,Information Technology (IT),6384,Kolomanu
326,Solly,Leythley,sleythley91@shareasale.com,Male,9.184.115.214,Sales,7867,Isangel
327,Jacqui,Hawksworth,jhawksworth92@xing.com,Female,189.121.112.34,Customer Service,10678,Depapre
328,Fraser,Ferryn,fferryn93@weather.com,Male,94.103.149.181,Information Technology (IT),10992,Haarlem
329,Laurena,Finnimore,lfinnimore94@cnet.com,Female,29.126.47.42,Finance,14183,Lagoa
330,Adara,Hankin,ahankin95@desdev.cn,Genderqueer,108.88.25.135,Operations,6298,Tōkamachi
331,Danice,Stienham,dstienham96@paginegialle.it,Female,108.73.48.126,Operations,10183,La Mohammedia
332,Mella,Brasted,mbrasted97@bloglines.com,Female,217.123.161.79,and Administration,6195,Kotaagung
333,Normy,Booij,nbooij98@taobao.com,Male,198.127.53.69,Sales,13123,Citarik
334,Nat,Livingston,nlivingston99@disqus.com,Male,127.119.3.36,and Administration,11423,Bydgoszcz
335,Mal,Werrilow,mwerrilow9a@pagesperso-orange.fr,Male,119.17.219.148,Information Technology (IT),12776,Kuala Lumpur
336,Barbara,Kollach,bkollach9b@pbs.org,Female,244.160.91.177,Customer Service,10493,Pucangkrajan
337,Jade,Jackman,jjackman9c@si.edu,Female,58.37.47.113,Research and Development (R&D),12937,Canauay
338,Mag,Hardern,mhardern9d@canalblog.com,Female,125.69.230.163,Sales,13256,Hartford
339,Elvera,Reddyhoff,ereddyhoff9e@icq.com,Polygender,38.117.94.131,Finance,13476,Gangba
340,Clareta,Sultan,csultan9f@linkedin.com,Female,50.51.135.103,Information Technology (IT),9659,Xinkai
341,Junia,Saiger,jsaiger9g@chicagotribune.com,Female,188.148.136.228,and Administration,5865,Phra Pradaeng
342,Waite,Shergold,wshergold9h@quantcast.com,Male,7.184.189.167,and Administration,9680,Kašperské Hory
343,Neal,Halls,nhalls9i@google.nl,Male,134.219.214.222,Research and Development (R&D),6553,Mundri
344,Doti,Ecles,decles9j@cpanel.net,Female,4.1.62.203,Information Technology (IT),7009,Krajan
345,Beaufort,Glasson,bglasson9k@vinaora.com,Male,175.114.131.37,Marketing,13299,Las Tejeras
346,Honey,Burgot,hburgot9l@chron.com,Female,134.232.150.39,Sales,14989,Llacanora
347,Rubin,Wateridge,rwateridge9m@google.com.hk,Male,65.180.209.163,Human Resources,10394,Jiujiang
348,Oliviero,Hambric,ohambric9n@stanford.edu,Male,111.70.133.78,Operations,6008,Cabalawan
349,Sherman,Statersfield,sstatersfield9o@google.pl,Male,103.149.187.244,Human Resources,14186,Grazhdanka
350,Chad,Rollins,crollins9p@wisc.edu,Male,151.102.102.150,Research and Development (R&D),7121,Yumbel
351,Nicolea,Tildesley,ntildesley9q@seattletimes.com,Female,34.79.188.0,Customer Service,13292,Cibeunying
352,Luce,Bickford,lbickford9r@wiley.com,Male,82.194.209.40,Sales,8250,Farsta
353,Ewan,Kencott,ekencott9s@nifty.com,Male,238.110.64.192,Customer Service,7741,Fovissste
354,Eileen,Cutress,ecutress9t@patch.com,Female,145.39.13.39,Information Technology (IT),6263,Xilanqi
355,Yankee,Tommei,ytommei9u@microsoft.com,Male,167.83.38.134,Operations,7501,Yudaikelike
356,Keelby,Tebb,ktebb9v@phpbb.com,Male,226.5.241.156,and Administration,12965,Saint-Grégoire
357,Phil,Stobbart,pstobbart9w@house.gov,Female,203.111.196.112,Human Resources,5088,Manokwari
358,Noella,Morrel,nmorrel9x@businesswire.com,Female,142.91.254.45,Marketing,5056,Sorinomo
359,Modesty,Gotling,mgotling9y@gravatar.com,Genderfluid,163.48.120.223,Research and Development (R&D),5967,Santa Ana
360,Nert,Sheavills,nsheavills9z@angelfire.com,Female,103.210.86.53,Marketing,9885,Shah Alam
361,Gerard,Obal,gobala0@businesswire.com,Male,79.90.51.236,Human Resources,12570,Banqiao
362,Rosalyn,Swadlin,rswadlina1@kickstarter.com,Female,163.27.41.9,Human Resources,10478,Oropós
363,Missie,Maliphant,mmaliphanta2@1und1.de,Female,236.197.130.39,and Administration,12226,Trondheim
364,Pam,Gottelier,pgotteliera3@flavors.me,Female,253.227.95.214,and Administration,10242,Kopayhorod
365,Roda,Pawlick,rpawlicka4@gravatar.com,Female,22.255.162.197,Research and Development (R&D),13211,Čair
366,Brandy,Cattemull,bcattemulla5@nyu.edu,Male,254.38.195.226,Operations,13755,Fengshan
367,Aila,Govey,agoveya6@alibaba.com,Female,75.26.185.149,Operations,12413,Russeifa
368,Kale,Oblein,kobleina7@pagesperso-orange.fr,Male,58.215.10.58,and Administration,8509,Liangshuijing
369,Eb,Guiton,eguitona8@unc.edu,Male,192.130.247.216,Finance,13980,Wadusari
370,Odette,Loseke,olosekea9@walmart.com,Female,82.0.212.118,Sales,8646,Wassa-Akropong
371,Vernor,Sign,vsignaa@linkedin.com,Male,233.27.122.135,and Administration,7632,Taliouine
372,Janey,Stirrup,jstirrupab@sun.com,Female,140.118.114.87,Sales,8958,Menggala
373,Kevyn,Kirgan,kkirganac@shutterfly.com,Bigender,92.47.81.204,Sales,7545,Muli
374,Pepe,Ennor,pennorad@theguardian.com,Male,204.228.47.218,Sales,11853,Mercedes
375,Annabela,Parr,aparrae@issuu.com,Female,55.131.99.99,Human Resources,12412,Beicheng
376,Augustina,St Clair,astclairaf@blog.com,Female,14.169.50.66,Research and Development (R&D),10476,Bantu
377,Melinde,Brinkworth,mbrinkworthag@ocn.ne.jp,Agender,255.145.32.163,Human Resources,11954,Jinping
378,Gae,Antonietti,gantoniettiah@scientificamerican.com,Genderqueer,192.114.182.228,and Administration,11879,Kore
379,Natale,Nardrup,nnardrupai@bbc.co.uk,Male,127.246.160.192,and Administration,7915,Azul
380,Cleavland,Hamshar,chamsharaj@dmoz.org,Agender,38.211.76.187,Customer Service,8490,Międzyrzecz
381,Tait,Fearnehough,tfearnehoughak@amazon.com,Male,173.112.41.79,Customer Service,12446,Janas
382,Donn,Aire,daireal@soup.io,Male,7.143.222.35,Finance,7530,Bratsk
383,Godart,Gomes,ggomesam@usnews.com,Male,123.77.220.58,Sales,13253,Adjumani
384,Karylin,Zanetello,kzanetelloan@mysql.com,Female,235.160.111.97,Research and Development (R&D),14935,Huayang
385,Coleman,Pheasey,cpheaseyao@si.edu,Male,198.30.25.230,Human Resources,11212,Chambéry
386,Staci,Dumingo,sdumingoap@etsy.com,Female,235.93.198.11,Information Technology (IT),13394,New York City
387,Romain,Twinborough,rtwinboroughaq@mozilla.com,Male,6.145.53.36,Research and Development (R&D),5003,Bílovice
388,Herculie,Guare,hguarear@nba.com,Male,157.120.188.104,Research and Development (R&D),9086,Hāgere Selam
389,Cate,Abbett,cabbettas@bizjournals.com,Female,52.83.106.118,Finance,9929,Calsib
390,Kennith,Rennick,krennickat@java.com,Male,157.167.79.116,Finance,7018,Krajan Nglinggis
391,Amelina,Mereweather,amereweatherau@shareasale.com,Female,221.196.121.242,and Administration,12707,Sredniy
392,Kyle,Else,kelseav@utexas.edu,Male,238.151.236.28,Finance,13297,Tvŭrditsa
393,Vickie,Dunston,vdunstonaw@cafepress.com,Genderfluid,50.32.146.148,Information Technology (IT),14684,Nadezhda
394,Trumaine,MacTeggart,tmacteggartax@cdbaby.com,Male,186.102.186.34,Marketing,12307,Elassóna
395,Shannah,Brandassi,sbrandassiay@google.pl,Genderqueer,60.117.83.149,Information Technology (IT),9824,Municipio de Copacabana
396,Holden,Pococke,hpocockeaz@dion.ne.jp,Male,26.252.89.77,Finance,13858,Renhe
397,Gerry,Middleditch,gmiddleditchb0@tripadvisor.com,Male,213.106.95.138,Sales,12761,Nicola Town
398,Doug,Dunrige,ddunrigeb1@un.org,Male,69.37.178.88,Marketing,10750,Weiqi
399,Ed,Bathowe,ebathoweb2@howstuffworks.com,Male,6.84.49.229,Human Resources,8493,Hanting
400,Felipe,Colton,fcoltonb3@parallels.com,Non-binary,56.71.202.206,Research and Development (R&D),7618,Fengshan
401,Brew,Keatley,bkeatleyb4@liveinternet.ru,Male,183.28.29.36,Finance,8376,Bama
402,Abbott,Hawkeswood,ahawkeswoodb5@webnode.com,Male,88.36.67.48,Marketing,12774,Arujá
403,Rozalie,Mountlow,rmountlowb6@e-recht24.de,Female,98.98.113.228,Information Technology (IT),13482,Pasadena
404,Jackquelin,Belham,jbelhamb7@angelfire.com,Polygender,47.93.131.172,Research and Development (R&D),8193,Ganjiangtou
405,Lawry,Ivanov,livanovb8@mapy.cz,Polygender,157.56.188.60,Research and Development (R&D),9701,Mauá
406,Abram,Kench,akenchb9@mashable.com,Male,6.41.123.68,Research and Development (R&D),9830,Bobon
407,Lexy,Hurling,lhurlingba@boston.com,Female,28.41.123.26,and Administration,8285,Beisijiazi
408,Claudianus,Pietrzak,cpietrzakbb@theguardian.com,Male,34.80.169.6,Customer Service,9474,Paltamo
409,Golda,Orans,goransbc@twitpic.com,Female,143.58.142.189,and Administration,8684,Zhangbagou
410,Nikolos,Rozenbaum,nrozenbaumbd@goodreads.com,Male,208.235.215.5,Customer Service,10622,Belize City
411,Eli,Byfield,ebyfieldbe@imdb.com,Male,175.129.9.70,Sales,7562,Vitória
412,Gale,Creevy,gcreevybf@time.com,Female,66.24.12.60,Research and Development (R&D),5497,Roioen
413,Henriette,Borg,hborgbg@unblog.fr,Female,154.33.226.175,Human Resources,11244,Kaustinen
414,Kathlin,Storah,kstorahbh@aboutads.info,Female,198.182.91.16,Information Technology (IT),7195,Atamyrat
415,Elmo,Feavyour,efeavyourbi@yale.edu,Male,131.94.235.232,Marketing,7023,Nairobi
416,Cristal,Berthel,cberthelbj@elpais.com,Female,21.55.117.84,and Administration,13705,Newark
417,Seumas,Ebden,sebdenbk@skyrock.com,Male,32.217.250.38,Finance,5007,San Isidro
418,Noach,Tapenden,ntapendenbl@si.edu,Male,156.22.247.65,Marketing,5161,Refojos de Riba de Ave
419,Thornton,Kesper,tkesperbm@1und1.de,Male,177.134.187.99,Information Technology (IT),12314,Aurelliana
420,Angeli,Parysiak,aparysiakbn@twitpic.com,Male,247.157.241.18,Information Technology (IT),14357,Loujiadian
421,Leighton,Pedro,lpedrobo@businessweek.com,Male,45.155.236.6,and Administration,10374,Tongli
422,Augy,McCurt,amccurtbp@storify.com,Male,126.74.189.27,Marketing,8740,Penanggal
423,Andria,Butler,abutlerbq@google.co.jp,Female,64.118.61.76,Research and Development (R&D),5219,Yangmiao
424,Eloise,Peetermann,epeetermannbr@howstuffworks.com,Female,178.101.90.67,Customer Service,10422,Xiangfeng
425,Berkeley,Matchell,bmatchellbs@macromedia.com,Male,70.66.174.19,Sales,9334,Nikolina Gora
426,Suzanna,Thunnercliffe,sthunnercliffebt@icio.us,Female,206.136.21.96,Customer Service,8323,Haninge
427,Dorie,De Goey,ddegoeybu@hud.gov,Male,207.52.207.40,Finance,12768,Asker
428,Bronson,Wulfinger,bwulfingerbv@who.int,Male,239.227.192.206,Finance,11104,Xietang
429,Noreen,O'Codihie,nocodihiebw@com.com,Genderqueer,242.182.103.233,Marketing,6718,Banturkrajan
430,Kym,Birtchnell,kbirtchnellbx@oracle.com,Female,113.250.157.211,Information Technology (IT),10997,Weiguo
431,Charmane,O' Bee,cobeeby@free.fr,Female,153.141.24.224,Sales,12454,Sukamaju Kidul
432,Willa,Troyes,wtroyesbz@acquirethisname.com,Female,218.183.112.128,Marketing,11862,Tambakan
433,Caritta,Bonellie,cbonelliec0@wsj.com,Female,79.15.98.221,Human Resources,14621,Nizhnekamsk
434,Joel,Miller,jmillerc1@shinystat.com,Male,13.74.104.208,Information Technology (IT),10501,Damnoen Saduak
435,Mirabel,Billingsley,mbillingsleyc2@imdb.com,Female,96.143.103.210,Human Resources,11974,Weru
436,Masha,Blackboro,mblackboroc3@yahoo.co.jp,Female,182.180.59.113,Sales,11993,Timbó
437,Melamie,Craggs,mcraggsc4@fda.gov,Female,231.92.0.115,Human Resources,10647,Kivijärvi
438,Lora,Brownstein,lbrownsteinc5@themeforest.net,Genderqueer,46.84.95.94,Marketing,7875,Xintang
439,Biddie,Bricknall,bbricknallc6@newsvine.com,Female,84.178.83.38,Operations,14136,Torreira
440,Granville,Habbema,ghabbemac7@cdc.gov,Male,178.145.175.243,Operations,11755,Ukrainka
441,Piper,Culverhouse,pculverhousec8@ucsd.edu,Non-binary,140.21.170.248,Sales,12004,Pilpichaca
442,Madelyn,Weddell,mweddellc9@drupal.org,Female,127.247.14.255,Human Resources,9156,Venëv
443,Xever,Depka,xdepkaca@hatena.ne.jp,Male,169.131.227.52,Operations,7508,Mandaue City
444,Tracee,Ricciardiello,tricciardiellocb@oakley.com,Female,108.244.234.222,Research and Development (R&D),5746,Jankovec
445,Alysia,Eblein,aebleincc@miibeian.gov.cn,Female,130.190.161.47,Customer Service,7809,Huafeng
446,Teddy,Pretswell,tpretswellcd@mlb.com,Female,198.197.88.140,Sales,5680,Sirte
447,Kimberlee,Crosskell,kcrosskellce@mysql.com,Female,166.143.71.66,Customer Service,8131,Longtang
448,Gillian,Evans,gevanscf@ucsd.edu,Female,90.171.182.240,Marketing,6056,Gharyan
449,Jae,Kinton,jkintoncg@xrea.com,Male,225.236.36.30,Sales,7969,Buyunshan
450,Alfred,Oliveti,aolivetich@yolasite.com,Male,253.250.57.30,Operations,8593,Kotor
451,Annmaria,Chaddock,achaddockci@irs.gov,Female,115.2.105.47,and Administration,14483,Savé
452,Aurelie,Ellesmere,aellesmerecj@weather.com,Female,88.71.170.100,Research and Development (R&D),11907,Vrtojba
453,Werner,Tackell,wtackellck@ehow.com,Male,3.6.85.34,Customer Service,6221,Chengguan
454,Alwin,Price,apricecl@sbwire.com,Male,34.75.173.36,and Administration,8554,Phùng
455,Renee,Whitlock,rwhitlockcm@hatena.ne.jp,Female,115.68.83.18,Research and Development (R&D),12616,Filipstad
456,Pennie,Curgenven,pcurgenvencn@yale.edu,Female,83.209.44.79,and Administration,5966,Brumadinho
457,Ignacius,Willeson,iwillesonco@princeton.edu,Male,170.143.183.35,Customer Service,12571,Jianshe
458,Abram,Simchenko,asimchenkocp@thetimes.co.uk,Male,213.253.87.70,Operations,11086,Glan
459,Basilio,McCarney,bmccarneycq@mozilla.com,Male,126.72.169.235,Operations,12188,Buffalo
460,Lyndy,Ballam,lballamcr@alexa.com,Female,28.106.141.51,Human Resources,10565,Malakwāl
461,Win,Chapiro,wchapirocs@ustream.tv,Male,14.27.134.215,Sales,13904,Río Cuarto
462,Sanson,McFetridge,smcfetridgect@msu.edu,Male,148.23.99.175,Finance,7253,Muyuzi
463,Solomon,Poschel,sposchelcu@jugem.jp,Male,204.217.84.142,Finance,10453,Niulanshan
464,Lloyd,Kleinmintz,lkleinmintzcv@pcworld.com,Male,99.63.163.40,Finance,13540,Bantul
465,Caria,Schultes,cschultescw@omniture.com,Female,106.220.119.75,Research and Development (R&D),10479,Miaoya
466,Riobard,Bodicum,rbodicumcx@alibaba.com,Male,1.86.60.165,Finance,5069,Fengqiao
467,Libbi,Krolman,lkrolmancy@columbia.edu,Female,36.202.8.45,Operations,14620,Yonago
468,Irwinn,Dallison,idallisoncz@nytimes.com,Male,17.143.175.215,Information Technology (IT),12760,Sirindhorn
469,Bobbe,Rowles,browlesd0@illinois.edu,Female,185.86.203.144,Sales,8223,Khallat Şāliḩ
470,Gaspard,Giovanizio,ggiovaniziod1@gmpg.org,Male,16.19.222.94,Sales,5435,San Quintin
471,Jacky,Brankley,jbrankleyd2@cbsnews.com,Female,14.199.103.55,Operations,14631,Genyem
472,Willem,Burras,wburrasd3@desdev.cn,Male,248.82.213.22,Sales,12834,Donghai
473,Barbabra,Flockhart,bflockhartd4@last.fm,Female,24.158.92.182,Finance,8170,Walichnowy
474,Horatia,Pinfold,hpinfoldd5@auda.org.au,Female,187.155.242.175,Finance,9190,Balakhta
475,Victor,Whiscard,vwhiscardd6@pagesperso-orange.fr,Male,172.176.67.132,Finance,6188,Uvira
476,Shamus,Dreus,sdreusd7@scientificamerican.com,Non-binary,160.133.1.141,Customer Service,13363,Vannes
477,Dyane,Pyvis,dpyvisd8@seesaa.net,Female,162.69.15.237,Information Technology (IT),13487,Dalong
478,Cletus,Mussilli,cmussillid9@youtube.com,Male,107.238.96.182,Information Technology (IT),14921,Biguaçu
479,Thibaut,Patient,tpatientda@amazon.de,Male,57.224.42.29,Finance,5172,Grand-Bassam
480,Ozzy,Faulkes,ofaulkesdb@techcrunch.com,Male,76.123.147.203,Sales,6713,Żernica
481,Gale,Raison,graisondc@princeton.edu,Female,72.193.95.245,and Administration,11798,Kiritsy
482,Pippo,Lovejoy,plovejoydd@blinklist.com,Male,80.160.107.54,Sales,11296,Cihurip Satu
483,Beniamino,Georges,bgeorgesde@printfriendly.com,Male,237.166.50.253,Marketing,14816,Embi
484,Vic,Ickovits,vickovitsdf@hatena.ne.jp,Male,189.68.143.16,Marketing,12294,Jaguarari
485,Ulrikaumeko,Lembke,ulembkedg@merriam-webster.com,Agender,157.195.201.97,Marketing,12009,Gunjur
486,Ruddie,Meachan,rmeachandh@storify.com,Male,50.129.27.246,Finance,10443,Novi Karlovci
487,Odo,Sines,osinesdi@godaddy.com,Male,43.72.30.115,Customer Service,10520,Seshcha
488,Jessamyn,Jinkin,jjinkindj@phpbb.com,Female,63.10.89.182,Marketing,14921,Nagareyama
489,Aila,Limerick,alimerickdk@abc.net.au,Genderfluid,111.226.229.56,and Administration,9806,Dinggou
490,Munroe,Beverstock,mbeverstockdl@ucsd.edu,Male,215.159.115.171,Marketing,5886,Kuandian
491,Cullen,Baigrie,cbaigriedm@un.org,Male,81.196.202.246,Customer Service,12716,Qukuhu
492,Neil,Costain,ncostaindn@reverbnation.com,Male,150.192.81.243,Operations,12186,Moate
493,Ailsun,Kollas,akollasdo@studiopress.com,Non-binary,28.3.160.83,Information Technology (IT),14141,Malummaduri
494,Evelin,Brack,ebrackdp@meetup.com,Male,37.84.112.112,Human Resources,13897,Voznesenskaya
495,Valentino,Trosdall,vtrosdalldq@examiner.com,Male,2.69.165.218,Sales,5724,Mikhnëvo
496,Dre,O'Fallone,dofallonedr@cloudflare.com,Agender,200.57.210.158,Human Resources,5202,Västra Frölunda
497,Page,Stockow,pstockowds@unblog.fr,Female,213.49.92.36,Finance,13100,Offenbach
498,Caroljean,Wheaton,cwheatondt@webnode.com,Genderqueer,110.63.205.122,Finance,5110,Zwolle
499,Algernon,Day,adaydu@jimdo.com,Male,184.4.216.238,Finance,9898,Santiago de María
500,Clio,Orcas,corcasdv@jimdo.com,Female,87.72.122.21,Finance,8565,Krajan
501,Lindsy,Yerson,lyersondw@ehow.com,Female,40.11.238.127,Customer Service,6405,Sekirnik
502,Celina,Annice,cannicedx@pagesperso-orange.fr,Female,161.7.70.161,Finance,12994,Jati
503,Fayette,Attril,fattrildy@google.ca,Female,193.6.157.86,Human Resources,9786,Potrerillos Arriba
504,Panchito,Ramelet,prameletdz@bigcartel.com,Male,229.238.107.176,Operations,13384,La Huerta
505,Janith,Itzcak,jitzcake0@washingtonpost.com,Female,193.0.191.118,Human Resources,9675,Morelos
506,Camila,Kill,ckille1@ameblo.jp,Female,191.207.26.128,and Administration,6148,Boa Vista
507,Carrissa,Dines,cdinese2@w3.org,Female,215.248.87.117,Research and Development (R&D),5930,Chorotis
508,Bevan,Cossem,bcosseme3@sina.com.cn,Male,22.210.243.96,Research and Development (R&D),12405,Želetava
509,Vita,Gillmore,vgillmoree4@youtu.be,Female,167.80.22.78,Research and Development (R&D),9448,Santo Antônio de Jesus
510,Evey,Wytchard,ewytcharde5@independent.co.uk,Female,153.245.110.130,Information Technology (IT),6362,Świlcza
511,Florinda,Uc,fuce6@creativecommons.org,Female,170.76.178.121,Sales,14842,Bromma
512,Isador,Vedenyapin,ivedenyapine7@desdev.cn,Male,161.93.141.153,Marketing,10452,Tres Isletas
513,Georgeanna,Proctor,gproctore8@bing.com,Female,26.254.172.100,and Administration,9955,Pakalongan
514,Gannon,Fullom,gfullome9@economist.com,Male,192.9.160.250,Operations,10219,Dikhil
515,Star,Rissen,srissenea@vk.com,Female,243.32.98.190,Human Resources,9013,Tangchi
516,Bryant,Lichtfoth,blichtfotheb@bizjournals.com,Male,29.214.239.181,Customer Service,6603,Bakung
517,Donn,Flanner,dflannerec@tamu.edu,Male,236.197.101.235,Finance,6119,Ulichnoye
518,Charlene,Gissop,cgissoped@ihg.com,Polygender,225.101.36.117,and Administration,12456,Ludvika
519,Feliza,Del Monte,fdelmonteee@slideshare.net,Non-binary,37.24.222.91,Information Technology (IT),5806,Santa Maria
520,Torey,Klimmek,tklimmekef@vistaprint.com,Male,24.230.119.159,Research and Development (R&D),7876,Niandou
521,Cy,Cleere,ccleereeg@yellowpages.com,Male,13.211.169.15,Human Resources,9189,Aianí
522,Leelah,Jakoubek,ljakoubekeh@mit.edu,Female,24.139.217.21,Sales,10389,El Aguacate
523,Gav,Humbert,ghumbertei@quantcast.com,Genderqueer,15.38.14.52,Information Technology (IT),7958,Anxi
524,Steve,Eckh,seckhej@sogou.com,Male,28.30.68.123,Marketing,12847,Langchi
525,Laura,Vina,lvinaek@typepad.com,Female,71.35.229.2,Finance,7538,San Diego
526,Luciana,Brosi,lbrosiel@liveinternet.ru,Female,164.173.56.203,Research and Development (R&D),10389,San Ignacio de Tupile
527,Dillie,Fearnehough,dfearnehoughem@thetimes.co.uk,Male,248.224.26.85,Sales,7276,Lebu
528,Fayre,Ormiston,formistonen@ifeng.com,Female,47.150.173.17,and Administration,10471,Jablonné nad Orlicí
529,Betty,Westbrook,bwestbrookeo@soup.io,Female,4.145.31.199,Information Technology (IT),10001,Curepipe
530,Teddy,McMillan,tmcmillanep@cloudflare.com,Genderfluid,240.47.148.18,Human Resources,9162,San Francisco de Coray
531,Lavina,Mayze,lmayzeeq@weather.com,Female,127.130.152.18,Customer Service,13775,Hobo
532,Pietro,Yurivtsev,pyurivtsever@flickr.com,Male,60.206.103.219,Customer Service,14573,Nginokrajan
533,Filmer,Greatbach,fgreatbaches@nationalgeographic.com,Non-binary,81.26.236.211,Information Technology (IT),13442,Dukuhturi
534,Aldis,While,awhileet@1688.com,Male,127.248.61.118,Finance,7151,Shtip
535,Goldina,Rushe,grusheeu@cnet.com,Female,64.229.121.106,and Administration,14533,Cibaregbeg Dua
536,Pearce,Bagehot,pbagehotev@google.de,Male,209.107.62.213,Research and Development (R&D),7423,Bulu
537,Beatrix,Houlston,bhoulstonew@booking.com,Female,63.185.17.58,Information Technology (IT),10876,Khotiv
538,Dacey,Winyard,dwinyardex@who.int,Female,179.218.88.32,Human Resources,7470,Watthana Nakhon
539,Jammie,Ewells,jewellsey@seesaa.net,Female,216.159.147.128,Operations,11177,Gaoliban
540,Orelie,Benbrick,obenbrickez@wisc.edu,Female,5.160.68.201,Human Resources,5822,Néa Filadélfeia
541,Lowell,MacGillivrie,lmacgillivrief0@prlog.org,Male,250.67.134.234,Operations,9516,Shīnḏanḏ
542,Adair,Maden,amadenf1@cnet.com,Male,236.192.111.180,Marketing,14894,Ostrogozhsk
543,Claus,Cansdill,ccansdillf2@ask.com,Male,191.165.168.147,Operations,12484,Trmice
544,Esmaria,Gout,egoutf3@xrea.com,Female,63.182.204.230,Research and Development (R&D),5925,Lyskovo
545,Bobina,Caslett,bcaslettf4@phoca.cz,Female,193.34.21.239,Marketing,6902,Qiling
546,Lelah,Chmiel,lchmielf5@gov.uk,Female,231.162.72.17,Human Resources,8025,Thị Trấn Yên Thế
547,Harmon,Abramamov,habramamovf6@toplist.cz,Male,160.0.134.150,Marketing,8467,São Pedro
548,Lamar,Foreman,lforemanf7@lycos.com,Genderfluid,119.63.226.17,Sales,11214,Qaryūt
549,Raul,Dickons,rdickonsf8@oakley.com,Male,192.132.194.163,Human Resources,8702,Vicente Guerrero
550,Broddy,Crammy,bcrammyf9@google.co.uk,Male,216.161.198.121,Customer Service,5765,Cabodiongan
551,Siffre,Bavidge,sbavidgefa@livejournal.com,Male,195.234.52.150,Research and Development (R&D),11093,Puerres
552,Nollie,Goding,ngodingfb@kickstarter.com,Female,87.29.219.50,Operations,8802,Longfengshan
553,Mavra,Ardling,mardlingfc@deviantart.com,Female,96.227.91.111,Research and Development (R&D),11740,Chigorodó
554,Juana,Dockrill,jdockrillfd@themeforest.net,Female,138.220.179.173,Customer Service,12118,Faeanak Dua
555,Jordan,Fearey,jfeareyfe@arstechnica.com,Bigender,183.82.4.227,Sales,9960,Mobaye
556,Claudette,Acott,cacottff@feedburner.com,Genderfluid,198.122.159.106,Marketing,9998,Puerto Asís
557,Clayton,Polotti,cpolottifg@abc.net.au,Male,70.222.37.141,Operations,11558,Pakalongan
558,Hannie,Oppy,hoppyfh@xinhuanet.com,Female,183.244.120.64,Customer Service,7908,Suklayin
559,Hartley,Clearley,hclearleyfi@reference.com,Male,175.6.96.1,Customer Service,14410,Caloue
560,Clayborn,Doughartie,cdoughartiefj@fda.gov,Male,65.3.153.154,Information Technology (IT),11298,Svalöv
561,Cami,Cowx,ccowxfk@economist.com,Female,67.161.140.167,Operations,14257,Krasne
562,Aurore,Thunnercliff,athunnerclifffl@smh.com.au,Female,8.146.181.52,Sales,5472,Pridonskoy
563,Freemon,McMeeking,fmcmeekingfm@oracle.com,Male,121.154.130.250,Information Technology (IT),13307,Kŭrdzhali
564,Bern,Rozsa,brozsafn@canalblog.com,Male,91.201.132.17,Customer Service,8319,Markog
565,Ganny,Colleran,gcolleranfo@weebly.com,Male,120.253.16.213,Human Resources,8842,Hwangju-ŭp
566,Auguste,Garnar,agarnarfp@oracle.com,Female,66.238.12.133,Customer Service,12589,München
567,Sergent,Doret,sdoretfq@etsy.com,Male,35.236.155.181,Sales,5060,Tafo
568,Nance,McCaughan,nmccaughanfr@histats.com,Female,32.94.127.179,Information Technology (IT),10982,Siem Reap
569,Albertina,Willmer,awillmerfs@tinyurl.com,Female,53.244.40.74,Information Technology (IT),5551,Datun
570,Leanora,Brennans,lbrennansft@sun.com,Female,123.108.88.10,Sales,5888,Tagog
571,Lynnet,McQueen,lmcqueenfu@ebay.co.uk,Female,157.25.76.127,Sales,12967,Sevlievo
572,Bobina,Husselbee,bhusselbeefv@china.com.cn,Female,55.212.243.168,and Administration,8055,Murça
573,Jaime,Chanders,jchandersfw@hhs.gov,Polygender,169.98.115.68,Finance,7152,Wang Nam Yen
574,Roley,Schowenburg,rschowenburgfx@mapy.cz,Male,220.184.47.77,Information Technology (IT),8459,Babakansari
575,Nat,Hartley,nhartleyfy@ca.gov,Male,97.233.192.78,Human Resources,13268,Meijiang
576,Aubrie,Bendik,abendikfz@facebook.com,Female,149.97.215.250,Information Technology (IT),6922,Moch
577,Dori,Clemmensen,dclemmenseng0@samsung.com,Female,210.125.21.102,Customer Service,14159,Jaša Tomić
578,Rowe,Billows,rbillowsg1@tiny.cc,Female,240.38.254.5,Marketing,9692,Mamoudzou
579,Robyn,Jaques,rjaquesg2@51.la,Female,217.189.165.13,Sales,12729,Vale de Figueira
580,Reilly,Duguid,rduguidg3@ox.ac.uk,Male,96.190.211.13,Operations,7450,Laojunpo
581,Hyacinthe,Henderson,hhendersong4@arstechnica.com,Female,240.108.13.9,Operations,10926,Östersund
582,Ignacio,Kringe,ikringeg5@hugedomains.com,Male,59.141.218.1,Marketing,10260,Opochka
583,Tisha,Stamps,tstampsg6@domainmarket.com,Female,28.233.210.91,Sales,13266,Hats’avan
584,Gloriane,Truelove,gtrueloveg7@biglobe.ne.jp,Female,194.135.98.5,and Administration,8401,Huizhou
585,Jarvis,Melmoth,jmelmothg8@is.gd,Male,55.230.3.195,and Administration,13011,Põltsamaa
586,Anastassia,Cathery,acatheryg9@over-blog.com,Female,212.234.146.38,Information Technology (IT),13174,Borås
587,Kalil,Van Zon,kvanzonga@cornell.edu,Bigender,106.194.80.95,Customer Service,6514,Leicheng
588,Keane,Aynold,kaynoldgb@blogtalkradio.com,Male,37.52.176.38,Marketing,6954,Jinxiang
589,Maryellen,Skurm,mskurmgc@gnu.org,Female,231.146.111.132,Marketing,7944,Kawasaki
590,Caz,Brodest,cbrodestgd@studiopress.com,Male,149.171.13.221,Human Resources,9368,Nanyang
591,Rois,Siuda,rsiudage@sfgate.com,Female,245.161.206.141,Research and Development (R&D),5174,Göteborg
592,Robinia,Heather,rheathergf@paginegialle.it,Female,127.208.255.109,Sales,14220,Carepa
593,Mar,Polding,mpoldinggg@engadget.com,Male,61.133.23.170,Information Technology (IT),11732,Mangge
594,Desiri,Ropkins,dropkinsgh@wikimedia.org,Female,177.11.251.66,Customer Service,6578,Mrgavan
595,Francisco,Schroeder,fschroedergi@exblog.jp,Male,143.122.119.54,Sales,13257,Hämeenkoski
596,Sal,Sambells,ssambellsgj@dailymail.co.uk,Male,12.228.101.10,Human Resources,14888,Bijaepasu
597,Gerianne,Miall,gmiallgk@yellowbook.com,Female,46.25.6.248,Sales,9366,Albuera
598,Durante,Boise,dboisegl@edublogs.org,Male,117.22.143.42,Research and Development (R&D),8709,Presidente Epitácio
599,Rainer,Balch,rbalchgm@ted.com,Male,170.202.101.79,Information Technology (IT),6912,Hougaoshizhuang
600,Marquita,Malpas,mmalpasgn@ucoz.com,Non-binary,241.184.33.152,Research and Development (R&D),9697,Kaduy
601,Fay,Cumberland,fcumberlandgo@ucoz.ru,Female,246.152.149.112,Customer Service,13342,Lurut
602,Renelle,Wank,rwankgp@google.com.br,Female,56.57.9.67,Research and Development (R&D),9018,Zhexiao
603,Dee,Wallice,dwallicegq@npr.org,Female,24.169.196.82,Finance,10228,Petong
604,Shirl,Walduck,swalduckgr@walmart.com,Female,62.30.186.91,Information Technology (IT),14740,Liushun
605,Ketti,Yakebowitch,kyakebowitchgs@utexas.edu,Female,75.178.116.138,Finance,7281,Stockholm
606,Lurline,Broggetti,lbroggettigt@google.es,Female,29.67.74.204,Marketing,7048,Kokhanava
607,Janaye,Gumm,jgummgu@symantec.com,Female,173.199.19.136,Finance,6557,Sitularang Landeuh
608,Barton,Woodall,bwoodallgv@thetimes.co.uk,Male,246.252.140.93,Information Technology (IT),8727,Pangguang
609,Iosep,Bricksey,ibrickseygw@goodreads.com,Male,83.110.39.227,Information Technology (IT),11318,Chizhou
610,Fleurette,Chominski,fchominskigx@irs.gov,Bigender,69.209.185.86,Customer Service,7618,Sandefjord
611,Patrizia,Blackhurst,pblackhurstgy@plala.or.jp,Female,54.179.126.107,Sales,6725,Pateros
612,Bill,Colquit,bcolquitgz@oakley.com,Male,139.70.158.86,Human Resources,11105,Svetlograd
613,Kiley,Oliff,koliffh0@istockphoto.com,Female,200.79.31.195,Marketing,8709,Yizhang Chengguanzhen
614,Evin,Marquiss,emarquissh1@ted.com,Non-binary,218.165.161.89,Operations,14021,Chernivtsi
615,Hogan,Gussin,hgussinh2@hp.com,Male,33.59.107.108,Research and Development (R&D),10225,Skýros
616,Mahmoud,Scannell,mscannellh3@mozilla.org,Male,161.181.204.215,and Administration,13566,Wangdain
617,Mordecai,Collard,mcollardh4@ustream.tv,Male,121.249.221.152,Marketing,13833,Monteiro
618,Ephrem,Curedell,ecuredellh5@amazon.co.uk,Male,187.106.144.207,Information Technology (IT),11803,Renhe
619,Brion,Sleaford,bsleafordh6@networkadvertising.org,Male,55.110.238.65,and Administration,8127,Eyvān
620,Ezmeralda,Ellyatt,eellyatth7@opera.com,Female,129.222.169.108,Marketing,11346,Palmas
621,Molly,Oseland,moselandh8@hatena.ne.jp,Female,120.119.116.182,Marketing,12067,Jāndiāla Sher Khān
622,Philomena,Stripp,pstripph9@who.int,Female,57.72.68.80,Human Resources,11215,Jasień
623,Burk,Ware,bwareha@soup.io,Bigender,78.167.34.202,Human Resources,13415,Laweueng
624,Marilyn,Dechelette,mdechelettehb@gnu.org,Female,96.162.5.7,Marketing,7472,Kaliwates
625,Arther,Gorioli,agoriolihc@weibo.com,Male,54.188.179.216,Operations,10033,Esil
626,Mendy,Dungate,mdungatehd@goo.gl,Genderqueer,140.84.2.48,Finance,13928,Niš
627,Kris,Rowberry,krowberryhe@upenn.edu,Female,117.164.142.221,Information Technology (IT),12181,Katumba
628,Genevieve,Strete,gstretehf@1und1.de,Female,19.167.17.241,and Administration,10373,Babao
629,Moritz,Sylvester,msylvesterhg@mysql.com,Male,168.84.2.150,Customer Service,6831,Ereencav
630,Beau,Lace,blacehh@independent.co.uk,Male,105.9.40.71,Human Resources,11162,Bato
631,Fabe,Coggins,fcogginshi@rediff.com,Male,240.209.78.207,Sales,11701,Bonabéri
632,Marlo,McBay,mmcbayhj@blogger.com,Female,103.201.219.118,Operations,6177,Muladbucad
633,Julita,Kumar,jkumarhk@patch.com,Non-binary,97.14.200.200,Operations,6404,Gouxaria
634,Kiele,Brear,kbrearhl@chron.com,Female,13.189.177.35,Research and Development (R&D),6139,Garbolovo
635,Revkah,Bearcroft,rbearcrofthm@seattletimes.com,Non-binary,175.196.44.0,Human Resources,8530,Laguna de Perlas
636,Donnamarie,Buttriss,dbuttrisshn@bing.com,Female,168.57.86.11,Customer Service,5443,General Arenales
637,Mendel,MacDaid,mmacdaidho@uiuc.edu,Male,163.1.115.144,Research and Development (R&D),10134,Honolulu
638,Currie,Foottit,cfoottithp@bizjournals.com,Male,236.215.240.28,Sales,7244,Toulouse
639,Jade,Pietsma,jpietsmahq@reddit.com,Female,214.228.121.85,Human Resources,14425,Houjiagang
640,Ebenezer,Cary,ecaryhr@hubpages.com,Male,175.9.245.78,Customer Service,12227,Tiberias
641,Katalin,Edmund,kedmundhs@discovery.com,Female,12.189.153.179,Information Technology (IT),6854,Leuburi
642,Edlin,Furzey,efurzeyht@netscape.com,Male,101.31.220.128,Sales,10753,Yoshikawa
643,Sayer,Engelmann,sengelmannhu@last.fm,Male,251.133.204.194,Information Technology (IT),14990,Ban Thai Tan
644,Aila,Climar,aclimarhv@simplemachines.org,Female,245.184.219.112,Human Resources,12888,Nanjiao
645,Terrel,Buttfield,tbuttfieldhw@mysql.com,Male,138.99.187.136,Marketing,13917,Delingha
646,Delaney,Cowerd,dcowerdhx@quantcast.com,Male,129.184.112.206,Customer Service,6260,Zagnitkiv
647,Whitby,Steele,wsteelehy@geocities.jp,Male,51.77.32.187,Operations,11474,Harper
648,Roderich,Whiley,rwhileyhz@github.com,Male,84.204.29.180,Finance,9176,Puyuan
649,Tillie,Ible,tiblei0@gov.uk,Female,205.191.60.140,and Administration,7696,Pindamonhangaba
650,Caitrin,Aksell,cakselli1@tuttocitta.it,Female,184.18.154.62,Customer Service,13328,Banqiao
651,Vic,Filippi,vfilippii2@upenn.edu,Male,235.163.85.222,Operations,8589,Camiri
652,Dylan,Exell,dexelli3@de.vu,Male,115.192.222.179,Customer Service,8075,Thị Trấn Tam Sơn
653,Ynes,Imlin,yimlini4@vimeo.com,Female,52.153.233.130,Research and Development (R&D),10026,Wangping
654,Allys,Hartzog,ahartzogi5@shinystat.com,Female,148.235.137.213,and Administration,11221,Tysmenytsya
655,Salem,Earry,searryi6@tuttocitta.it,Male,5.195.133.125,Research and Development (R&D),7620,Ayang-ni
656,Karilynn,Lamas,klamasi7@storify.com,Female,224.178.167.98,Marketing,5320,Żółkiewka
657,Jennette,Reinard,jreinardi8@weather.com,Agender,232.114.108.192,Sales,13050,San Vicente
658,Monro,Kopf,mkopfi9@freewebs.com,Male,65.255.123.9,Sales,11480,Sutton
659,Giselbert,Kretchmer,gkretchmeria@google.es,Male,130.100.75.148,Information Technology (IT),9059,Jāndiāla Sher Khān
660,Brena,Otson,botsonib@altervista.org,Female,132.107.149.1,Marketing,8431,Paraparaumu
661,Darius,Szepe,dszepeic@twitter.com,Male,24.5.53.241,Information Technology (IT),10005,Rochester
662,Constanta,Murley,cmurleyid@opensource.org,Genderfluid,43.158.187.140,and Administration,7615,Preobrazheniye
663,Osborn,Duchesne,oduchesneie@guardian.co.uk,Male,182.93.89.253,Customer Service,6370,Panggulan
664,Leonerd,Starkey,lstarkeyif@jugem.jp,Male,203.242.248.184,Marketing,8842,Hanjiashu
665,Joletta,Musslewhite,jmusslewhiteig@berkeley.edu,Female,168.105.221.33,Information Technology (IT),9896,Libas
666,Quintilla,Woodfield,qwoodfieldih@utexas.edu,Genderfluid,131.116.29.247,Customer Service,7144,Sukasirna
667,Sibley,Devany,sdevanyii@slate.com,Female,133.52.231.235,Sales,12446,Jianghu
668,Merrill,Skellion,mskellionij@linkedin.com,Male,121.211.178.203,Operations,5890,Samaro
669,Braden,Penhallurick,bpenhallurickik@g.co,Genderfluid,153.111.115.181,Information Technology (IT),7354,Khyzy
670,Joseito,Belch,jbelchil@marriott.com,Male,10.83.175.189,Finance,9229,Nunchía
671,Riordan,Guisler,rguislerim@abc.net.au,Male,167.12.203.60,Operations,13183,Vnukovo
672,Alexio,Motto,amottoin@nature.com,Male,226.16.73.19,Information Technology (IT),11809,Portland
673,Gerome,Dagg,gdaggio@timesonline.co.uk,Male,101.30.154.174,Finance,14675,Mujiangping
674,Dana,Moss,dmossip@berkeley.edu,Male,2.81.67.254,Finance,9889,Al Jīzah
675,Geno,Costan,gcostaniq@icq.com,Male,166.221.95.7,Marketing,9318,Oued Laou
676,Elsy,Hurdwell,ehurdwellir@skype.com,Female,111.0.175.71,Research and Development (R&D),10379,Al Bilād
677,Cart,Tither,ctitheris@a8.net,Male,5.99.59.243,Sales,9757,Smętowo Graniczne
678,Ursola,Heintsch,uheintschit@businesswire.com,Female,110.219.13.152,Sales,14153,Sepanjang
679,Devin,Shallcross,dshallcrossiu@kickstarter.com,Female,59.113.40.169,Finance,13994,Zdiby
680,Arabella,Walding,awaldingiv@youku.com,Female,227.52.204.166,Human Resources,12573,Bulacan
681,Robinet,Skerman,rskermaniw@cdc.gov,Male,226.183.212.185,Operations,14222,Sindanghayu
682,Clerc,Borrowman,cborrowmanix@blogtalkradio.com,Agender,159.22.126.98,Finance,14221,Gunjur
683,Curtice,Rolph,crolphiy@privacy.gov.au,Agender,33.232.200.105,Finance,14359,Lahuaytambo
684,Dredi,Pletts,dplettsiz@taobao.com,Female,216.180.144.156,Research and Development (R&D),5192,Foz Sousa
685,Sibyl,Yurkov,syurkovj0@skype.com,Male,139.128.161.93,and Administration,8058,Cimanggu
686,Isahella,Yesichev,iyesichevj1@yellowpages.com,Female,103.184.139.18,Finance,13902,Libertad
687,Ky,Sieghard,ksieghardj2@mayoclinic.com,Male,29.164.121.212,Information Technology (IT),13934,Engure
688,Dulcinea,Plaskitt,dplaskittj3@addthis.com,Female,1.132.166.82,Marketing,12284,Maoping
689,Bruce,Heiner,bheinerj4@google.ca,Male,77.22.11.67,Information Technology (IT),9005,Grande Cache
690,Brody,Stuchbery,bstuchberyj5@hhs.gov,Male,57.103.192.51,Information Technology (IT),8052,Saraktash
691,Sharai,Wildish,swildishj6@yellowpages.com,Female,66.209.234.120,Finance,14908,Culeng
692,Astrid,Drummer,adrummerj7@arizona.edu,Genderqueer,121.155.124.253,Information Technology (IT),11957,Yushan
693,Pauli,Tzuker,ptzukerj8@altervista.org,Female,82.214.166.6,Finance,8383,Masindi Port
694,Malvina,Bruun,mbruunj9@nih.gov,Female,94.204.12.201,Human Resources,9560,Macari
695,Josefa,Blague,jblagueja@themeforest.net,Female,132.94.203.193,Customer Service,14489,Alor Setar
696,Moritz,Braun,mbraunjb@google.fr,Male,34.16.74.144,Finance,14917,Quivilla
697,Reece,Robus,rrobusjc@hatena.ne.jp,Male,225.97.188.154,Marketing,10354,Jiancheng
698,Brock,Cubbin,bcubbinjd@adobe.com,Male,51.39.146.57,Human Resources,12425,Osinniki
699,Petronia,Lacelett,placelettje@redcross.org,Female,145.68.95.165,Information Technology (IT),8787,Spodnja Hajdina
700,Arlee,Anfonsi,aanfonsijf@answers.com,Agender,200.44.176.213,Research and Development (R&D),13162,Badou
701,Abramo,Jorge,ajorgejg@reference.com,Male,193.101.181.60,Operations,8402,Sukarame
702,Frederich,McGloughlin,fmcgloughlinjh@ucoz.ru,Male,140.127.35.95,Customer Service,12832,Karangtanjung
703,Frederic,Nice,fniceji@mit.edu,Male,200.123.225.16,Customer Service,10673,Korogan Timur
704,Artie,Valasek,avalasekjj@seattletimes.com,Male,226.197.205.79,Research and Development (R&D),8664,Sulmierzyce
705,Vonnie,Chelnam,vchelnamjk@hud.gov,Female,167.13.117.223,Marketing,8282,Changning
706,Lem,Gabbett,lgabbettjl@linkedin.com,Male,171.242.71.25,Customer Service,12869,Konsoy
707,Tracee,Stears,tstearsjm@fda.gov,Female,139.69.51.7,and Administration,14229,Dakhla
708,Ami,MacNeil,amacneiljn@time.com,Non-binary,145.13.214.24,Marketing,12316,Andapa
709,Annaliese,Thumim,athumimjo@dailymotion.com,Female,192.247.248.99,Marketing,11783,Västerås
710,Fredrick,Beloe,fbeloejp@prweb.com,Male,90.86.79.93,Human Resources,6848,Guojia
711,Cesaro,Cockayme,ccockaymejq@nbcnews.com,Male,128.75.109.160,and Administration,14277,Peuara
712,Muffin,Grayham,mgrayhamjr@blinklist.com,Female,118.15.86.65,Finance,10633,Kangxung
713,Irwin,Hartzog,ihartzogjs@jigsy.com,Male,112.145.84.234,and Administration,9362,Guaymango
714,Cori,Siss,csissjt@washingtonpost.com,Male,176.213.247.111,Research and Development (R&D),7020,Ake-Eze
715,Tallie,Boxhill,tboxhillju@aboutads.info,Male,239.178.117.200,and Administration,12255,Sumurgeneng
716,Vick,Laverack,vlaverackjv@mapquest.com,Male,255.59.168.223,Marketing,7486,San Juan
717,Valentino,Maddy,vmaddyjw@example.com,Male,134.33.90.232,Customer Service,14572,Rixinhe
718,Augustine,Theobold,atheoboldjx@shop-pro.jp,Non-binary,161.153.160.244,Information Technology (IT),9866,Guachetá
719,Jeannette,Rizzetti,jrizzettijy@domainmarket.com,Female,234.255.195.93,Sales,14405,Babura
720,Devinne,Bush,dbushjz@e-recht24.de,Female,117.116.69.201,Research and Development (R&D),9753,Sadar
721,Woodie,Oxby,woxbyk0@china.com.cn,Male,46.49.229.237,Human Resources,7748,Zolotyy Potik
722,Shelby,Toone,stoonek1@nyu.edu,Bigender,128.33.252.33,Information Technology (IT),9778,Ol Kalou
723,Karola,Leys,kleysk2@myspace.com,Female,215.74.130.21,Marketing,6697,Quiruvilca
724,Madelon,Winterson,mwintersonk3@fotki.com,Female,189.99.181.47,Information Technology (IT),7181,Pesucen
725,Austen,Brammer,abrammerk4@odnoklassniki.ru,Male,194.154.148.146,Human Resources,11191,Cestas
726,Bradan,Wermerling,bwermerlingk5@discovery.com,Male,25.28.93.199,Human Resources,11726,Brvenica
727,Shaine,Austick,saustickk6@google.de,Male,104.30.81.75,Sales,11456,Psychikó
728,Helaina,Janek,hjanekk7@hexun.com,Female,147.75.250.84,and Administration,9151,Girijaya
729,Cammy,Cundy,ccundyk8@squidoo.com,Male,32.162.83.49,Sales,6952,Peskovka
730,Irena,Lindblad,ilindbladk9@indiatimes.com,Female,178.47.102.7,Operations,7746,Danderyd
731,Cly,Halstead,chalsteadka@home.pl,Male,137.166.136.66,Research and Development (R&D),14739,Lingshan
732,Freddy,Alsopp,falsoppkb@utexas.edu,Male,22.210.224.14,and Administration,13733,San Angelo
733,Anson,Probin,aprobinkc@sun.com,Male,205.48.145.229,and Administration,7498,Kaingiwa
734,Gabbie,Stranger,gstrangerkd@wunderground.com,Bigender,16.44.40.19,Operations,8741,Dongshui
735,Mona,Tipperton,mtippertonke@census.gov,Female,137.45.93.171,Research and Development (R&D),7657,Hamburg Sankt Pauli
736,Curran,Bellanger,cbellangerkf@amazon.com,Male,252.122.24.36,Finance,9087,Chuandao
737,Lanae,Erskine,lerskinekg@loc.gov,Female,138.199.230.0,Customer Service,14027,Steinfort
738,Kippar,Seymark,kseymarkkh@jigsy.com,Male,177.2.60.133,Information Technology (IT),10098,Likwatang Timur
739,Melosa,Drakes,mdrakeski@sourceforge.net,Female,120.114.145.111,Customer Service,14794,Zhongyuan
740,Odie,Clifford,ocliffordkj@pbs.org,Male,218.61.44.76,Operations,13807,Catalão
741,Archibaldo,Sponder,asponderkk@discovery.com,Male,220.42.71.36,and Administration,12407,Grevená
742,Stafford,Giacomazzo,sgiacomazzokl@clickbank.net,Male,124.219.235.228,Sales,11954,Katsikás
743,Denise,Stutte,dstuttekm@oaic.gov.au,Female,49.122.201.66,Human Resources,9488,Youguzhuang
744,Lizzy,Yoell,lyoellkn@samsung.com,Bigender,103.46.200.167,Sales,9059,Silvares
745,Klement,Hancox,khancoxko@friendfeed.com,Male,183.43.14.3,Marketing,8506,Spasskoye-Lutovinovo
746,Jemmie,Rapper,jrapperkp@msu.edu,Female,233.181.141.2,Information Technology (IT),9931,Boluo
747,Pall,Foreman,pforemankq@ehow.com,Male,202.192.24.97,Research and Development (R&D),10627,Itaqui
748,Leland,Brigstock,lbrigstockkr@kickstarter.com,Male,235.232.20.156,Operations,6026,Vlorë
749,Lorna,Kaesmakers,lkaesmakersks@cdc.gov,Female,207.126.211.199,Sales,6143,Psary
750,Perry,Dany,pdanykt@imageshack.us,Male,42.76.156.217,Operations,6074,Paris 08
751,Sumner,Martinie,smartinieku@google.de,Male,60.115.71.30,Research and Development (R&D),5088,Berlin
752,Dacy,Delhay,ddelhaykv@themeforest.net,Female,237.155.253.241,Operations,7216,Sant Julià de Lòria
753,Garrard,Vaud,gvaudkw@alibaba.com,Male,112.135.192.234,Finance,10178,Nam Đàn
754,Joshua,Gull,jgullkx@virginia.edu,Male,181.87.31.226,Research and Development (R&D),8981,Mikhaylovka
755,Josie,De la Harpe,jdelaharpeky@sogou.com,Female,49.123.179.146,Research and Development (R&D),9379,Apuri
756,Alwin,Woodage,awoodagekz@guardian.co.uk,Male,226.117.202.76,Research and Development (R&D),9443,El Mirador
757,Iggie,Megarry,imegarryl0@privacy.gov.au,Male,248.41.243.114,and Administration,6632,Jiaxian Chengguanzhen
758,Nerissa,Yanuk,nyanukl1@dailymotion.com,Female,22.133.68.10,Operations,12664,Ban Na Muang
759,Nils,Corrigan,ncorriganl2@intel.com,Male,156.76.1.243,Research and Development (R&D),8414,Clarin
760,Krissy,Teodorski,kteodorskil3@census.gov,Female,104.58.25.150,Human Resources,14770,São Lourenço
761,Waneta,Carillo,wcarillol4@baidu.com,Female,108.16.170.56,and Administration,13391,Xiaoling
762,Kym,Lefridge,klefridgel5@symantec.com,Female,218.67.60.246,and Administration,10242,Talshand
763,Darci,Wagstaffe,dwagstaffel6@nasa.gov,Non-binary,253.23.195.136,Sales,5581,Ganjiangtou
764,Austin,Andreev,aandreevl7@bizjournals.com,Male,8.58.87.195,Finance,14912,Morales
765,Dorelia,Gladdish,dgladdishl8@wordpress.org,Female,45.11.163.191,Research and Development (R&D),9758,Jelah
766,Udall,Yallop,uyallopl9@businessweek.com,Male,34.223.66.82,Sales,6644,Duping
767,Pooh,Rudinger,prudingerla@nifty.com,Male,225.189.163.90,Marketing,12792,Xiaosong
768,Jone,Engledow,jengledowlb@latimes.com,Male,199.70.88.106,Human Resources,11764,Mirskoy
769,Garth,Allaway,gallawaylc@japanpost.jp,Male,157.194.22.215,Customer Service,13185,Jiekeng
770,Amalle,Exrol,aexrolld@1und1.de,Genderfluid,67.67.115.157,Marketing,9909,Santa María de Ipire
771,Webster,Gallamore,wgallamorele@goodreads.com,Male,63.58.251.232,Finance,5229,Būrkah
772,Wolf,Coombe,wcoombelf@freewebs.com,Male,171.202.21.148,Sales,6479,Ayo
773,Junia,Hryncewicz,jhryncewiczlg@ted.com,Female,116.88.241.240,Information Technology (IT),6811,Laocheng
774,Enrique,Scrannage,escrannagelh@wordpress.org,Male,10.6.165.89,and Administration,13050,Beolgyo
775,Manolo,Biaggioni,mbiaggionili@nydailynews.com,Male,129.249.66.4,Operations,11050,Luján
776,Elisha,Vannozzii,evannozziilj@harvard.edu,Male,105.30.143.40,and Administration,14844,Katipunan
777,Lorain,Bruckent,lbruckentlk@telegraph.co.uk,Female,46.123.233.117,Customer Service,9052,Ulaandel
778,Dasi,Bugg,dbuggll@nhs.uk,Genderfluid,204.84.64.234,Finance,5317,Riverton
779,Teodoro,Alleway,tallewaylm@washingtonpost.com,Genderfluid,99.13.45.192,Operations,9692,Zaojiacheng
780,Duffie,Sudworth,dsudworthln@yellowpages.com,Male,66.136.67.141,Finance,11925,Huangfang
781,Jereme,Milland,jmillandlo@devhub.com,Male,70.202.8.202,Marketing,8669,Marolambo
782,Gill,Kiffe,gkiffelp@yelp.com,Female,199.27.25.222,Research and Development (R&D),14609,Trojanów
783,Torin,Branney,tbranneylq@yale.edu,Male,203.97.107.5,Sales,13609,Fairview
784,Adaline,Lemanu,alemanulr@discovery.com,Female,218.112.29.25,Customer Service,8457,Francisco Beltrão
785,Mabel,Kann,mkannls@yale.edu,Female,211.98.145.80,Information Technology (IT),13529,Houxixi
786,Sal,Kiss,skisslt@google.co.uk,Male,195.205.198.4,Information Technology (IT),8319,Nabeul
787,Giulio,Joddens,gjoddenslu@imgur.com,Male,131.94.102.186,Information Technology (IT),12485,Bemposta
788,Franky,Dooney,fdooneylv@nydailynews.com,Female,7.186.140.135,Research and Development (R&D),9337,Tatariv
789,Gabriello,Barensen,gbarensenlw@friendfeed.com,Genderfluid,248.211.21.236,Finance,7696,Gengzhuang
790,Deborah,Gwyer,dgwyerlx@virginia.edu,Female,236.224.175.127,Information Technology (IT),8361,Huangyan
791,Chelsy,Damiata,cdamiataly@ycombinator.com,Female,198.206.114.96,Human Resources,12091,Zhajin
792,Brigida,Struther,bstrutherlz@cocolog-nifty.com,Female,136.94.123.215,Information Technology (IT),11260,Santa Monica
793,Kiersten,Edrich,kedrichm0@europa.eu,Female,37.183.116.52,Marketing,13116,Furmanov
794,Bink,Merveille,bmerveillem1@digg.com,Male,3.245.105.38,Information Technology (IT),7837,Alepoú
795,Edna,Betjes,ebetjesm2@dedecms.com,Female,217.206.59.60,Customer Service,13520,Huanggang
796,Dorry,MacCorkell,dmaccorkellm3@hhs.gov,Female,121.245.234.153,Research and Development (R&D),7427,Xiangjia
797,Dinnie,Gosford,dgosfordm4@creativecommons.org,Female,105.229.1.124,Marketing,14732,San José
798,Galen,Seeley,gseeleym5@utexas.edu,Male,211.246.129.164,Customer Service,13565,Jitan
799,Steven,Easton,seastonm6@ibm.com,Male,186.251.203.221,Finance,14634,Klutuk
800,Maureen,Mounce,mmouncem7@sohu.com,Female,105.45.18.95,Sales,13569,Huainan
801,Latrena,Linkie,llinkiem8@geocities.com,Female,229.134.119.99,Research and Development (R&D),5444,Memphis
802,Nathanial,Shaddick,nshaddickm9@gnu.org,Male,186.88.29.33,Operations,6335,Sobral
803,Fredi,Deners,fdenersma@wp.com,Female,109.166.5.219,Information Technology (IT),6156,Secang Barat
804,Valery,Hartwright,vhartwrightmb@phoca.cz,Female,154.135.250.198,Operations,12960,Bago
805,Andreana,Rucklidge,arucklidgemc@blog.com,Female,235.131.66.206,and Administration,6228,Bécancour
806,Raynor,Kester,rkestermd@google.com.au,Male,245.192.211.11,Information Technology (IT),12025,Manquiring
807,Frazier,Bambery,fbamberyme@sphinn.com,Male,38.216.101.236,and Administration,13112,Hekinan
808,Wakefield,Turmall,wturmallmf@wufoo.com,Male,184.187.33.117,Human Resources,9059,Dongchengyuan
809,Cacilia,Hutsby,chutsbymg@slashdot.org,Female,36.190.120.153,Marketing,14891,Zheleznodorozhnyy
810,Hannie,Lawty,hlawtymh@va.gov,Female,31.249.206.42,Marketing,8659,Guangdu
811,Harwell,Rafe,hrafemi@aol.com,Male,19.125.120.170,Operations,13578,Horton
812,Andrew,Baddow,abaddowmj@arstechnica.com,Male,36.211.68.19,Operations,14474,Dimitrovgrad
813,Sybil,Youdell,syoudellmk@tinypic.com,Agender,251.219.220.237,Research and Development (R&D),13755,Neftegorsk
814,Bibby,Ewbanche,bewbancheml@1und1.de,Female,154.176.76.95,Finance,5622,Verkhniy Baskunchak
815,Rodina,Lortzing,rlortzingmm@fastcompany.com,Female,236.215.207.5,Marketing,7703,A’yi Take
816,Dasha,Clemenzo,dclemenzomn@msu.edu,Female,242.116.88.5,Marketing,10424,Basqal
817,Ronna,Priddle,rpriddlemo@artisteer.com,Female,166.32.76.223,Operations,7871,Sa‘sa‘
818,Ezra,Itzkin,eitzkinmp@craigslist.org,Male,104.100.138.181,Customer Service,11590,Vigia
819,Marlyn,Dallan,mdallanmq@wisc.edu,Female,35.56.41.187,Marketing,11828,Bella Vista
820,Brit,Abriani,babrianimr@accuweather.com,Male,111.109.67.76,Marketing,14951,Tsenher
821,Raymond,Palfree,rpalfreems@auda.org.au,Bigender,196.249.43.220,and Administration,5856,Umeå
822,Prescott,Grzelak,pgrzelakmt@abc.net.au,Male,88.106.109.42,Research and Development (R&D),14753,Cikubang
823,Donavon,Yendall,dyendallmu@ebay.com,Non-binary,216.252.234.163,Customer Service,12428,Ugbokpo
824,Othilie,Cowsby,ocowsbymv@blogspot.com,Female,83.76.158.215,Sales,7954,Évreux
825,Connor,Bulfoot,cbulfootmw@arizona.edu,Male,33.73.74.223,Marketing,12021,Drosáto
826,Malvina,Easterling,measterlingmx@youtube.com,Female,144.191.136.97,Information Technology (IT),6022,Pedro Leopoldo
827,Kare,Killby,kkillbymy@amazon.de,Female,244.13.76.180,Human Resources,11554,Reims
828,Minette,Lermit,mlermitmz@mysql.com,Female,140.63.212.152,Research and Development (R&D),14217,Turnišče
829,Gabrielle,McWilliams,gmcwilliamsn0@storify.com,Female,63.203.52.120,Customer Service,9189,Caijiagang
830,Lars,Risom,lrisomn1@blogtalkradio.com,Male,122.63.248.115,Finance,12953,Maskinongé
831,Gregor,Sebley,gsebleyn2@marriott.com,Male,249.190.110.139,Customer Service,7602,Banisilan
832,Mercedes,Witherby,mwitherbyn3@hatena.ne.jp,Female,171.253.61.35,Marketing,13246,Al Ḩāmūl
833,Barby,Kidston,bkidstonn4@prlog.org,Female,62.58.32.92,Research and Development (R&D),13349,Rungis
834,Bond,McFaul,bmcfauln5@w3.org,Male,70.152.69.247,Marketing,14821,Solo
835,Tammi,Van den Dael,tvandendaeln6@imageshack.us,Female,50.38.141.213,Operations,5057,Novoukrainskiy
836,Bentlee,Lougheed,blougheedn7@vistaprint.com,Male,51.144.29.225,Human Resources,12070,Clondalkin
837,Hayyim,Hasney,hhasneyn8@seattletimes.com,Male,92.60.103.146,Customer Service,12785,Lamas
838,Roda,Waddingham,rwaddinghamn9@cloudflare.com,Female,205.79.56.216,Sales,8476,Lions Bay
839,Retha,Bowdler,rbowdlerna@fda.gov,Female,71.234.251.13,Marketing,14653,Istres
840,Kerrill,Brinsden,kbrinsdennb@angelfire.com,Female,184.142.46.96,Customer Service,12524,Maluko
841,Linda,Brough,lbroughnc@geocities.jp,Female,211.79.72.247,Finance,14636,Tópaga
842,Carine,Dolohunty,cdolohuntynd@engadget.com,Female,133.205.158.80,Marketing,10650,Nezvěstice
843,Geno,Crosthwaite,gcrosthwaitene@behance.net,Male,13.186.219.82,Marketing,6744,Al Khushnīyah
844,Pascal,Bertolin,pbertolinnf@home.pl,Male,100.211.20.46,Human Resources,10892,Patarrá
845,Nick,Creeber,ncreeberng@ox.ac.uk,Male,255.3.218.226,and Administration,10464,Agidel’
846,Marys,Wastling,mwastlingnh@nifty.com,Female,149.204.101.200,Customer Service,6140,Irricana
847,Merola,Yarrell,myarrellni@digg.com,Female,85.135.30.204,Research and Development (R&D),6941,Cajamarca
848,Marsh,Shafe,mshafenj@cnet.com,Male,140.160.61.239,Customer Service,9421,Bykivka
849,Alyosha,Gatheral,agatheralnk@myspace.com,Male,160.243.92.207,Finance,14177,Hongjiazui
850,Frasco,Bortoloni,fbortoloninl@harvard.edu,Male,201.229.82.191,Information Technology (IT),7304,Livorno
851,Allin,Mawer,amawernm@acquirethisname.com,Male,235.198.178.129,Information Technology (IT),13584,Zhendong
852,Shea,Sterrick,ssterricknn@adobe.com,Female,15.133.63.32,and Administration,10688,Porirua
853,Andra,Jeffels,ajeffelsno@google.nl,Female,241.195.224.171,Research and Development (R&D),13309,Bacuyangan
854,Trina,Bethune,tbethunenp@huffingtonpost.com,Female,217.195.44.230,Operations,14961,Lengshui
855,Barrie,Kaser,bkasernq@marriott.com,Female,216.203.217.68,and Administration,5113,Atiquizaya
856,Deirdre,Cauderlie,dcauderlienr@google.pl,Female,63.45.237.128,Research and Development (R&D),12756,Lupon
857,Loraine,Semerad,lsemeradns@deliciousdays.com,Female,185.188.38.101,and Administration,7014,Masumbwe
858,Harrison,Faltin,hfaltinnt@vkontakte.ru,Male,228.223.233.173,Marketing,8933,Fengle
859,Alair,Jerisch,ajerischnu@facebook.com,Male,252.131.86.41,Customer Service,6047,Silgueiros
860,Simone,Crosio,scrosionv@over-blog.com,Male,226.181.39.44,Research and Development (R&D),12664,Kalisabuk
861,Arnold,Bridle,abridlenw@cdc.gov,Polygender,229.18.219.105,Information Technology (IT),12447,Chetian
862,Jamison,Iacobini,jiacobininx@posterous.com,Male,233.244.149.43,Research and Development (R&D),14371,Jieshou
863,Nicola,Brewett,nbrewettny@imdb.com,Female,41.178.215.218,Human Resources,5794,Shatian
864,Yule,Saban,ysabannz@businessweek.com,Male,72.47.245.168,Finance,8536,Wosai
865,Paulette,Pesticcio,ppesticcioo0@bloglovin.com,Female,217.39.58.73,Customer Service,8017,Lincoln
866,Ali,Penswick,apenswicko1@biblegateway.com,Female,135.237.67.16,Information Technology (IT),7543,Bzenec
867,Rosene,Brockest,rbrockesto2@globo.com,Female,107.171.251.209,Human Resources,7005,Pedaringan
868,Bogart,Francklyn,bfrancklyno3@stumbleupon.com,Male,88.120.137.117,Customer Service,9814,Nagu
869,Reagan,Yesenin,ryesenino4@blogger.com,Male,53.219.73.140,Human Resources,6140,Maketu
870,Jamie,Stanborough,jstanborougho5@state.gov,Female,251.112.242.199,Sales,7785,Yaguajay
871,Hasheem,Doick,hdoicko6@domainmarket.com,Male,35.2.248.169,Research and Development (R&D),8940,Nubma
872,Clim,Conibere,cconibereo7@princeton.edu,Non-binary,227.192.205.43,Finance,8126,Viljandi
873,Sayres,Mustoo,smustooo8@51.la,Non-binary,179.30.147.37,Human Resources,5968,Kołaczyce
874,Jerry,Drinkall,jdrinkallo9@netlog.com,Female,40.241.71.27,Customer Service,10900,Pinheiros
875,Wolfy,Othen,wothenoa@noaa.gov,Male,233.155.69.179,Operations,10159,Telagasari
876,Freddy,Tregunnah,ftregunnahob@vk.com,Male,26.32.226.83,Operations,5131,Mirošov
877,Theo,Juliano,tjulianooc@51.la,Male,215.242.123.40,Research and Development (R&D),11139,Xiashitai
878,Meriel,Ellingford,mellingfordod@princeton.edu,Female,227.174.176.150,Operations,8513,Piskavica
879,Barret,Drake,bdrakeoe@sogou.com,Male,8.130.111.70,Customer Service,6994,Santa Cruz de Guacas
880,Vito,Forde,vfordeof@lycos.com,Male,230.209.148.176,Marketing,8487,Drummondville
881,Jackson,Chomicki,jchomickiog@dot.gov,Non-binary,218.142.33.6,and Administration,12139,Pereiras
882,Zach,Peaddie,zpeaddieoh@microsoft.com,Male,163.112.197.87,Finance,10312,Zhagang
883,Marchelle,Hedley,mhedleyoi@hostgator.com,Agender,157.125.248.134,and Administration,11850,Ninh Giang
884,Nilson,Sheivels,nsheivelsoj@baidu.com,Male,211.114.195.157,Human Resources,8769,Cockburn Town
885,Corbie,Crosston,ccrosstonok@amazon.co.uk,Male,166.53.234.31,Sales,10555,Bojonegoro
886,Elsi,Conkling,econklingol@tiny.cc,Female,205.137.105.61,Sales,10562,Xiangba
887,Emmit,Fairbridge,efairbridgeom@ebay.co.uk,Male,102.163.3.90,Sales,12424,Piran
888,Julieta,Lydiate,jlydiateon@washington.edu,Female,16.177.181.53,Operations,5739,Bol’shaya Setun’
889,Merilyn,Leborgne,mleborgneoo@prnewswire.com,Female,38.225.123.86,Customer Service,8365,Mercedes
890,Carilyn,Luchetti,cluchettiop@nhs.uk,Female,157.1.4.231,Customer Service,12976,Pugeran
891,Caryn,Laurenty,claurentyoq@jimdo.com,Female,216.70.156.71,Human Resources,13184,Dunleer
892,Bobbie,Wolvey,bwolveyor@usa.gov,Male,94.72.65.240,Marketing,8638,Takari
893,Alvan,Halton,ahaltonos@tumblr.com,Male,139.43.136.238,and Administration,9803,Liangjing
894,Rosco,Fermer,rfermerot@foxnews.com,Male,144.136.164.41,Human Resources,11859,Petropavlovsk
895,Rona,Junkinson,rjunkinsonou@army.mil,Female,239.229.162.172,Sales,14918,Nashtā Rūd
896,Thorin,Punton,tpuntonov@yolasite.com,Male,150.45.115.34,Operations,12372,Cincinnati
897,Sarena,Willock,swillockow@howstuffworks.com,Non-binary,215.141.134.5,and Administration,13783,Wenceslau Braz
898,Adela,Rockey,arockeyox@unicef.org,Female,33.203.228.114,Operations,14351,Boleiros
899,Tamera,Hubbock,thubbockoy@google.com,Female,160.156.49.123,Marketing,7926,Mošorin
900,Junina,Timlin,jtimlinoz@scribd.com,Polygender,146.249.129.31,and Administration,14912,Mardzad
901,Si,Howsin,showsinp0@independent.co.uk,Genderqueer,159.142.168.223,Sales,14265,Ludu
902,Athene,Philson,aphilsonp1@myspace.com,Female,114.21.34.92,Customer Service,13017,Bieniewice
903,Odele,Ulyet,oulyetp2@mail.ru,Female,153.45.168.200,Research and Development (R&D),7357,Hualmay
904,Reagan,Murrigan,rmurriganp3@google.de,Male,35.125.218.51,Research and Development (R&D),6983,Retkovci
905,Codie,Raye,crayep4@people.com.cn,Female,10.199.134.39,Human Resources,6034,Carcassonne
906,Crin,Posthill,cposthillp5@plala.or.jp,Bigender,45.88.173.27,Finance,7610,Hino
907,Marris,Bartzen,mbartzenp6@ehow.com,Female,196.175.27.132,Sales,10018,Distracción
908,Carly,Eagling,ceaglingp7@stanford.edu,Male,238.182.117.158,Sales,10801,Merton
909,Sunny,Pooly,spoolyp8@privacy.gov.au,Male,120.54.108.16,Operations,12524,Baquero Norte
910,Thornton,Basire,tbasirep9@slate.com,Male,164.94.208.181,Marketing,6711,Neresnytsya
911,Raoul,Labba,rlabbapa@redcross.org,Male,168.112.220.96,Operations,14786,Menampukrajan
912,Kendal,Goosey,kgooseypb@nih.gov,Male,191.157.81.239,Operations,6581,São Domingos de Rana
913,Elwin,Brum,ebrumpc@mlb.com,Male,167.79.76.45,Marketing,12316,Princeville
914,Taryn,Giraux,tgirauxpd@mtv.com,Female,24.76.70.103,Finance,6871,Phoenix
915,Morris,Templar,mtemplarpe@japanpost.jp,Male,17.123.109.248,Marketing,6302,San Pedro
916,Duffie,Kinder,dkinderpf@yandex.ru,Male,197.6.174.209,Sales,14027,Sanyi
917,Sansone,Zannini,szanninipg@free.fr,Male,184.93.10.29,Customer Service,14330,Santiago
918,Grantley,Durrell,gdurrellph@gravatar.com,Male,6.224.221.130,Human Resources,9845,Cirangga Kidul
919,Aida,Dargue,adarguepi@seattletimes.com,Female,70.177.24.201,Finance,8574,Liushun
920,Jordon,Laurenty,jlaurentypj@miitbeian.gov.cn,Male,111.51.33.112,Human Resources,10137,Polýkastro
921,Richardo,Sleicht,rsleichtpk@ifeng.com,Male,56.21.64.247,and Administration,5865,Ar Ramthā
922,Ewen,Hall-Gough,ehallgoughpl@hhs.gov,Male,60.242.151.32,Customer Service,8994,Pachīr wa Āgām
923,Onfroi,Basek,obasekpm@bluehost.com,Male,30.22.244.149,Operations,9487,Banyuresmi
924,Rourke,Whetnell,rwhetnellpn@csmonitor.com,Male,78.57.171.253,Human Resources,11176,Jeonju
925,Kienan,Ebanks,kebankspo@yellowbook.com,Male,253.223.176.4,and Administration,13006,Konduga
926,Ninette,Titley,ntitleypp@japanpost.jp,Female,48.9.212.248,Operations,12398,København
927,Michell,Gammage,mgammagepq@virginia.edu,Female,247.163.78.152,Marketing,8093,Jing’an
928,Cam,Elgee,celgeepr@sbwire.com,Agender,19.143.129.100,Customer Service,10791,Jinotega
929,Claudelle,Gruszecki,cgruszeckips@1688.com,Female,153.144.48.147,Human Resources,7300,Vista Hermosa
930,Oralle,Galsworthy,ogalsworthypt@ucla.edu,Female,124.15.233.118,Human Resources,9246,Al Majd
931,Nil,Blundell,nblundellpu@wufoo.com,Male,31.212.82.162,Sales,13795,Livadiya
932,Annice,Saltmarshe,asaltmarshepv@amazon.co.uk,Female,209.87.199.111,Finance,5285,Medellín
933,Enrica,Celes,ecelespw@ucoz.ru,Female,222.170.92.237,Research and Development (R&D),6731,Néa Palátia
934,Gal,Swainston,gswainstonpx@ibm.com,Male,255.146.252.133,Customer Service,8451,Ganfang
935,Siouxie,Winnett,swinnettpy@elpais.com,Female,254.162.44.228,Human Resources,7724,Naro-Fominsk
936,Temp,Paolinelli,tpaolinellipz@nydailynews.com,Male,35.150.63.252,and Administration,5424,Jugezhuang
937,Laural,Saye,lsayeq0@unesco.org,Female,201.120.180.178,Human Resources,7297,Shigongqiao
938,Auroora,Priter,apriterq1@mapquest.com,Female,27.9.38.31,Finance,8098,Culacling
939,Tiff,Mumbray,tmumbrayq2@guardian.co.uk,Female,178.59.185.70,and Administration,9574,Sampaloc
940,Hayes,Hamlin,hhamlinq3@unblog.fr,Agender,227.159.252.252,Customer Service,9350,Gal’bshtadt
941,Claiborn,de Amaya,cdeamayaq4@diigo.com,Male,45.136.132.88,Operations,9355,Babagan
942,Mata,Hovert,mhovertq5@dedecms.com,Male,116.153.31.24,Operations,7708,Dakoro
943,Brok,Hutchinges,bhutchingesq6@cbsnews.com,Male,241.11.60.2,Operations,6701,Melekeok Village
944,Brendin,Eeles,beelesq7@histats.com,Male,69.52.194.43,Marketing,9036,Schieren
945,Der,Boliver,dboliverq8@answers.com,Male,190.202.118.94,Finance,5623,Novomoskovsk
946,Dino,Sincock,dsincockq9@newsvine.com,Male,131.117.43.235,Sales,8520,Hanna
947,Bayard,Klaff,bklaffqa@hibu.com,Male,179.54.29.74,Human Resources,9213,El Matama
948,Archie,Corringham,acorringhamqb@fc2.com,Polygender,88.72.172.190,Customer Service,12798,Guzhan
949,Roze,Band,rbandqc@netvibes.com,Female,98.48.194.155,Human Resources,6540,Charlottetown
950,Donnajean,Beadles,dbeadlesqd@google.com.au,Female,95.213.166.211,Information Technology (IT),6436,Shitan
951,Daffi,Demangel,ddemangelqe@zdnet.com,Female,79.132.206.59,Marketing,11153,Prokhladnyy
952,Eilis,Khomishin,ekhomishinqf@mayoclinic.com,Female,130.86.106.7,Information Technology (IT),11347,Siaya
953,Sarine,Nund,snundqg@theguardian.com,Female,90.235.120.205,Research and Development (R&D),14878,Paris 19
954,Clio,Worsell,cworsellqh@devhub.com,Female,189.95.101.217,Operations,5172,Bayt Ūlā
955,Cassandre,Paylor,cpaylorqi@digg.com,Female,185.34.43.158,Research and Development (R&D),13253,Jatisari
956,Eda,Bauldrey,ebauldreyqj@sogou.com,Female,185.87.73.64,Information Technology (IT),11821,Iguatu
957,Jillie,Hamberston,jhamberstonqk@businessweek.com,Non-binary,82.84.218.39,Human Resources,5001,Wołczyn
958,Tait,O'Scanlon,toscanlonql@gnu.org,Male,37.125.88.30,Operations,10990,Sundumbili
959,Roze,Tremblay,rtremblayqm@ibm.com,Female,60.242.63.55,Customer Service,8097,Alquerubim
960,Libby,Train,ltrainqn@ox.ac.uk,Female,170.129.183.91,Finance,13761,Taoyuan
961,Carlee,Nobriga,cnobrigaqo@marketwatch.com,Female,105.35.240.164,Customer Service,10939,Taiqing
962,Dru,Pyne,dpyneqp@accuweather.com,Male,212.159.241.3,Human Resources,7206,Marale
963,Cleve,Matzeitis,cmatzeitisqq@bluehost.com,Male,45.250.111.128,Operations,14167,Pjanići
964,Leo,Alway,lalwayqr@latimes.com,Bigender,96.175.106.106,Customer Service,10667,Cambarus
965,Jeanne,Lulham,jlulhamqs@tmall.com,Female,71.240.195.90,Information Technology (IT),8785,Tojal
966,Brett,Howard - Gater,bhowardgaterqt@soundcloud.com,Male,123.136.55.111,and Administration,11020,Alameda
967,Alvy,Thirlwall,athirlwallqu@fda.gov,Male,179.88.106.97,Operations,11556,Goryachevodskiy
968,Clareta,Oller,collerqv@bizjournals.com,Female,214.93.75.131,Research and Development (R&D),14057,Daxi
969,Millard,Lewins,mlewinsqw@php.net,Male,30.219.212.13,Finance,14689,Distracción
970,Jarad,Stormouth,jstormouthqx@guardian.co.uk,Male,236.228.4.12,Marketing,13374,Pangnirtung
971,Fleming,Miko,fmikoqy@independent.co.uk,Male,94.248.10.89,Customer Service,11738,Kadugannawa
972,Rhona,Sones,rsonesqz@narod.ru,Female,116.122.110.153,Research and Development (R&D),7993,Wysoka
973,Say,Selvester,sselvesterr0@blogs.com,Male,34.243.127.135,and Administration,14383,Austin
974,Gibby,Davidavidovics,gdavidavidovicsr1@fastcompany.com,Male,227.224.8.69,Marketing,7600,Mlandizi
975,Marshal,Messenbird,mmessenbirdr2@yale.edu,Male,71.203.67.114,Information Technology (IT),10169,Uppsala
976,Anna-diane,Witnall,awitnallr3@hostgator.com,Female,96.240.196.61,Operations,9566,Caramanta
977,Cindee,Belch,cbelchr4@mac.com,Non-binary,66.98.117.150,and Administration,13328,Hamm
978,Shelley,Kirkwood,skirkwoodr5@wisc.edu,Female,141.95.220.68,Sales,12967,Dagohoy
979,Ephraim,Sear,esearr6@si.edu,Male,21.117.185.103,Research and Development (R&D),12933,Tianyu
980,Roseanna,Reisen,rreisenr7@deliciousdays.com,Female,158.172.81.150,Customer Service,12399,Kotabaru
981,Kit,Charge,kcharger8@mozilla.com,Male,129.41.82.98,Information Technology (IT),9661,Beška
982,Pablo,Sharrock,psharrockr9@elegantthemes.com,Bigender,114.115.190.1,and Administration,11060,Huacho
983,Leroi,Ballin,lballinra@arizona.edu,Male,21.86.36.61,Operations,9079,Baluk
984,Rori,Ricarde,rricarderb@creativecommons.org,Female,117.121.69.191,Operations,5377,Ku‘aydinah
985,Elsie,Gleave,egleaverc@storify.com,Female,44.193.122.14,and Administration,14021,Kiritsy
986,Delia,Stanhope,dstanhoperd@51.la,Female,79.216.211.161,Customer Service,7920,Mithi
987,Thurstan,Ewers,tewersre@mysql.com,Male,191.217.16.139,Sales,12948,Shiraoi
988,Lora,Widger,lwidgerrf@github.com,Female,239.179.103.230,Marketing,6837,Gospić
989,Reese,Kener,rkenerrg@hugedomains.com,Male,78.224.123.57,Information Technology (IT),7081,San Isidro
990,Lyn,Churchward,lchurchwardrh@ucoz.com,Female,66.81.136.93,Human Resources,9362,Orange
991,Aland,Galpen,agalpenri@diigo.com,Male,31.80.171.182,Sales,9613,Koslan
992,Shir,Gonneau,sgonneaurj@storify.com,Female,172.32.4.214,Research and Development (R&D),8609,Froly
993,Paula,Watchorn,pwatchornrk@slideshare.net,Female,170.133.142.38,Finance,5107,Shangshaleng
994,Loutitia,Rust,lrustrl@usa.gov,Female,121.218.93.18,Marketing,7524,Bambuí
995,Halley,Peatheyjohns,hpeatheyjohnsrm@ihg.com,Female,7.87.72.249,Research and Development (R&D),13039,Ilagan
996,Mozes,Armistead,marmisteadrn@dailymotion.com,Male,1.74.178.91,Human Resources,6463,Barwałd Średni
997,Matteo,Skottle,mskottlero@hugedomains.com,Male,156.115.10.203,Operations,7708,Fengxi
998,Jaclyn,Hryniewicki,jhryniewickirp@ox.ac.uk,Female,133.15.73.25,Human Resources,12993,Zheleznogorsk-Ilimskiy
999,Chas,Rowsel,crowselrq@tiny.cc,Male,51.84.181.194,Research and Development (R&D),14092,Sala
1000,Craig,Gleadhall,cgleadhallrr@nyu.edu,Male,183.213.68.161,Marketing,12862,Hidalgo
