id,first_name,last_name,email,gender,ip_address
1,Lynde,Pordall,,Agender,240.177.8.165
2,Ginger,Ormrod,,Male,117.160.212.244
3,Vance,Vamplus,vvamplus2@vk.com,Male,69.227.163.80
4,Ned,Ortega,,Male,137.106.33.132
5,Sonya,Bende,sbende4@bizjournals.com,Female,7.18.147.234
6,Nelson,Antal,nantal5@chron.com,Male,46.56.23.230
7,Tally,Basson,tbasson6@ihg.com,Genderqueer,198.60.214.87
8,Gizela,Egan,,Female,29.63.164.112
9,Deane,Mullin,dmullin8@comcast.net,Female,253.212.185.248
10,Kim,Wildblood,kwildblood9@last.fm,Male,48.32.35.238
11,Letta,Westhofer,,Female,67.51.184.8
12,Jamima,Rizzi,jrizzib@google.es,Female,88.12.37.43
13,Veronike,Latey,vlateyc@theatlantic.com,Female,12.99.252.124
14,Tore,M'cowis,tmcowisd@deliciousdays.com,Male,56.91.59.35
15,Rustie,Malby,,Male,132.50.195.168
16,Onofredo,McAlroy,omcalroyf@wikispaces.com,Male,86.216.16.78
17,Alie,Saing,asaingg@bloglovin.com,Female,32.244.140.41
18,Royall,Tie,,Male,71.28.129.241
19,Willi,Alger,,Female,61.118.104.103
20,Jazmin,Breazeall,jbreazeallj@hao123.com,Female,118.115.93.155
21,Angela,Gerrans,agerransk@ocn.ne.jp,Female,238.242.167.201
22,Jenilee,Antoniou,jantonioul@tripod.com,Female,125.234.56.19
23,Dulce,Warfield,dwarfieldm@youtube.com,Female,188.59.134.74
24,Virgina,Janas,vjanasn@symantec.com,Female,26.118.147.55
25,Adelind,Seabridge,aseabridgeo@myspace.com,Female,223.49.4.140
26,Serena,Jarman,sjarmanp@hc360.com,Female,154.18.242.37
27,Hirsch,Tander,htanderq@independent.co.uk,Male,233.66.115.128
28,Shelly,Leinster,,Female,109.112.210.120
29,Jarid,Arrowsmith,,Male,159.15.235.124
30,Jewel,Olifard,,Female,177.74.147.97
31,Marysa,Purselow,,Female,146.120.206.9
32,Gabriell,Jehan,gjehanv@ed.gov,Female,130.185.96.176
33,Alfreda,Haselden,ahaseldenw@ezinearticles.com,Female,42.83.116.27
34,Freddie,Maldin,,Male,149.122.152.39
35,Shalom,Cornew,scornewy@infoseek.co.jp,Male,202.255.161.94
36,Pierre,Mazin,pmazinz@independent.co.uk,Male,72.119.128.193
37,Prinz,Matej,,Male,167.35.212.161
38,Marybelle,Pett,mpett11@joomla.org,Genderqueer,204.24.104.129
39,Meg,Stockley,mstockley12@posterous.com,Female,55.215.47.225
40,Sile,Parmeter,sparmeter13@dailymail.co.uk,Female,181.234.145.107
41,Katerine,Rainer,krainer14@msu.edu,Female,93.37.143.2
42,Cornell,Hafford,chafford15@vistaprint.com,Male,95.61.103.118
43,Frasier,Berthelmot,,Male,40.233.230.86
44,Vina,Muzzillo,vmuzzillo17@jigsy.com,Female,181.242.226.102
45,Eleonore,Greeveson,,Agender,124.219.178.241
46,Zorana,Sievewright,zsievewright19@time.com,Female,63.224.213.65
47,Rebekah,Boldry,rboldry1a@china.com.cn,Female,160.172.122.171
48,Lusa,Romao,lromao1b@newsvine.com,Bigender,234.203.153.224
49,Dimitry,Garry,dgarry1c@com.com,Male,244.184.67.95
50,Correna,Harragin,,Female,116.26.154.51
51,Milli,Kinnock,,Female,4.109.208.65
52,Regina,Oddie,,Female,227.89.124.212
53,Theo,Dorgon,tdorgon1g@jalbum.net,Male,181.76.119.26
54,Antonino,Dowdle,,Male,147.244.182.133
55,Carolyne,Meaker,cmeaker1i@vinaora.com,Female,22.220.141.56
56,Kira,Aldin,kaldin1j@ftc.gov,Female,78.88.129.167
57,Cullie,Burgis,cburgis1k@dailymail.co.uk,Male,182.243.52.211
58,Filia,Micheu,,Female,189.123.227.28
59,Ellis,Clapson,eclapson1m@alibaba.com,Male,25.156.246.26
60,Cristabel,Akester,cakester1n@addthis.com,Female,124.200.65.124
61,Marcelia,Shearmur,mshearmur1o@unicef.org,Female,0.254.185.206
62,Cobb,Rable,crable1p@gov.uk,Male,112.201.254.28
63,Wayne,Whitefoot,,Male,195.16.234.209
64,Maia,Cornu,mcornu1r@artisteer.com,Female,73.131.40.141
65,Ezechiel,Rowantree,,Male,142.54.246.16
66,Andriette,Wainscoat,awainscoat1t@pcworld.com,Female,209.48.242.179
67,Audrey,Brigdale,abrigdale1u@archive.org,Female,6.76.87.254
68,Shannon,Crampin,scrampin1v@flavors.me,Female,112.105.51.162
69,Lucian,Illston,lillston1w@scribd.com,Male,141.83.113.212
70,Georg,Ricks,gricks1x@wikia.com,Male,103.16.58.168
71,Arleyne,Harold,aharold1y@printfriendly.com,Female,254.182.104.128
72,Johnny,Glastonbury,jglastonbury1z@yelp.com,Male,206.249.111.151
73,Adler,Maunsell,amaunsell20@scribd.com,Male,121.237.159.139
74,Bernadina,Itscowicz,bitscowicz21@aol.com,Female,188.246.28.236
75,Ellerey,Pendell,ependell22@stanford.edu,Bigender,175.144.188.240
76,Sascha,Gatecliffe,sgatecliffe23@hugedomains.com,Male,247.168.225.16
77,Alano,Lanahan,alanahan24@macromedia.com,Polygender,150.120.153.55
78,Cassius,Mariotte,cmariotte25@123-reg.co.uk,Non-binary,132.133.183.124
79,Gib,Thomason,gthomason26@yellowpages.com,Male,45.1.78.237
80,Ranique,Bales,rbales27@sogou.com,Female,215.213.65.176
81,Stern,Jayume,sjayume28@xing.com,Male,132.140.236.198
82,Jerry,Gibben,jgibben29@networkadvertising.org,Female,108.88.252.242
83,Vernor,Poultney,,Male,152.204.148.211
84,Johnathan,Ashforth,jashforth2b@npr.org,Male,118.2.26.34
85,Jenni,De la Harpe,,Female,200.183.39.217
86,Rianon,McCathy,rmccathy2d@bbc.co.uk,Female,157.147.143.24
87,Jillane,Duffett,jduffett2e@google.co.uk,Female,34.62.144.42
88,Drugi,McLewd,dmclewd2f@google.cn,Male,184.59.55.45
89,Mariska,Aslie,maslie2g@economist.com,Female,148.12.217.100
90,Rodolph,Kimmings,rkimmings2h@etsy.com,Male,93.131.15.222
91,Rebecca,Melmar,rmelmar2i@yolasite.com,Female,252.173.184.49
92,Barron,Chang,bchang2j@symantec.com,Male,17.118.190.93
93,Wendeline,Dermott,wdermott2k@barnesandnoble.com,Female,202.134.101.181
94,Brit,Sellack,bsellack2l@pinterest.com,Female,150.116.35.230
95,Gustie,Kmieciak,,Female,27.133.9.196
96,Maure,Siddell,msiddell2n@cafepress.com,Female,91.211.210.8
97,Drud,Leitche,dleitche2o@buzzfeed.com,Male,156.62.129.11
98,Frannie,Kringe,fkringe2p@a8.net,Male,146.145.59.100
99,Bailey,Pavel,,Male,15.209.2.148
100,Otha,Coste,ocoste2r@macromedia.com,Female,167.196.202.88
101,West,Croney,wcroney2s@cpanel.net,Male,150.187.172.138
102,Karol,Manley,kmanley2t@buzzfeed.com,Female,70.101.132.215
103,Flossi,Barnett,,Female,36.198.233.201
104,Field,Errington,ferrington2v@rambler.ru,Male,49.248.131.89
105,Joshua,Ervine,,Male,255.206.87.109
106,Nancey,MacMaster,nmacmaster2x@senate.gov,Female,193.21.37.19
107,Katrina,McTurley,,Female,224.224.239.252
108,Candice,Ducastel,cducastel2z@lulu.com,Female,219.224.11.73
109,Brion,Schusterl,bschusterl30@meetup.com,Male,32.118.109.24
110,Chip,Albrecht,calbrecht31@123-reg.co.uk,Male,63.220.182.89
111,Pandora,Rysdale,prysdale32@hubpages.com,Female,243.187.9.28
112,Calla,Collumbell,ccollumbell33@tmall.com,Non-binary,33.16.217.198
113,Johnathon,Conisbee,jconisbee34@yahoo.co.jp,Male,238.88.148.218
114,Kristan,Pizzie,,Genderfluid,239.183.193.36
115,Dukey,Whittall,dwhittall36@yandex.ru,Male,201.156.78.53
116,Oona,Selwyn,oselwyn37@theatlantic.com,Female,198.104.91.33
117,Upton,Germann,ugermann38@sciencedaily.com,Male,35.73.165.254
118,Elbertine,Digle,edigle39@amazon.com,Female,83.214.127.62
119,Carey,Avramovitz,cavramovitz3a@zdnet.com,Male,78.134.29.218
120,Morris,Chomicki,mchomicki3b@virginia.edu,Male,126.72.244.200
121,Eveleen,Chapelle,echapelle3c@goodreads.com,Female,22.168.219.1
122,Rhett,Issett,,Male,173.3.207.7
123,Patti,Kunisch,,Female,138.219.11.26
124,Garv,Froome,gfroome3f@multiply.com,Male,22.16.240.254
125,Arlyne,Spohr,aspohr3g@shinystat.com,Female,251.118.237.133
126,Gaston,Castella,,Male,200.239.121.104
127,Shelli,Gunningham,sgunningham3i@jugem.jp,Genderqueer,28.82.36.35
128,Rebbecca,Cheves,,Female,107.125.52.91
129,Damien,Deely,ddeely3k@biblegateway.com,Male,163.43.45.245
130,Rayna,Urey,,Female,5.34.115.164
131,Ericka,Court,ecourt3m@nifty.com,Female,181.63.125.23
132,Sasha,Meharg,smeharg3n@bandcamp.com,Male,52.243.30.204
133,Willy,Hedin,whedin3o@cmu.edu,Male,152.82.196.2
134,Alvie,Kas,akas3p@php.net,Male,201.83.252.117
135,Corly,Mitkov,cmitkov3q@google.cn,Female,123.57.164.251
136,Tate,Tearny,ttearny3r@digg.com,Female,235.161.204.210
137,Leroy,Bootton,lbootton3s@eventbrite.com,Male,48.9.4.141
138,Salvador,Doerling,sdoerling3t@com.com,Male,72.148.101.156
139,Sidnee,Pressnell,spressnell3u@odnoklassniki.ru,Male,114.136.172.102
140,Michaeline,Idenden,midenden3v@tmall.com,Female,117.215.5.74
141,Hogan,Corstan,,Male,233.249.9.133
142,Debby,Burkhill,,Female,99.64.127.222
143,Zach,Sherrock,zsherrock3y@mysql.com,Male,233.221.161.42
144,Rochella,Charman,rcharman3z@weebly.com,Female,177.162.174.67
145,Brander,Bussons,bbussons40@devhub.com,Male,242.122.143.251
146,Melisandra,Gamlyn,,Female,150.145.1.207
147,Joseph,Ivankovic,,Male,49.243.111.167
148,Kally,Droogan,kdroogan43@google.co.jp,Bigender,113.211.244.87
149,Reilly,Leemans,rleemans44@hubpages.com,Polygender,126.152.49.27
150,Venus,Laurentin,vlaurentin45@blog.com,Female,202.139.228.73
151,Phelia,Brundale,pbrundale46@msn.com,Female,2.119.16.57
152,Alonzo,Insoll,ainsoll47@narod.ru,Male,197.116.45.106
153,Annaliese,Brandle,abrandle48@squarespace.com,Genderfluid,202.69.145.38
154,Halette,Sorley,hsorley49@dyndns.org,Female,32.219.199.182
155,Norine,Prestidge,nprestidge4a@pagesperso-orange.fr,Female,173.15.104.43
156,Palm,Russell,,Male,167.53.1.34
157,Fulton,Rallings,frallings4c@nationalgeographic.com,Male,251.195.146.11
158,Adrienne,Adamides,aadamides4d@amazon.co.uk,Female,241.15.48.27
159,Kimball,Sillars,,Male,23.106.79.75
160,Sigismondo,Arnauduc,sarnauduc4f@e-recht24.de,Male,110.2.75.139
161,Stanley,Jochen,sjochen4g@is.gd,Male,156.28.201.185
162,Malcolm,Ravenshear,,Male,27.212.193.189
163,Roddie,Witsey,rwitsey4i@nps.gov,Male,196.202.223.191
164,Virginia,Libri,vlibri4j@vistaprint.com,Female,205.82.168.200
165,Martha,Galletly,mgalletly4k@paginegialle.it,Female,122.38.59.201
166,Neall,Adnett,nadnett4l@fda.gov,Male,57.39.104.49
167,Marney,Joscelyne,mjoscelyne4m@blogs.com,Female,93.107.26.52
168,Lane,Baldung,lbaldung4n@shinystat.com,Female,139.21.244.211
169,Jefferey,Michieli,jmichieli4o@noaa.gov,Male,6.182.48.64
170,Mahala,Igglesden,migglesden4p@digg.com,Genderfluid,36.68.158.217
171,Elana,Sich,esich4q@unesco.org,Genderfluid,100.160.212.97
172,Kris,Cahan,,Female,54.129.63.255
173,Hi,Josephs,hjosephs4s@canalblog.com,Male,243.165.125.78
174,Callie,Truter,ctruter4t@elegantthemes.com,Female,203.215.102.242
175,Jodi,Bastard,jbastard4u@psu.edu,Male,76.60.13.149
176,Silva,Kilduff,,Female,213.143.214.113
177,Brok,Balham,bbalham4w@hubpages.com,Male,151.19.175.28
178,Ardra,Haldin,ahaldin4x@t.co,Female,206.240.39.239
179,Nap,Arnaudot,narnaudot4y@pbs.org,Male,110.85.113.186
180,Chandal,Berntssen,cberntssen4z@smh.com.au,Female,64.245.55.209
181,Eleen,Dutnell,,Female,132.131.53.191
182,Abel,Crowdson,acrowdson51@etsy.com,Male,61.168.97.122
183,Karel,Fairtlough,kfairtlough52@ustream.tv,Male,123.59.24.65
184,Robina,Tangye,rtangye53@friendfeed.com,Female,165.129.4.8
185,Sinclare,Chatters,schatters54@dedecms.com,Male,126.191.210.175
186,Kata,Sherwin,ksherwin55@nydailynews.com,Female,17.62.105.254
187,Baily,MacNeilage,bmacneilage56@ucoz.com,Male,83.246.0.69
188,Hollie,Binford,hbinford57@123-reg.co.uk,Female,149.8.4.198
189,Aymer,Maddock,amaddock58@howstuffworks.com,Male,13.193.149.228
190,Loralee,Ebbin,,Female,231.85.151.99
191,Hobard,Barthot,hbarthot5a@indiegogo.com,Male,197.140.244.128
192,Candi,Simonnin,csimonnin5b@usda.gov,Female,111.20.203.185
193,Hobard,Espadas,hespadas5c@artisteer.com,Male,170.71.10.140
194,Odelinda,Basile,obasile5d@joomla.org,Female,30.164.62.188
195,Philis,Grunwall,pgrunwall5e@live.com,Female,95.219.125.203
196,Maressa,McKain,mmckain5f@google.ru,Female,206.245.85.202
197,Cosimo,Pull,,Male,216.242.45.198
198,Mildrid,Althrop,malthrop5h@goo.gl,Female,192.4.229.207
199,Moss,Fallanche,,Male,42.193.82.47
200,Roldan,Fance,rfance5j@dailymail.co.uk,Male,226.202.174.23
201,Dominga,Hassent,dhassent5k@tinypic.com,Polygender,2.46.84.10
202,Vincents,Fiddy,vfiddy5l@digg.com,Male,67.124.137.13
203,Wolf,Robecon,wrobecon5m@diigo.com,Male,183.9.190.188
204,Eleanor,Denington,edenington5n@xing.com,Female,231.99.154.20
205,Kacy,Rackham,krackham5o@ow.ly,Female,124.112.199.20
206,Ricky,Frame,rframe5p@godaddy.com,Female,130.194.33.100
207,Gerrard,Summers,gsummers5q@jiathis.com,Male,65.191.172.154
208,Griff,Pennicott,gpennicott5r@ycombinator.com,Male,189.83.174.154
209,Gerty,Pattlel,gpattlel5s@wix.com,Female,34.60.28.171
210,Regan,Percy,rpercy5t@soup.io,Male,53.28.200.243
211,Deanne,Ranken,dranken5u@google.co.jp,Female,205.143.142.44
212,Rey,Shapiro,rshapiro5v@blinklist.com,Male,213.45.11.123
213,Carissa,Lunam,clunam5w@disqus.com,Female,126.32.244.7
214,Ricki,Kringe,rkringe5x@umn.edu,Bigender,154.187.181.220
215,Elijah,Alvaro,ealvaro5y@usa.gov,Male,141.239.89.56
216,Elspeth,Campione,ecampione5z@google.pl,Female,152.8.84.59
217,Suzi,Fullun,sfullun60@dedecms.com,Female,216.27.201.186
218,Alec,Causbey,,Male,55.124.146.9
219,Alana,Arnason,,Female,15.133.179.182
220,Clemmie,Cherry,ccherry63@rakuten.co.jp,Male,163.152.241.207
221,Samuel,Flecknoe,,Male,39.60.57.30
222,Paul,Alenikov,palenikov65@amazon.de,Male,71.9.21.83
223,Lonni,Langston,llangston66@jalbum.net,Female,16.236.179.206
224,Nannette,Calton,ncalton67@bravesites.com,Female,195.193.50.17
225,Amalle,Goldster,,Female,75.154.228.99
226,Amargo,Rosewall,arosewall69@census.gov,Female,215.214.132.208
227,Nicolea,Lecordier,nlecordier6a@creativecommons.org,Female,193.86.109.227
228,Sidoney,Piolli,spiolli6b@skype.com,Agender,46.252.214.135
229,Cory,Logg,,Male,108.57.39.26
230,Donall,Minshaw,,Male,147.145.43.63
231,Prudi,Fallanche,pfallanche6e@arizona.edu,Female,207.106.6.96
232,Opalina,Limb,olimb6f@intel.com,Female,31.78.102.3
233,Decca,Ferrario,dferrario6g@jalbum.net,Male,8.7.237.28
234,Elfrieda,Fiddian,,Genderqueer,233.205.45.27
235,Paolo,Parlet,pparlet6i@example.com,Male,68.143.97.227
236,Claudine,Turbitt,cturbitt6j@alexa.com,Female,26.158.245.136
237,Pancho,Flobert,,Male,26.116.54.13
238,Lesley,Foulstone,lfoulstone6l@nytimes.com,Male,33.29.2.148
239,Tandy,Menis,tmenis6m@about.com,Female,40.156.9.119
240,Suzette,Maughan,smaughan6n@51.la,Polygender,59.83.87.254
241,Stanfield,Goodman,sgoodman6o@deviantart.com,Male,226.31.4.17
242,Vergil,Lawly,,Male,22.248.122.22
243,Lauri,MacNockater,,Female,129.66.70.80
244,Locke,Akaster,lakaster6r@youtu.be,Male,178.217.63.90
245,Erasmus,Anand,eanand6s@wisc.edu,Male,147.27.73.65
246,Terrell,Agerskow,,Male,235.190.106.120
247,Beniamino,Graysmark,,Male,236.244.201.250
248,Madelena,Westraw,mwestraw6v@ucoz.ru,Female,146.210.33.81
249,Gertrud,Kempster,gkempster6w@vistaprint.com,Female,90.87.226.229
250,Eleanora,Leathwood,eleathwood6x@fc2.com,Female,59.10.202.145
251,Dinnie,Toffts,dtoffts6y@cloudflare.com,Agender,149.170.230.118
252,Clement,Boggers,cboggers6z@rakuten.co.jp,Male,106.167.129.151
253,Hedi,Hyder,hhyder70@mail.ru,Female,146.95.233.44
254,Brandise,Roydon,,Female,144.236.4.164
255,Evy,Ciciura,,Female,9.203.118.129
256,Caryl,Fairlamb,,Male,239.125.131.176
257,Chan,Trengrove,ctrengrove74@comcast.net,Male,225.51.156.91
258,Tessie,Swindin,tswindin75@pbs.org,Female,40.28.208.167
259,Gordy,Delwater,gdelwater76@hud.gov,Male,105.234.239.193
260,Harvey,Madelin,hmadelin77@biblegateway.com,Male,69.190.66.16
261,Benyamin,Woolmer,,Male,179.73.207.253
262,Liliane,Monard,lmonard79@newsvine.com,Female,192.115.81.230
263,Tulley,Scotchmur,tscotchmur7a@t.co,Male,109.80.15.226
264,Trixi,Eaglestone,,Female,132.18.64.204
265,Baxie,Sieve,,Male,163.168.80.116
266,Randy,Stockle,rstockle7d@narod.ru,Male,28.215.185.249
267,Cris,Letts,cletts7e@mapquest.com,Male,226.236.116.80
268,Riordan,Tschierasche,rtschierasche7f@pen.io,Male,119.225.19.217
269,Allsun,Mackro,amackro7g@ezinearticles.com,Female,155.116.36.32
270,Vere,Huton,vhuton7h@feedburner.com,Female,145.231.35.135
271,Lucian,Giraudel,lgiraudel7i@wufoo.com,Male,66.249.63.82
272,Dalton,Pine,,Male,16.171.239.178
273,Werner,Lathe,wlathe7k@yelp.com,Male,239.157.11.34
274,Stanton,McHardy,smchardy7l@wp.com,Male,177.150.220.25
275,Kylynn,Mountain,kmountain7m@youtube.com,Female,33.80.115.16
276,Hakeem,Wemyss,hwemyss7n@webeden.co.uk,Male,85.34.50.139
277,Meier,Hully,mhully7o@multiply.com,Male,60.166.103.7
278,Emlynne,Overthrow,eoverthrow7p@yale.edu,Female,51.97.78.43
279,Jessa,Strank,jstrank7q@narod.ru,Female,196.192.91.156
280,Millard,Sebrook,msebrook7r@sun.com,Non-binary,85.111.232.178
281,Caron,Cargill,ccargill7s@diigo.com,Female,166.137.135.178
282,Lesly,Hamer,lhamer7t@cmu.edu,Female,14.114.197.132
283,Carol-jean,Arno,carno7u@cnn.com,Non-binary,22.131.111.187
284,Maure,Benettolo,mbenettolo7v@delicious.com,Female,148.32.35.125
285,Lianne,Issacov,lissacov7w@wordpress.org,Female,36.143.4.194
286,Kingsly,Ceschi,,Male,172.112.89.85
287,Lyndsay,Wilding,lwilding7y@bing.com,Female,155.162.141.48
288,Dorothee,Dat,ddat7z@e-recht24.de,Female,123.233.235.206
289,Irina,Lennox,ilennox80@mashable.com,Female,241.148.43.47
290,Kirby,Lorenzo,,Male,8.236.24.88
291,Timofei,Hogbourne,thogbourne82@shutterfly.com,Male,222.196.133.195
292,Silas,Keen,skeen83@photobucket.com,Male,16.214.82.155
293,Gena,Guilloton,gguilloton84@cbc.ca,Female,70.46.69.227
294,Marillin,Tonner,mtonner85@si.edu,Female,119.88.171.167
295,Kelcy,Nast,knast86@home.pl,Female,36.55.231.202
296,Cass,Canedo,ccanedo87@sbwire.com,Female,154.192.128.112
297,Sioux,Handasyde,shandasyde88@google.co.jp,Female,135.73.1.171
298,Suzanne,Debenham,sdebenham89@foxnews.com,Female,144.26.39.248
299,Sergeant,Weldon,sweldon8a@gizmodo.com,Male,55.12.150.34
300,Janette,Thompson,,Female,73.28.122.52
301,Filippo,Gallie,fgallie8c@unblog.fr,Male,106.37.38.66
302,Thatcher,Izzard,tizzard8d@dedecms.com,Male,112.232.104.141
303,Myrta,Bleackly,mbleackly8e@mit.edu,Female,207.163.169.73
304,Sean,Merrikin,smerrikin8f@goo.ne.jp,Female,184.124.170.41
305,Northrop,Bleby,nbleby8g@liveinternet.ru,Male,16.64.121.2
306,Mel,Hearons,mhearons8h@blog.com,Female,82.41.142.153
307,Loralie,Blaney,lblaney8i@walmart.com,Female,131.230.45.38
308,Faythe,Archley,farchley8j@yale.edu,Female,248.156.92.245
309,Sylvester,Jodkowski,sjodkowski8k@guardian.co.uk,Male,103.44.40.171
310,Marcelia,Carlino,,Female,27.178.169.233
311,Terence,Tomkiss,ttomkiss8m@wisc.edu,Male,36.56.83.78
312,Buffy,Weight,bweight8n@ucoz.ru,Female,114.214.211.172
313,Rance,Raybould,rraybould8o@prweb.com,Male,209.58.19.175
314,Shurlock,Blase,sblase8p@indiatimes.com,Male,242.155.32.241
315,Reggie,Grieswood,rgrieswood8q@weebly.com,Female,131.89.136.11
316,Maible,Shawyers,mshawyers8r@yellowbook.com,Genderfluid,140.41.60.247
317,Gilbertine,Vittle,,Female,98.129.73.124
318,Simona,Domleo,,Female,56.252.211.28
319,Killy,Mallock,kmallock8u@census.gov,Male,84.160.146.245
320,Addison,Bromige,abromige8v@netlog.com,Genderqueer,92.55.41.25
321,Ebba,Goudard,egoudard8w@netscape.com,Female,25.154.235.60
322,Corrie,Dawley,,Male,212.214.63.25
323,Alfred,Mullord,amullord8y@ucoz.com,Male,135.67.175.1
324,Windham,Allain,,Male,156.152.225.129
325,Babita,Sedworth,bsedworth90@ycombinator.com,Female,136.92.70.22
326,Mehetabel,Skerme,mskerme91@patch.com,Female,240.13.68.89
327,Orazio,Mullarkey,omullarkey92@sourceforge.net,Male,171.83.15.47
328,Neille,Purdom,,Female,177.34.89.177
329,Justis,Sawood,jsawood94@creativecommons.org,Male,13.78.103.54
330,Ilise,Fearnall,,Female,112.6.32.182
331,Dorree,Edling,,Female,100.100.148.93
332,Timofei,Mendes,tmendes97@epa.gov,Male,224.38.98.31
333,Rainer,Clementel,rclementel98@cpanel.net,Male,47.32.200.24
334,Timmie,MacMeeking,,Female,228.109.187.81
335,Appolonia,Barkworth,,Female,194.145.75.8
336,Jaine,Wass,jwass9b@yellowpages.com,Female,179.75.39.7
337,Darrell,Huddy,dhuddy9c@lycos.com,Male,50.122.28.33
338,Rozamond,Conew,rconew9d@ox.ac.uk,Agender,16.227.93.122
339,Guenna,Dyneley,gdyneley9e@nsw.gov.au,Female,231.20.20.190
340,Lavina,Griswood,lgriswood9f@businessweek.com,Female,90.226.224.244
341,Linnet,Clemencon,,Female,3.225.145.224
342,Nikolaos,Catton,ncatton9h@youtube.com,Male,227.74.58.137
343,Harper,Josipovitz,hjosipovitz9i@google.de,Male,100.117.195.240
344,Pacorro,DelaField,pdelafield9j@cbslocal.com,Male,239.93.173.191
345,Wood,Reicharz,wreicharz9k@opera.com,Agender,186.57.167.35
346,Lief,Wabb,lwabb9l@i2i.jp,Male,28.35.142.110
347,Ingelbert,Algar,ialgar9m@godaddy.com,Male,57.197.101.30
348,Salem,Harlow,sharlow9n@deliciousdays.com,Male,59.227.246.115
349,Chen,Glitherow,,Male,213.43.109.3
350,Shina,Golde,sgolde9p@buzzfeed.com,Non-binary,191.212.94.59
351,Noland,Dendle,ndendle9q@a8.net,Male,38.126.88.181
352,Tandie,Toal,ttoal9r@blogger.com,Female,5.203.74.238
353,Bernelle,Schutze,bschutze9s@seattletimes.com,Female,42.133.188.236
354,Adah,Bounds,abounds9t@google.com.au,Female,30.23.164.137
355,Dina,Synan,dsynan9u@behance.net,Female,158.69.26.51
356,Clive,Schutze,cschutze9v@microsoft.com,Male,198.107.175.133
357,Vivianne,Fader,vfader9w@cdc.gov,Female,212.132.127.108
358,Adriane,O'Mohun,,Female,70.111.60.54
359,Ambrose,Fantini,,Male,101.119.106.139
360,Puff,Cropper,,Male,106.216.238.71
361,Flor,Wiles,fwilesa0@163.com,Non-binary,57.152.250.18
362,Leelah,Marwick,,Female,8.153.75.4
363,Jeth,Pateman,jpatemana2@mtv.com,Male,156.159.205.178
364,Devora,Heavens,dheavensa3@dropbox.com,Female,176.227.119.97
365,Rutter,Jankovsky,rjankovskya4@yellowpages.com,Male,165.70.145.36
366,Atlante,Mountstephen,amountstephena5@blog.com,Female,225.106.253.232
367,Cheri,Kislingbury,ckislingburya6@exblog.jp,Female,57.90.84.167
368,Lemar,Ruffle,lrufflea7@wikia.com,Male,129.174.86.33
369,Bambi,Basford,bbasforda8@youku.com,Female,110.70.10.3
370,Jean,Aldersley,jaldersleya9@youku.com,Male,51.79.243.184
371,Shalne,Lembke,,Female,221.27.112.166
372,Shandeigh,Matoshin,smatoshinab@taobao.com,Female,46.154.152.242
373,Antons,Limpenny,alimpennyac@noaa.gov,Bigender,114.28.190.202
374,Nolly,Kirckman,,Male,128.236.184.213
375,Phyllida,Braysher,pbraysherae@baidu.com,Female,194.70.147.66
376,Clare,Gulleford,cgullefordaf@ebay.com,Female,118.56.220.148
377,Kristoforo,Draper,kdraperag@latimes.com,Male,194.9.16.143
378,Tibold,Scones,,Male,187.48.217.45
379,Silvester,Delong,,Male,68.198.186.255
380,Angelika,Chapell,achapellaj@google.com.au,Female,7.122.201.24
381,Jaclin,MacLoughlin,jmacloughlinak@netlog.com,Female,125.181.32.25
382,Belita,Bendin,,Bigender,178.18.135.189
383,Lesley,Clint,,Female,172.51.39.254
384,Erna,Thunnerclef,ethunnerclefan@yellowpages.com,Female,41.153.23.227
385,Alyda,Coleiro,acoleiroao@wordpress.org,Polygender,0.212.143.34
386,Sterne,McLanaghan,smclanaghanap@smugmug.com,Male,17.184.239.213
387,Shauna,Starzaker,,Female,96.3.164.163
388,Lissy,Gathwaite,lgathwaitear@disqus.com,Female,54.19.20.119
389,Hansiain,Iacobetto,hiacobettoas@patch.com,Male,9.1.223.216
390,Gian,Sacker,gsackerat@jugem.jp,Male,241.151.139.172
391,Carmelle,Ledington,cledingtonau@wufoo.com,Female,172.132.92.234
392,Ara,Imbrey,,Male,97.194.217.25
393,Waring,Sollitt,,Male,31.8.202.17
394,Salvatore,Berryann,,Male,29.60.49.220
395,Pamela,Culross,pculrossay@odnoklassniki.ru,Female,168.114.134.221
396,Stacie,Brodley,,Female,59.136.253.223
397,Melina,Barfield,mbarfieldb0@i2i.jp,Female,210.32.65.173
398,Darryl,Stonary,,Male,186.20.43.251
399,Moll,Tongue,mtongueb2@ifeng.com,Female,54.160.108.59
400,Alecia,Tuxwell,atuxwellb3@linkedin.com,Female,64.7.80.245
401,Melly,Ioan,mioanb4@shutterfly.com,Female,151.6.197.118
402,Kahlil,McDermid,,Male,128.14.135.180
403,Cloris,Torvey,ctorveyb6@bizjournals.com,Female,34.243.196.45
404,Alonzo,Doherty,adohertyb7@shareasale.com,Male,196.219.233.2
405,Jewell,Plom,jplomb8@globo.com,Bigender,238.109.209.97
406,Kerry,Marquis,,Female,20.100.67.181
407,Carolus,Loddon,cloddonba@amazonaws.com,Male,14.193.193.164
408,Brendon,Peppard,,Male,192.4.204.199
409,Aldus,Drieu,adrieubc@businessinsider.com,Male,81.230.3.49
410,Benedick,Glyssanne,bglyssannebd@forbes.com,Male,92.149.239.213
411,Montague,Andrivot,mandrivotbe@icio.us,Male,111.125.83.142
412,Chucho,Dewing,cdewingbf@homestead.com,Male,230.3.33.89
413,Yvonne,Catonnet,ycatonnetbg@privacy.gov.au,Female,18.41.148.249
414,Frasquito,Ebbins,,Male,254.195.195.2
415,Rab,Zecchinii,rzecchiniibi@sphinn.com,Bigender,126.107.240.11
416,Leora,Tunnoch,,Female,172.13.198.181
417,Bride,Cherrett,,Female,159.228.33.208
418,Christoper,Adamov,cadamovbl@goo.gl,Male,67.124.166.36
419,Shirlee,Anelay,sanelaybm@nhs.uk,Genderqueer,40.145.147.155
420,Avery,Lester,alesterbn@hatena.ne.jp,Male,231.242.3.220
421,Brad,McKyrrelly,bmckyrrellybo@toplist.cz,Male,176.224.110.135
422,Yul,Raffles,yrafflesbp@icio.us,Male,46.185.232.242
423,Nannie,Quarry,nquarrybq@mysql.com,Female,241.49.152.118
424,Shaine,Mateiko,smateikobr@qq.com,Female,48.199.252.107
425,Pammi,Angrick,pangrickbs@woothemes.com,Genderqueer,190.125.91.139
426,Zachery,Mabone,zmabonebt@examiner.com,Male,252.137.107.206
427,Keriann,Ingleton,,Female,194.55.35.212
428,Morgan,Sandbatch,,Male,188.6.159.186
429,Noach,Farrears,nfarrearsbw@arizona.edu,Male,236.112.102.120
430,Whittaker,Thiese,,Male,154.110.31.100
431,Hedda,Tott,htottby@techcrunch.com,Female,40.79.115.54
432,Wood,Showt,wshowtbz@newsvine.com,Male,218.61.239.168
433,Carree,Scarrott,cscarrottc0@naver.com,Female,75.114.105.217
434,Georgia,Salamon,gsalamonc1@netlog.com,Female,204.102.240.123
435,Ursola,Bleaden,ubleadenc2@bloglovin.com,Female,250.188.158.113
436,Bertie,Stroder,bstroderc3@de.vu,Female,208.34.142.68
437,Jinny,Budden,,Female,175.207.244.255
438,Juline,Weafer,jweaferc5@europa.eu,Genderqueer,182.61.29.165
439,Bondie,Gronauer,bgronauerc6@qq.com,Male,123.27.156.255
440,Keven,Gildroy,kgildroyc7@facebook.com,Male,94.190.225.120
441,Jessee,Lacaze,jlacazec8@yelp.com,Male,246.178.235.143
442,Murvyn,Feronet,mferonetc9@squarespace.com,Male,6.78.138.150
443,Harland,Gouinlock,hgouinlockca@ibm.com,Male,189.136.46.96
444,Georgine,Baddiley,,Female,23.14.45.49
445,Raeann,McPharlain,rmcpharlaincc@wufoo.com,Female,191.68.131.215
446,Courtney,Sandbatch,csandbatchcd@yandex.ru,Female,212.170.172.16
447,Lillis,Philliphs,lphilliphsce@discuz.net,Female,180.195.184.50
448,Helsa,Clemon,hclemoncf@spotify.com,Female,198.17.206.35
449,Sergei,Cossom,scossomcg@vimeo.com,Male,50.58.251.173
450,Karry,Tremayne,ktremaynech@businesswire.com,Female,104.25.38.120
451,Kermie,Haitlie,khaitlieci@meetup.com,Male,33.89.250.74
452,Heywood,Golds,hgoldscj@reuters.com,Male,126.43.222.158
453,Jeromy,Lacroix,jlacroixck@yahoo.co.jp,Male,73.99.200.68
454,Catie,Dilliway,,Polygender,220.143.215.240
455,Leonidas,Macewan,lmacewancm@oakley.com,Male,71.126.162.119
456,Craggie,Lardeux,clardeuxcn@rambler.ru,Male,143.14.123.208
457,Loydie,Ainslie,lainslieco@sohu.com,Male,187.38.225.65
458,Langsdon,Ovanesian,,Male,107.35.119.72
459,Sigismund,Esley,sesleycq@liveinternet.ru,Male,54.189.249.16
460,Rosella,Abate,rabatecr@boston.com,Female,142.220.14.192
461,Elaine,Farman,efarmancs@hhs.gov,Female,46.126.179.65
462,Tamarah,Hardwidge,thardwidgect@instagram.com,Female,154.48.7.192
463,Claybourne,Vlasyev,cvlasyevcu@army.mil,Male,251.73.189.36
464,Abelard,Loude,aloudecv@ning.com,Male,165.39.210.227
465,Tiffy,Rosencwaig,trosencwaigcw@theglobeandmail.com,Female,243.55.200.8
466,Ashley,Triner,atrinercx@unc.edu,Male,37.61.86.204
467,Brandea,Moultrie,bmoultriecy@ocn.ne.jp,Genderqueer,75.111.57.129
468,Gerty,Kuller,gkullercz@nps.gov,Female,161.110.101.124
469,Hamil,Abley,hableyd0@godaddy.com,Male,172.73.100.131
470,Dillon,De Ath,ddeathd1@etsy.com,Male,129.199.224.193
471,Bernhard,Swift,,Bigender,155.5.248.58
472,Fey,Jane,fjaned3@comsenz.com,Female,197.66.52.160
473,Cinda,Gellan,cgelland4@fda.gov,Female,211.193.97.163
474,Delmor,Kabisch,,Male,101.128.27.79
475,Elonore,Brentnall,ebrentnalld6@sohu.com,Female,22.160.85.64
476,Reeva,Ginity,,Female,2.139.19.164
477,Lenka,Edridge,ledridged8@boston.com,Female,235.136.146.164
478,Reuven,Vigrass,rvigrassd9@forbes.com,Male,86.45.27.212
479,Jareb,Petit,jpetitda@pagesperso-orange.fr,Male,96.166.241.151
480,Colas,Aiton,caitondb@hubpages.com,Male,235.190.243.255
481,Andrej,Haskell,ahaskelldc@redcross.org,Non-binary,114.46.190.205
482,Lina,Tilberry,,Female,239.157.219.59
483,Elora,Jeaves,ejeavesde@biglobe.ne.jp,Female,244.216.204.129
484,Thorstein,Whitwood,,Male,117.191.227.165
485,Nils,Losemann,nlosemanndg@addtoany.com,Male,155.139.53.98
486,Idalia,Blazevic,,Female,174.154.157.29
487,Lorrie,Tomasino,ltomasinodi@biblegateway.com,Male,192.58.28.193
488,Trudi,Howton,thowtondj@storify.com,Female,41.84.18.37
489,Cari,Churchin,,Female,50.253.36.62
490,Foss,Reignould,freignoulddl@amazon.de,Male,46.236.66.124
491,Jena,Onge,jongedm@nationalgeographic.com,Female,19.13.56.64
492,Melvin,Goretti,mgorettidn@rakuten.co.jp,Male,15.182.166.98
493,Haskell,Carsey,hcarseydo@army.mil,Male,176.65.136.237
494,Othello,Hattersley,ohattersleydp@usda.gov,Male,127.7.163.28
495,Robbyn,Brumbie,rbrumbiedq@istockphoto.com,Female,54.72.122.250
496,Stephen,Woolner,swoolnerdr@xinhuanet.com,Male,70.216.14.231
497,Marcus,Skayman,mskaymands@chron.com,Male,177.5.231.149
498,Jesus,Giuron,jgiurondt@ustream.tv,Male,246.52.16.201
499,Edie,Walasik,ewalasikdu@nbcnews.com,Female,5.198.101.168
500,Ransell,Askey,raskeydv@zdnet.com,Male,13.198.33.72
501,Violetta,Copplestone,vcopplestonedw@nytimes.com,Female,39.2.103.100
502,Karel,Earngy,kearngydx@dmoz.org,Bigender,91.220.39.154
503,Ingmar,Lawie,ilawiedy@netscape.com,Male,133.33.15.223
504,Archibaldo,Le Grand,alegranddz@disqus.com,Male,79.184.136.196
505,Tiler,Kleinstein,tkleinsteine0@gizmodo.com,Male,164.134.244.134
506,Genovera,Fills,gfillse1@hp.com,Female,167.37.225.151
507,Daffy,Waggitt,,Female,120.43.176.71
508,Addie,Vinsen,avinsene3@google.com.au,Female,144.30.146.204
509,Brendis,Cardenosa,bcardenosae4@facebook.com,Male,236.181.167.228
510,Norry,Robertucci,nrobertuccie5@mapquest.com,Male,162.244.85.255
511,Teddy,Sissland,tsisslande6@toplist.cz,Female,243.1.45.98
512,Gertrudis,Keyser,gkeysere7@mysql.com,Female,207.57.238.138
513,Glory,Fitzhenry,gfitzhenrye8@gov.uk,Female,92.227.253.109
514,Tedd,Folliss,tfollisse9@cornell.edu,Male,1.91.208.77
515,Allina,Cracoe,acracoeea@themeforest.net,Female,121.151.179.46
516,Lilias,Ocklin,locklineb@cbc.ca,Female,48.64.15.208
517,Loretta,Capel,lcapelec@java.com,Female,28.76.66.121
518,Christie,Kleinberer,,Genderfluid,73.68.234.3
519,Dougy,Rengger,drenggeree@fastcompany.com,Male,24.125.153.142
520,Christian,McLaine,cmclaineef@zimbio.com,Genderfluid,219.196.200.190
521,Christos,Lennon,clennoneg@msn.com,Male,141.54.117.90
522,Dela,Maffey,dmaffeyeh@globo.com,Female,175.133.204.239
523,Karole,Newlove,knewloveei@studiopress.com,Female,166.252.35.218
524,Zorah,Rickeard,zrickeardej@pen.io,Female,253.15.240.119
525,Rosamond,Habershaw,,Female,58.36.68.76
526,Brady,Loudian,,Male,137.145.190.145
527,Harlie,Sweed,hsweedem@imdb.com,Female,110.210.192.123
528,Adoree,Saunder,asaunderen@flickr.com,Female,144.82.44.232
529,Roddy,Handley,,Bigender,23.129.229.5
530,Rozalin,Peacher,rpeacherep@tuttocitta.it,Female,223.48.216.111
531,Carleton,Harpham,charphameq@fotki.com,Male,43.126.172.241
532,Dorthea,Lawn,dlawner@chron.com,Female,41.24.61.246
533,Dulcea,Gowland,dgowlandes@flavors.me,Female,150.12.89.181
534,Ettie,Seymer,eseymeret@ustream.tv,Female,55.102.73.188
535,Eleni,Glede,egledeeu@phpbb.com,Bigender,87.211.132.62
536,Barbee,Spinelli,bspinelliev@walmart.com,Female,189.203.14.18
537,Maribelle,Naisbet,mnaisbetew@chronoengine.com,Female,193.251.71.72
538,Fleur,Neiland,fneilandex@live.com,Female,45.185.78.119
539,Montague,Irce,mirceey@webs.com,Male,118.159.188.154
540,Debbi,Wolstencroft,dwolstencroftez@studiopress.com,Female,15.132.155.238
541,Corbet,Itzkin,citzkinf0@apple.com,Male,131.129.130.34
542,Caresse,Eddis,ceddisf1@twitter.com,Female,94.60.97.198
543,Theodore,Beacroft,tbeacroftf2@ox.ac.uk,Male,128.38.164.80
544,Eva,Succamore,esuccamoref3@hibu.com,Female,176.36.160.97
545,Lindy,Cheeseman,,Female,98.115.218.76
546,Mallissa,Trorey,,Female,127.145.6.21
547,Corabel,Ricart,,Female,242.178.135.57
548,Ewan,Bernaert,ebernaertf7@myspace.com,Male,194.206.170.119
549,Talbot,Critch,,Male,93.47.15.174
550,Delia,Sarfatti,,Female,136.185.223.205
551,Juline,Philpot,jphilpotfa@vkontakte.ru,Female,182.88.161.13
552,Quintin,Rolfi,qrolfifb@weibo.com,Male,253.157.99.2
553,Nichole,Larenson,nlarensonfc@ning.com,Male,199.14.115.77
554,Binni,Dearnley,bdearnleyfd@intel.com,Female,82.207.191.80
555,Carlee,Andrejs,candrejsfe@spotify.com,Genderfluid,54.58.127.143
556,Bessy,Brosi,bbrosiff@answers.com,Female,176.229.105.82
557,Deina,Crossdale,dcrossdalefg@themeforest.net,Female,0.216.173.51
558,Beatriz,Igo,bigofh@stanford.edu,Female,51.189.251.124
559,Kaitlin,Huson,khusonfi@geocities.com,Polygender,18.239.1.49
560,Hazel,Honnan,,Female,251.143.50.71
561,Nesta,Hadfield,nhadfieldfk@goodreads.com,Female,217.210.60.70
562,Chrystal,Pebworth,,Female,174.129.168.108
563,Meg,Stutter,mstutterfm@ucsd.edu,Female,170.160.12.197
564,Dewey,Lightbowne,dlightbownefn@cnbc.com,Non-binary,131.6.93.117
565,Thaddus,Abberley,tabberleyfo@nih.gov,Male,191.47.221.172
566,Bobby,Wattam,bwattamfp@cloudflare.com,Female,121.231.111.177
567,Guilbert,Reed,,Male,220.81.152.74
568,Lynnette,Hoodlass,lhoodlassfr@army.mil,Female,195.29.104.91
569,Flss,Kingcote,fkingcotefs@netlog.com,Female,170.44.67.20
570,Marley,Shiers,mshiersft@ifeng.com,Female,96.20.204.72
571,Ashley,Siegertsz,,Male,162.155.173.15
572,Alva,Poser,,Male,224.203.21.130
573,Mella,Christian,mchristianfw@webnode.com,Female,161.204.51.42
574,Avery,Hesse,ahessefx@eepurl.com,Male,163.213.200.74
575,Deedee,Kean,dkeanfy@vkontakte.ru,Genderqueer,0.4.56.26
576,Thomas,Lamputt,,Male,61.126.145.84
577,Cecilla,Hamblett,chamblettg0@yellowpages.com,Female,156.50.34.20
578,Guillema,Brewer,,Female,110.60.52.188
579,Julie,Garden,,Male,65.8.3.32
580,Gunar,Beumant,gbeumantg3@whitehouse.gov,Male,224.36.193.6
581,Herve,Dmtrovic,hdmtrovicg4@digg.com,Male,253.235.87.18
582,Edythe,Tomson,etomsong5@biblegateway.com,Female,113.213.104.112
583,Dalton,Hasard,,Male,14.254.144.56
584,Deena,Alwen,dalweng7@washingtonpost.com,Female,32.97.27.239
585,Harry,Wittleton,hwittletong8@parallels.com,Male,56.38.46.99
586,Armstrong,Corck,acorckg9@google.com.hk,Male,98.144.74.242
587,Esme,Sedgeworth,esedgeworthga@pbs.org,Female,86.37.61.29
588,Bobbie,Heal,bhealgb@github.com,Female,242.226.145.80
589,Meta,Toghill,,Female,25.58.56.243
590,Bridgette,Chanter,bchantergd@mapy.cz,Female,91.61.27.53
591,Letty,Benettolo,lbenettologe@t.co,Female,178.73.165.131
592,Tana,Camacho,,Female,250.105.158.175
593,Dal,Brise,dbrisegg@huffingtonpost.com,Male,167.46.73.158
594,Farah,Purdon,fpurdongh@surveymonkey.com,Female,36.138.56.0
595,Babb,Roke,brokegi@cyberchimps.com,Female,33.247.202.110
596,Winona,Aleksich,waleksichgj@4shared.com,Female,83.49.107.231
597,Winona,Digger,wdiggergk@de.vu,Female,12.118.155.146
598,Hagen,Yaknov,,Polygender,252.129.89.49
599,Amandie,Twiggins,atwigginsgm@devhub.com,Female,185.7.160.87
600,Ivar,Moiser,imoisergn@weather.com,Male,136.219.122.168
601,Darcy,Comins,dcominsgo@nps.gov,Female,45.19.35.228
602,Jeff,Leveret,jleveretgp@youtu.be,Male,151.212.5.14
603,Zorana,Emby,zembygq@dion.ne.jp,Female,139.186.95.115
604,Meridel,Bunker,mbunkergr@europa.eu,Female,235.82.222.153
605,Daryle,Manjin,dmanjings@163.com,Male,233.25.253.68
606,Svend,Glazier,sglaziergt@sbwire.com,Male,164.182.134.105
607,Jo,Longfoot,jlongfootgu@prlog.org,Male,47.187.209.173
608,Quinton,Burthom,qburthomgv@microsoft.com,Male,102.246.117.82
609,Hughie,Lisimore,hlisimoregw@google.com.hk,Male,65.139.116.146
610,Moshe,Bracci,mbraccigx@princeton.edu,Male,21.100.224.96
611,Storm,Spadaro,sspadarogy@hibu.com,Female,32.166.188.180
612,Tana,Parsonson,,Female,78.153.16.158
613,Gareth,Philbrook,,Genderfluid,98.208.104.82
614,Tadd,Dusting,,Male,50.253.42.15
615,Bekki,McVeighty,,Female,68.168.127.191
616,Lemar,Falk,,Male,249.142.48.132
617,Geoffry,Irdale,girdaleh4@fotki.com,Male,230.196.235.126
618,Corey,Morrall,cmorrallh5@japanpost.jp,Female,1.9.42.35
619,Ruthy,Nuccitelli,rnuccitellih6@examiner.com,Female,73.176.168.85
620,Ferrel,Walkington,fwalkingtonh7@theglobeandmail.com,Male,165.182.2.230
621,Andi,Braxay,,Female,122.250.52.126
622,Arnaldo,Leathart,,Male,76.139.170.183
623,Calley,Trayhorn,ctrayhornha@mlb.com,Female,113.82.80.103
624,Towny,Saxton,tsaxtonhb@nba.com,Male,183.48.102.148
625,Dominik,Fifield,dfifieldhc@dyndns.org,Male,76.21.204.75
626,Spike,Sirrell,ssirrellhd@sitemeter.com,Male,250.179.5.19
627,Abbe,Dumbrall,adumbrallhe@joomla.org,Male,39.232.35.36
628,Nisse,Rawsthorne,nrawsthornehf@berkeley.edu,Female,28.226.44.22
629,Hamid,Delbergue,hdelberguehg@admin.ch,Agender,19.74.49.110
630,Faythe,Sumsion,fsumsionhh@about.com,Female,19.185.5.232
631,Charissa,Duxbarry,,Female,38.161.202.35
632,Nina,Goch,,Female,115.176.59.187
633,Keenan,Mathy,,Agender,203.223.83.92
634,Blythe,Giacomo,,Female,44.136.27.135
635,Dolley,Brasted,dbrastedhm@sogou.com,Female,64.50.249.92
636,Ailee,Brandino,abrandinohn@alibaba.com,Female,70.84.202.41
637,Leonelle,Puddan,lpuddanho@netscape.com,Female,179.230.58.146
638,Zacharias,Vido,,Male,122.140.230.207
639,Josey,Wolsey,jwolseyhq@exblog.jp,Female,80.41.106.120
640,Kipp,Gierke,kgierkehr@digg.com,Female,217.91.107.93
641,Flossie,Jordan,,Female,9.136.47.171
642,Ilsa,Caltun,icaltunht@weebly.com,Female,31.140.174.162
643,Sherwin,Pietroni,spietronihu@google.com.br,Male,228.79.229.218
644,George,Oldroyde,goldroydehv@msn.com,Male,77.157.206.184
645,Bar,De Benedictis,bdebenedictishw@ucsd.edu,Non-binary,125.142.60.11
646,Frederik,Hesbrook,fhesbrookhx@seattletimes.com,Male,222.3.43.137
647,Pearla,Trill,ptrillhy@state.tx.us,Female,220.167.138.37
648,Casie,Tonnesen,ctonnesenhz@berkeley.edu,Agender,192.213.91.174
649,Ezequiel,Cordie,ecordiei0@mapquest.com,Male,1.97.43.114
650,Giuditta,Rasher,grasheri1@mysql.com,Female,138.37.163.146
651,Shina,Isaq,sisaqi2@webnode.com,Female,178.61.102.203
652,Angel,Sara,asarai3@prnewswire.com,Male,82.7.89.190
653,Andrew,Tickel,atickeli4@cdc.gov,Male,82.123.221.222
654,Margo,Lapish,mlapishi5@skyrock.com,Female,200.94.241.221
655,Way,Briscam,wbriscami6@ucoz.ru,Male,20.41.104.88
656,Jocko,Bardwall,jbardwalli7@pinterest.com,Male,237.33.0.154
657,Waly,Giles,wgilesi8@unc.edu,Female,179.230.40.10
658,Marcie,Kohter,mkohteri9@wunderground.com,Female,80.169.109.179
659,Marleen,Garrood,,Female,107.153.224.251
660,Redford,Amoss,ramossib@live.com,Non-binary,232.162.10.188
661,Abigale,Worvell,aworvellic@networksolutions.com,Female,1.7.233.4
662,Tucky,Fearnill,tfearnillid@ucsd.edu,Male,180.49.112.50
663,Chic,Dorre,,Genderqueer,20.105.110.122
664,Sela,Bowerbank,sbowerbankif@bizjournals.com,Female,234.105.207.217
665,Lyman,Estcot,lestcotig@msu.edu,Male,212.254.215.25
666,Tuckie,O'Feeny,tofeenyih@xinhuanet.com,Male,112.91.3.232
667,Darlleen,Bottom,dbottomii@squidoo.com,Female,134.77.55.160
668,Noemi,Lynnitt,nlynnittij@fema.gov,Female,156.158.209.37
669,Madison,Wildman,,Male,41.160.213.58
670,Laverna,Edmands,ledmandsil@51.la,Female,127.123.120.229
671,Sutherlan,Dundon,sdundonim@oracle.com,Male,197.27.32.100
672,Keefer,Lindl,klindlin@tiny.cc,Male,44.84.255.40
673,Ashely,Plesing,aplesingio@instagram.com,Female,168.21.130.20
674,Ernestus,Philpot,ephilpotip@bloomberg.com,Male,148.152.199.110
675,Ray,Bahls,rbahlsiq@google.fr,Female,5.59.21.4
676,Halley,Startin,,Female,240.155.180.209
677,Julio,Brigginshaw,jbrigginshawis@phoca.cz,Male,112.178.218.68
678,Joete,Bullar,jbullarit@vistaprint.com,Female,103.14.165.193
679,Amerigo,Guerola,aguerolaiu@twitter.com,Male,51.69.49.136
680,Rolf,Willers,rwillersiv@wikipedia.org,Male,91.9.227.60
681,Guendolen,Issatt,gissattiw@last.fm,Polygender,33.198.249.158
682,Spencer,Grishanin,sgrishaninix@accuweather.com,Male,48.217.148.146
683,Danna,Hovenden,dhovendeniy@mlb.com,Female,241.27.76.96
684,Olga,Brinkworth,obrinkworthiz@studiopress.com,Non-binary,241.70.123.250
685,Dimitri,Carrington,dcarringtonj0@com.com,Male,216.231.153.55
686,Gamaliel,Muschette,gmuschettej1@digg.com,Male,65.145.104.28
687,Dallis,Howselee,,Male,214.162.37.198
688,Raimondo,Hallows,,Polygender,234.214.107.77
689,Inesita,Thripp,ithrippj4@zdnet.com,Female,33.125.245.148
690,Gates,Abramamovh,gabramamovhj5@google.com.br,Female,162.211.2.75
691,Caresa,Hazeltine,,Female,37.0.27.169
692,Richardo,Southeran,rsoutheranj7@51.la,Male,184.43.78.242
693,Maurizio,Caunter,mcaunterj8@indiegogo.com,Male,50.243.180.175
694,Beverlie,Georgievski,bgeorgievskij9@vistaprint.com,Agender,107.140.144.248
695,Evangeline,Trenoweth,etrenowethja@tripadvisor.com,Female,4.73.190.240
696,Kellie,Andresser,kandresserjb@blogs.com,Female,230.109.181.222
697,Erin,Ferrario,,Female,10.22.94.146
698,Trefor,Krier,tkrierjd@issuu.com,Male,82.108.183.177
699,Kala,Bumby,kbumbyje@clickbank.net,Female,36.246.6.238
700,Dona,Rankine,drankinejf@webmd.com,Female,155.46.0.176
701,Dilly,Wickins,dwickinsjg@ocn.ne.jp,Polygender,94.13.66.62
702,Edeline,Bagworth,ebagworthjh@noaa.gov,Female,48.157.31.32
703,Vin,Meffan,vmeffanji@chicagotribune.com,Agender,203.81.122.187
704,Malissia,Boissier,mboissierjj@infoseek.co.jp,Female,136.253.245.191
705,Alasdair,Quickenden,aquickendenjk@imageshack.us,Male,156.162.197.237
706,Darrell,Orwin,dorwinjl@icq.com,Male,216.107.77.8
707,Rip,Pawson,rpawsonjm@narod.ru,Bigender,150.5.247.242
708,Gilda,Tamlett,gtamlettjn@irs.gov,Female,77.228.55.196
709,Alejandra,Tregian,atregianjo@biblegateway.com,Female,221.13.193.181
710,Karina,Espinal,,Female,183.119.204.145
711,Beverlee,Sancho,,Female,107.179.48.173
712,Ethe,Iffe,eiffejr@bing.com,Male,229.186.144.206
713,Godfry,Laurenz,glaurenzjs@dmoz.org,Male,25.217.250.124
714,Lilli,Kubalek,lkubalekjt@stanford.edu,Bigender,178.255.39.17
715,Chance,Arbon,carbonju@live.com,Male,215.14.80.106
716,Corrie,Deverille,cdeverillejv@china.com.cn,Female,25.102.23.90
717,Dun,Wildgoose,dwildgoosejw@nytimes.com,Male,91.36.8.240
718,Link,Tysack,,Male,137.1.47.159
719,Van,Haugen,vhaugenjy@slideshare.net,Male,167.82.151.165
720,Dodie,Davidovitz,,Genderfluid,174.243.92.223
721,Ferne,Boakes,fboakesk0@quantcast.com,Non-binary,251.218.114.43
722,Batholomew,Bovaird,bbovairdk1@histats.com,Male,24.62.28.85
723,Bunnie,Galiero,bgalierok2@foxnews.com,Female,81.232.20.219
724,Ned,Biddlecombe,,Male,231.57.155.231
725,Biddy,Andreas,bandreask4@smugmug.com,Female,249.248.113.71
726,Christian,Sterrie,csterriek5@jiathis.com,Agender,130.193.55.170
727,Maggi,Habin,mhabink6@weibo.com,Female,187.121.146.58
728,Harold,Pendlebery,hpendleberyk7@comsenz.com,Male,49.31.217.55
729,Christine,Tootell,ctootellk8@t.co,Genderfluid,115.87.46.179
730,Rafe,Armsby,,Male,111.23.93.118
731,Nev,Mertel,,Male,172.159.131.155
732,Arabela,Udey,audeykb@arstechnica.com,Genderqueer,192.39.21.192
733,Annnora,Toyer,,Female,33.14.232.168
734,Courtenay,Audus,cauduskd@forbes.com,Female,162.130.96.217
735,Stephie,Hanalan,,Female,116.195.175.150
736,Bertine,Tucker,btuckerkf@rakuten.co.jp,Female,103.124.169.226
737,Lorens,Whatford,lwhatfordkg@so-net.ne.jp,Male,75.51.149.114
738,Darby,Doorey,ddooreykh@disqus.com,Female,248.60.254.143
739,Clemente,Dombrell,cdombrellki@java.com,Male,143.30.16.12
740,Chiquia,Petrillo,cpetrillokj@dyndns.org,Female,253.10.151.64
741,Morley,MacGray,,Genderqueer,173.132.226.171
742,Maighdiln,O'Flaherty,moflahertykl@wikia.com,Female,24.119.38.105
743,Marybelle,Beaushaw,mbeaushawkm@amazon.co.jp,Non-binary,70.174.151.125
744,Lanny,Dearnley,ldearnleykn@wsj.com,Female,104.215.128.88
745,Korella,Opie,kopieko@businesswire.com,Agender,60.60.246.45
746,Brandi,Keirl,,Female,86.244.60.81
747,Sibyl,Gilvary,sgilvarykq@boston.com,Male,196.28.119.84
748,Frederic,Kemp,fkempkr@howstuffworks.com,Non-binary,90.230.31.102
749,Grazia,St Pierre,gstpierreks@networkadvertising.org,Female,8.12.233.146
750,Briant,Sayton,bsaytonkt@flickr.com,Male,68.109.239.38
751,Mathilde,Haill,mhaillku@symantec.com,Female,113.39.72.0
752,Gabriellia,Hughill,ghughillkv@vinaora.com,Female,247.145.156.17
753,Binny,Klimaszewski,,Female,66.21.10.132
754,Angie,Joyce,ajoycekx@dion.ne.jp,Male,22.162.98.126
755,Nolie,Rames,,Female,44.34.144.179
756,Raddy,Cawthron,rcawthronkz@biglobe.ne.jp,Male,149.190.221.108
757,Cammy,Harmes,,Agender,148.206.137.81
758,Lynde,Enrrico,lenrricol1@apple.com,Female,215.243.101.123
759,Susanetta,Bohan,,Female,161.76.161.199
760,Rog,Kinze,rkinzel3@unicef.org,Non-binary,225.143.150.39
761,Gradeigh,Doogood,gdoogoodl4@bigcartel.com,Male,180.239.221.109
762,Luce,Nieass,lnieassl5@weather.com,Male,24.163.69.112
763,Evvy,Pitts,epittsl6@123-reg.co.uk,Female,157.214.44.167
764,Annaliese,Hansley,ahansleyl7@shinystat.com,Female,118.123.17.213
765,Arty,Hyndson,ahyndsonl8@digg.com,Male,178.58.72.0
766,Yelena,Treharne,ytreharnel9@taobao.com,Female,110.237.97.204
767,Idelle,Whiteman,,Genderqueer,183.219.129.217
768,Richmound,Seine,,Male,139.54.53.22
769,Freedman,Broadwell,fbroadwelllc@usatoday.com,Male,182.112.117.69
770,Katrine,Antuk,,Agender,201.127.119.226
771,Torrie,Winnister,twinnisterle@google.com.br,Female,158.192.167.163
772,Ilario,Oliff,iolifflf@lulu.com,Male,72.146.111.176
773,Dannie,Drewry,,Male,132.248.32.33
774,Gus,Kippen,gkippenlh@wisc.edu,Male,99.13.12.182
775,Jeffrey,Edgson,jedgsonli@cisco.com,Male,170.192.235.153
776,Mead,Irwin,mirwinlj@theglobeandmail.com,Male,99.172.136.181
777,Andras,Skylett,,Male,57.241.78.34
778,Ulla,Borless,uborlessll@dot.gov,Female,82.94.191.37
779,Gelya,Satterley,gsatterleylm@free.fr,Female,176.32.212.250
780,Byran,Lowy,blowyln@marriott.com,Male,114.25.124.114
781,Cammie,Boag,,Female,219.7.186.195
782,Gunner,Dulton,gdultonlp@sourceforge.net,Male,202.24.186.71
783,Levi,Shew,lshewlq@rakuten.co.jp,Non-binary,46.103.216.105
784,Cristobal,Boggers,cboggerslr@sina.com.cn,Male,238.10.43.231
785,Uriah,Frangleton,ufrangletonls@joomla.org,Male,58.75.193.209
786,Clive,Norkutt,cnorkuttlt@cargocollective.com,Male,17.141.236.12
787,Vanya,Spearing,vspearinglu@chron.com,Male,145.166.149.189
788,Wernher,MacCallester,,Male,255.104.202.10
789,Nora,Mustoo,,Genderqueer,143.145.180.28
790,Cam,Hyndley,,Male,108.230.129.238
791,Sheilah,Dawidowitz,sdawidowitzly@sitemeter.com,Female,180.152.108.89
792,Lilah,Elletson,,Female,18.139.102.140
793,Armand,Largen,alargenm0@rediff.com,Male,45.141.25.244
794,Donovan,Wolfart,dwolfartm1@photobucket.com,Male,159.250.248.200
795,Regen,Peyro,rpeyrom2@upenn.edu,Male,27.80.61.205
796,Georgena,Zimmermanns,,Female,10.175.125.139
797,Judye,Daouze,jdaouzem4@zimbio.com,Female,171.247.231.128
798,Moyra,Wisson,mwissonm5@wikipedia.org,Female,39.64.155.237
799,Illa,Bram,ibramm6@indiegogo.com,Polygender,69.225.156.96
800,Alyda,Callf,acallfm7@rambler.ru,Female,109.175.20.58
801,Sutton,Pauel,,Male,94.18.156.54
802,Rodolph,Yardy,,Male,197.161.54.21
803,Tarrance,Leagas,tleagasma@i2i.jp,Male,84.84.202.157
804,Issi,Waghorn,iwaghornmb@artisteer.com,Female,109.61.36.190
805,Kermy,Geaves,kgeavesmc@furl.net,Male,5.98.248.57
806,Elihu,Queen,equeenmd@fc2.com,Male,160.105.70.143
807,Georg,Eddins,geddinsme@blogs.com,Male,136.174.110.185
808,Clarita,Roundtree,croundtreemf@reference.com,Female,242.216.50.207
809,Rickie,Sealy,rsealymg@dyndns.org,Male,5.179.3.159
810,Xymenes,Streak,xstreakmh@pbs.org,Male,159.143.23.53
811,Blinny,Cathesyed,bcathesyedmi@amazonaws.com,Female,22.117.169.97
812,Gil,Harrow,gharrowmj@patch.com,Male,35.126.13.49
813,Lauritz,Clyde,lclydemk@constantcontact.com,Male,242.202.202.127
814,Cymbre,Toffalo,,Polygender,239.117.15.140
815,Rosa,Biasini,rbiasinimm@bing.com,Female,204.171.177.54
816,Monro,Eaklee,meakleemn@usda.gov,Male,11.98.29.16
817,Genna,Aspel,gaspelmo@ucsd.edu,Female,99.192.128.224
818,Franzen,Speeks,fspeeksmp@paypal.com,Male,168.250.143.106
819,Sutherland,Warrington,swarringtonmq@indiegogo.com,Male,115.22.119.158
820,Eziechiele,Espadas,eespadasmr@myspace.com,Male,131.61.227.250
821,Agathe,Lamb-shine,,Female,132.163.37.0
822,Karel,Purkiss,kpurkissmt@multiply.com,Male,142.92.109.231
823,Kesley,Aulsford,,Female,55.253.98.126
824,Ignazio,Lavies,ilaviesmv@histats.com,Male,137.252.115.105
825,Merv,Friedman,mfriedmanmw@ning.com,Male,61.248.58.8
826,Bethina,Timbridge,,Female,25.47.187.72
827,Orton,Bridgnell,obridgnellmy@un.org,Male,88.196.191.43
828,Corie,Krale,ckralemz@histats.com,Female,226.208.31.74
829,Fonsie,Nursey,fnurseyn0@accuweather.com,Male,152.183.6.68
830,Rad,Cadwaladr,,Male,134.108.236.184
831,Ansel,Eick,aeickn2@state.gov,Male,99.146.79.36
832,Dee,Keaysell,dkeayselln3@yandex.ru,Female,194.204.203.137
833,Richmound,Milton,,Male,6.234.99.229
834,Simona,Deeves,sdeevesn5@dagondesign.com,Female,88.107.23.230
835,Davina,Vasey,dvaseyn6@cornell.edu,Female,39.28.35.77
836,Florance,Mabon,fmabonn7@clickbank.net,Female,97.179.53.24
837,Nicolette,Leborgne,nleborgnen8@artisteer.com,Female,56.81.144.165
838,Noble,Sykes,nsykesn9@unc.edu,Male,87.131.196.240
839,Benjamen,Suarez,,Male,45.28.238.58
840,Anselm,Gavan,agavannb@yandex.ru,Male,192.101.45.153
841,Marketa,Greeson,,Female,77.242.214.140
842,Archer,Atthowe,aatthowend@webs.com,Male,213.151.141.51
843,Kincaid,Andreasson,,Male,190.151.123.121
844,Shurlocke,Mazzeo,smazzeonf@disqus.com,Male,8.120.238.101
845,Quinlan,Newns,qnewnsng@simplemachines.org,Male,206.86.185.129
846,Ollie,Loade,oloadenh@gravatar.com,Polygender,86.187.53.61
847,Tonya,Partridge,tpartridgeni@github.io,Female,47.57.151.254
848,Sanderson,Close,sclosenj@arstechnica.com,Male,16.125.27.92
849,Morgen,Maber,mmabernk@amazon.co.jp,Genderfluid,167.42.62.233
850,Farrell,Gatsby,,Non-binary,71.251.147.86
851,Siobhan,Huglin,shuglinnm@mozilla.com,Female,192.192.51.17
852,Rodolfo,Aldhous,raldhousnn@typepad.com,Male,97.88.208.114
853,Roscoe,Parell,rparellno@ovh.net,Male,116.11.10.57
854,Patsy,Balint,,Male,54.241.220.241
855,Ingamar,Skeldon,iskeldonnq@dot.gov,Male,204.176.23.55
856,Kiel,Quennell,kquennellnr@addthis.com,Genderfluid,14.208.251.253
857,Branden,De Bruijne,,Male,197.142.90.195
858,Marmaduke,Yurasov,myurasovnt@aboutads.info,Male,145.10.160.84
859,Stu,Buckingham,sbuckinghamnu@princeton.edu,Male,251.60.108.248
860,Kellie,Giacometti,kgiacomettinv@un.org,Female,158.127.88.8
861,Cristionna,Fleckney,,Female,52.226.53.143
862,Euell,Gosnold,egosnoldnx@scientificamerican.com,Male,169.226.44.233
863,Britney,Stranahan,bstranahanny@nymag.com,Female,136.59.104.62
864,Milicent,Hammerberger,,Female,153.95.187.162
865,Sandy,Credland,scredlando0@cisco.com,Male,143.125.132.88
866,Kristine,Gooderick,kgoodericko1@apple.com,Female,124.228.10.87
867,Ricoriki,Webben,rwebbeno2@loc.gov,Male,99.75.226.137
868,Enrichetta,Perone,eperoneo3@wisc.edu,Female,60.96.254.140
869,Prudence,McNally,pmcnallyo4@nifty.com,Female,36.151.42.152
870,Ruthi,Lawson,rlawsono5@berkeley.edu,Female,178.151.172.227
871,Andie,Brilleman,abrillemano6@cbc.ca,Male,75.200.29.186
872,Chrissy,Minister,cministero7@tamu.edu,Male,67.223.23.91
873,Freeman,Merill,fmerillo8@pen.io,Bigender,136.51.170.78
874,Curtis,Alishoner,calishonero9@liveinternet.ru,Male,4.246.129.44
875,Yorker,Oakenfield,,Male,194.219.11.58
876,Marilin,Tyas,mtyasob@tripadvisor.com,Female,19.175.80.114
877,Elfie,Shovelbottom,eshovelbottomoc@mtv.com,Female,237.93.214.55
878,Irina,Youthed,,Female,28.112.67.144
879,Jenelle,Broadfield,jbroadfieldoe@rambler.ru,Female,59.166.74.82
880,Haydon,Matusevich,,Male,107.104.21.203
881,Simeon,Castangia,,Male,26.19.189.196
882,Thibaud,Prosch,tproschoh@networkadvertising.org,Male,241.62.81.20
883,Gwenette,Joy,gjoyoi@123-reg.co.uk,Female,7.66.36.211
884,Camel,Altree,caltreeoj@blogspot.com,Female,115.52.21.204
885,Barr,Beacom,bbeacomok@theglobeandmail.com,Male,156.223.136.87
886,Lauryn,Lubman,,Female,75.27.210.213
887,Gabi,Antonoyev,gantonoyevom@samsung.com,Male,38.223.120.250
888,Shurwood,Simpson,ssimpsonon@ustream.tv,Male,31.145.215.60
889,Lenci,Dacks,ldacksoo@nih.gov,Male,168.36.188.137
890,Bertie,Bondesen,bbondesenop@themeforest.net,Male,167.238.237.34
891,Cecily,Kann,ckannoq@prnewswire.com,Non-binary,23.152.223.25
892,Lovell,Benezeit,lbenezeitor@cbc.ca,Male,210.142.167.153
893,Giralda,Killcross,gkillcrossos@cnet.com,Female,3.200.144.161
894,Dominik,Saull,dsaullot@gizmodo.com,Male,55.21.27.150
895,Abbe,Worstall,aworstallou@scientificamerican.com,Male,45.79.169.252
896,Nike,Shier,nshierov@uol.com.br,Female,89.166.105.158
897,Hercules,Capon,hcaponow@linkedin.com,Male,199.112.241.132
898,Essa,Defont,edefontox@gizmodo.com,Female,211.241.161.34
899,Cassondra,Lawn,,Female,117.239.163.70
900,Clara,Tender,ctenderoz@amazonaws.com,Female,37.227.53.216
901,Cloris,Dumphy,,Female,197.69.44.238
902,Enriqueta,Kineton,ekinetonp1@japanpost.jp,Female,144.140.49.161
903,Karel,Minster,kminsterp2@omniture.com,Genderqueer,65.51.243.130
904,Arturo,Cownden,,Genderqueer,19.64.159.255
905,Rinaldo,Batram,rbatramp4@artisteer.com,Male,216.50.218.48
906,Cindi,Claisse,,Non-binary,237.216.48.136
907,Norry,Vigrass,,Male,221.19.236.202
908,Dory,Bixley,,Female,7.31.32.1
909,Laurens,Ingilson,lingilsonp8@diigo.com,Male,216.227.123.242
910,Stephanus,Sorrill,ssorrillp9@squarespace.com,Male,34.179.254.70
911,Katherine,Trathan,ktrathanpa@t.co,Female,206.131.181.233
912,Roz,Denge,rdengepb@ocn.ne.jp,Female,165.6.143.118
913,Addy,Cattonnet,acattonnetpc@dot.gov,Male,92.243.212.23
914,Frederic,Comrie,fcomriepd@imageshack.us,Male,108.97.240.64
915,Pauly,Sotheron,psotheronpe@dmoz.org,Male,51.217.12.207
916,Thaddeus,Glave,tglavepf@rakuten.co.jp,Male,81.209.132.105
917,Lisbeth,Risson,lrissonpg@scientificamerican.com,Female,95.230.56.237
918,Thayne,Lethbridge,tlethbridgeph@issuu.com,Male,218.58.246.36
919,Cortie,Annesley,cannesleypi@imgur.com,Male,170.34.167.88
920,Terri,Burston,tburstonpj@lycos.com,Female,95.139.56.2
921,Jase,Grazier,jgrazierpk@cbsnews.com,Male,40.67.89.115
922,Pam,Pingston,ppingstonpl@goo.ne.jp,Female,65.219.219.112
923,Margeaux,Harmston,,Female,69.187.13.16
924,Rodrique,Naptin,rnaptinpn@auda.org.au,Male,72.49.18.174
925,Ailyn,Claxton,,Female,246.194.249.103
926,Norton,Garie,ngariepp@barnesandnoble.com,Male,36.249.56.40
927,Levy,Levin,llevinpq@umn.edu,Male,152.152.54.206
928,Janice,Scadden,jscaddenpr@reverbnation.com,Female,231.120.108.167
929,Ketty,Matuska,kmatuskaps@discovery.com,Female,98.254.24.71
930,Katerina,Denyukin,,Female,230.93.16.144
931,Katerine,Devote,kdevotepu@ovh.net,Female,180.163.48.51
932,Dimitri,Passby,,Non-binary,173.219.0.6
933,Paco,Dunley,pdunleypw@toplist.cz,Male,31.252.154.1
934,Toddie,Bernardes,tbernardespx@vinaora.com,Male,221.99.242.201
935,Yanaton,Ragat,yragatpy@alibaba.com,Male,24.101.110.197
936,Gib,Ivanusyev,givanusyevpz@ask.com,Male,132.173.247.250
937,Galvan,Beall,gbeallq0@scribd.com,Male,248.216.219.61
938,Roman,Pavinese,rpavineseq1@baidu.com,Male,175.227.110.0
939,Karna,Rhymer,krhymerq2@twitpic.com,Female,199.230.108.174
940,Sterne,Drust,sdrustq3@twitpic.com,Male,4.225.147.24
941,Veda,Elkins,velkinsq4@blogtalkradio.com,Female,9.125.54.128
942,Mikol,Dearlove,mdearloveq5@alexa.com,Male,46.114.183.148
943,Isis,Thirsk,ithirskq6@webs.com,Female,132.58.82.180
944,Jamaal,Stoddard,jstoddardq7@cdc.gov,Male,135.9.224.40
945,Jarrett,Luxton,jluxtonq8@jimdo.com,Male,31.113.219.5
946,Hank,Tratton,htrattonq9@ftc.gov,Male,93.92.115.29
947,Juliana,Morteo,,Female,179.58.80.127
948,Cornie,Pargent,cpargentqb@phpbb.com,Male,171.166.136.85
949,Kissie,Farnes,kfarnesqc@vistaprint.com,Female,51.63.240.101
950,Hamnet,Purselow,,Male,57.172.49.34
951,Miner,Navaro,,Male,29.108.40.48
952,Annamarie,Stokoe,astokoeqf@nytimes.com,Female,10.140.199.237
953,Cortney,Iori,cioriqg@ibm.com,Female,87.57.0.130
954,Hadley,Gorringe,hgorringeqh@forbes.com,Male,200.119.40.1
955,Boniface,Lydon,blydonqi@mac.com,Bigender,116.80.194.51
956,Stanwood,Kilian,skilianqj@ow.ly,Male,240.32.192.45
957,Xenia,Fader,xfaderqk@amazon.co.jp,Female,99.222.34.141
958,Merrie,Sparrowe,msparroweql@google.cn,Female,185.120.90.142
959,Papagena,Duinkerk,pduinkerkqm@google.nl,Female,247.84.241.59
960,Joana,Andreas,jandreasqn@uol.com.br,Female,97.219.14.6
961,Brannon,Eliassen,beliassenqo@amazon.de,Genderqueer,52.223.118.36
962,Magnum,Romans,,Male,88.61.190.201
963,Molli,Rugiero,mrugieroqq@sfgate.com,Female,124.218.44.146
964,Devondra,Miskelly,,Female,166.72.105.119
965,Dario,Fairfoul,dfairfoulqs@wikipedia.org,Male,161.214.38.23
966,Nicolea,Stobart,nstobartqt@dedecms.com,Female,93.232.15.217
967,Eve,Manby,emanbyqu@canalblog.com,Female,23.15.192.47
968,Zackariah,Alessandretti,zalessandrettiqv@posterous.com,Male,84.192.228.255
969,Terri,Manwell,tmanwellqw@google.es,Male,192.27.101.250
970,Marvin,MacCorkell,mmaccorkellqx@mayoclinic.com,Male,214.106.206.61
971,Jim,Bonifazio,jbonifazioqy@mtv.com,Male,31.135.84.100
972,Eleanor,Westcott,ewestcottqz@wordpress.com,Female,2.161.176.158
973,Bordie,Raubenheimer,braubenheimerr0@paypal.com,Male,139.82.22.83
974,Camey,Beastall,cbeastallr1@wikimedia.org,Male,148.15.20.27
975,Bethany,Greenway,bgreenwayr2@narod.ru,Female,8.86.34.125
976,Jania,Royse,jroyser3@about.me,Female,139.99.211.245
977,Tonya,Zienkiewicz,tzienkiewiczr4@desdev.cn,Genderfluid,158.156.27.222
978,Killian,Bullon,,Male,99.7.81.7
979,Drucy,Colquete,dcolqueter6@si.edu,Female,102.245.157.233
980,Alfie,Billborough,abillboroughr7@twitter.com,Female,31.212.35.142
981,Nanine,Rubinlicht,nrubinlichtr8@friendfeed.com,Female,158.213.62.91
982,Judith,Tromans,jtromansr9@tripadvisor.com,Female,129.224.166.78
983,Tyrone,Hessentaler,thessentalerra@omniture.com,Polygender,113.177.167.249
984,Arabele,Davydoch,,Female,198.223.110.180
985,Louisa,Stihl,lstihlrc@examiner.com,Female,252.255.196.72
986,Barny,Cartledge,,Male,87.158.246.250
987,Marisa,Whittleton,mwhittletonre@earthlink.net,Female,12.7.157.221
988,Anitra,Roland,arolandrf@miitbeian.gov.cn,Female,153.55.8.228
989,Josie,Gamblin,jgamblinrg@printfriendly.com,Female,208.228.145.101
990,Daria,Gildroy,,Female,103.218.85.100
991,Eugenie,Henner,ehennerri@sina.com.cn,Female,160.15.90.254
992,Cybill,Canada,ccanadarj@free.fr,Female,103.85.136.240
993,Lonna,Durman,,Genderqueer,118.209.177.197
994,Jenine,Rottcher,,Female,177.246.211.86
995,Cassius,Michelle,cmichellerm@usnews.com,Male,40.247.246.212
996,Sophey,Turgoose,sturgoosern@huffingtonpost.com,Female,82.240.79.181
997,Shayla,Cradoc,,Female,78.170.126.70
998,Michelina,Horry,mhorryrp@economist.com,Female,94.16.167.228
999,Brynna,Grenkov,,Female,234.147.233.23
1000,Berkie,Tidcombe,btidcomberr@wikimedia.org,Male,149.66.18.207
