id,department_id,first_name,last_name,email,gender,ip_address,salary,city,phone
1,12,Drusy,Lidgett,dlidgett0@mapy.cz,Female,81.66.250.109,6179,Nirgua,118-853-0886
2,7,Hort,Hylton,hhylton1@istockphoto.com,Male,238.75.140.12,8488,Henan’an,688-672-7595
3,9,Siobhan,Cockett,,Female,214.120.130.249,5257,Dezhou,856-831-9664
4,18,Brucie,Hearns,bhearns3@java.com,Male,1.15.73.164,6219,Leudelange,866-610-7240
5,19,Bradley,Eskriet,beskriet4@huffingtonpost.com,Male,160.79.4.149,8492,Longshan,458-362-1577
6,15,Sella,Leadbetter,sleadbetter5@hibu.com,Agender,235.179.122.222,7197,Ruihong,859-936-8235
7,15,Mayor,Virgoe,,Male,67.82.118.218,5210,Kuala Lumpur,261-279-7592
8,18,Trueman,Casbolt,,Male,160.71.12.11,5571,Londrina,818-330-1852
9,4,Gherardo,Fratczak,gfratczak8@exblog.jp,Male,174.110.102.51,6104,Psychikó,702-775-8658
10,16,Hilde,O'Cosgra,hocosgra9@psu.edu,Female,113.230.132.217,9429,Anguera,602-125-6997
11,15,Alfy,Braddick,abraddicka@blog.com,Male,193.118.60.56,8121,Nizhnyaya Omka,163-737-0835
12,3,Roddie,Dymocke,rdymockeb@mapquest.com,Male,102.108.182.12,7058,Kesambilerenkrajan,995-405-4607
13,7,Erv,Brookes,ebrookesc@altervista.org,Male,113.180.76.201,8275,Dogondoutchi,475-520-5182
14,12,Gale,Stebbins,gstebbinsd@plala.or.jp,Male,128.161.239.89,7642,Xuling,468-363-7032
15,10,Heath,Buckam,,Male,129.131.247.1,5615,Amsterdam Binnenstad en Oostelijk Havengebied,674-632-5427
16,18,Hunter,Tinkham,htinkhamf@vistaprint.com,Male,140.203.62.78,8825,Gaopeng,462-577-7066
17,15,Parke,Ismirnioglou,pismirniogloug@oaic.gov.au,Male,225.144.60.61,7185,Berëzovskiy,164-653-8517
18,18,Trevor,Bragge,tbraggeh@spiegel.de,Male,149.105.147.214,,Kyaka,882-825-9918
19,6,Arabelle,Dearlove,adearlovei@wix.com,Female,127.10.72.63,7602,Vicuña,447-196-6596
20,20,Barny,Novak,,Genderqueer,74.149.170.212,7359,Vabalninkas,482-710-9737
21,19,Hendrick,O'Dreain,,Male,91.202.229.230,9263,Ban Talat Bueng,349-389-7736
22,10,Theodosia,Messruther,tmessrutherl@nbcnews.com,Female,123.18.99.243,6492,Buray,410-213-2665
23,10,Casey,Mertsching,cmertschingm@cisco.com,Genderfluid,98.4.158.254,8436,Phrae,814-756-1456
24,16,Hasty,Templar,,Male,103.126.95.149,6605,Cipari,965-149-2650
25,14,Alexandro,Cumes,acumeso@umn.edu,Male,60.86.198.67,8187,Diaoluoshan,937-368-5493
26,14,Clementia,Deport,,Agender,113.98.151.21,8767,Gaplek,328-411-2606
27,3,Edsel,Shay,eshayq@bigcartel.com,Bigender,50.13.89.233,5152,Hradec Králové,577-346-7767
28,15,Edlin,Reicharz,ereicharzr@bravesites.com,Male,80.219.79.176,8181,Yantak,843-231-4789
29,5,Denys,Ratnege,dratneges@miitbeian.gov.cn,Male,30.80.150.247,8114,Sujiatuo,861-122-4832
30,9,Tersina,Lindmark,,Non-binary,166.148.189.63,7914,Dolisie,481-935-9098
31,20,Mareah,Mc Ilwrick,mmcilwricku@paginegialle.it,Female,16.106.109.56,6935,Real,330-417-3360
32,10,Hart,Bello,,Male,161.157.165.95,5546,Kyosai,571-971-3941
33,3,Selestina,Tumility,stumilityw@google.pl,Female,61.140.157.254,9486,Illapel,512-804-2011
34,6,Roger,Martello,,Polygender,86.44.132.13,5910,Asahi,664-156-2176
35,15,Fredericka,Musto,fmustoy@qq.com,Female,91.92.111.124,,Fanyang,887-849-0230
36,19,Cyrill,Flanigan,cflaniganz@wix.com,Male,121.213.164.43,6810,Yataity del Norte,802-139-6969
37,7,Howard,Canacott,hcanacott10@ning.com,Male,153.28.156.173,5281,Hucheng,633-718-5021
38,1,Fraze,Rummings,frummings11@netlog.com,Male,202.196.35.104,9656,Haurpanggung,393-408-7651
39,8,Giraldo,Sivyer,gsivyer12@hugedomains.com,Male,77.8.66.24,6561,Darhan,402-922-2879
40,5,Stefan,Dockwray,sdockwray13@cdbaby.com,Male,146.1.40.24,6266,Tuguanpu,498-244-3738
41,11,Drucie,Sapsford,,Female,161.29.193.24,6618,Gambut,721-796-1761
42,1,Lawton,Younghusband,lyounghusband15@freewebs.com,Male,215.253.9.71,6744,Sanrao,214-510-7940
43,13,Clevey,Gradly,cgradly16@cnbc.com,Male,133.84.154.7,5431,Valle de Ángeles,355-290-4008
44,10,Gisella,Kidgell,,Female,199.39.126.15,5124,Lamego,498-465-2079
45,12,Ramsay,Frisdick,rfrisdick18@goo.ne.jp,Male,239.70.98.236,5537,Weixin,429-666-0992
46,8,Duffy,Durban,ddurban19@rediff.com,Male,41.10.200.230,8228,Kuanda,865-959-4638
47,18,Amby,Wimmers,awimmers1a@yale.edu,Male,213.219.254.151,8390,Xuedian,306-386-4257
48,7,Sigismundo,Ashwin,sashwin1b@digg.com,Male,28.255.31.10,5981,Avarua,283-809-1040
49,4,Tootsie,Brownfield,tbrownfield1c@google.pl,Female,50.85.139.84,5314,Yongning,295-172-4789
50,4,Nariko,Snassell,nsnassell1d@altervista.org,Genderqueer,124.37.90.85,6358,Diriomo,832-920-7638
51,10,Georgeanna,Possel,gpossel1e@arstechnica.com,Female,249.85.197.201,9420,Sambiyan,428-172-9705
52,9,Reeva,Fernihough,rfernihough1f@alexa.com,Female,26.32.96.54,5431,Apeldoorn,552-642-6240
53,20,Thomasina,Grieveson,tgrieveson1g@bravesites.com,Genderfluid,18.112.24.124,7060,Cisalakdesa,990-194-3481
54,19,Nev,Challiss,nchalliss1h@soup.io,Male,41.152.60.195,5625,Jimsar,323-625-8369
55,19,Ginelle,Bealing,gbealing1i@tripod.com,Female,52.58.146.226,8964,Cetinje,576-615-8852
56,19,Guinevere,Dumbelton,gdumbelton1j@example.com,Female,155.127.55.78,9297,Shuizhai,820-272-3201
57,10,Forster,Bagguley,fbagguley1k@tuttocitta.it,Male,104.156.0.45,9523,Novocherkassk,706-411-3058
58,5,Jammal,Mincher,jmincher1l@nymag.com,Male,81.9.212.108,9467,Jiangjiazui,616-742-8452
59,18,Isabeau,Orae,iorae1m@marriott.com,Female,226.203.88.131,7738,Pasauran,928-985-1156
60,7,Cherianne,Gramer,cgramer1n@prlog.org,Female,167.224.166.155,7604,Puerto Maldonado,828-568-8856
61,15,Katusha,Freyne,kfreyne1o@hostgator.com,Female,224.99.35.134,7067,Baimi,228-236-2202
62,13,Berne,Sandyfirth,,Male,252.34.153.181,5606,Vónitsa,855-163-5993
63,17,Nanice,MacDermot,nmacdermot1q@infoseek.co.jp,Female,204.67.118.152,6750,Fak Tha,257-611-2294
64,18,Adriane,Johnstone,ajohnstone1r@epa.gov,Female,184.117.145.93,,Svedala,631-859-1634
65,18,Enrichetta,Gedge,egedge1s@macromedia.com,Female,99.99.112.122,7192,Bayt Ūlā,279-842-3704
66,10,Trudy,Beincken,,Female,231.64.59.75,5888,Tyresö,663-186-6630
67,14,Purcell,Hundall,phundall1u@phoca.cz,Male,60.108.151.59,6252,Sozopol,931-320-0760
68,6,Tris,Emmitt,temmitt1v@weebly.com,Male,21.174.8.237,9583,Noveleta,283-366-9926
69,10,Gretchen,Kimbrey,gkimbrey1w@wordpress.org,Female,42.216.147.19,9681,San Benito Abad,385-672-4994
70,3,Viki,Pitcaithly,vpitcaithly1x@theglobeandmail.com,Female,224.104.24.79,5946,Chengkan,432-902-5771
71,15,Jojo,Crumby,,Female,110.234.199.19,8497,Valence,474-167-6581
72,17,Analise,Poynor,,Female,83.214.108.116,6469,Farafenni,954-113-8983
73,11,Elfrieda,Henric,ehenric20@disqus.com,Female,190.56.220.192,8613,Jimo,356-517-1336
74,8,Armin,Bowman,abowman21@mozilla.org,Male,39.94.137.237,9233,Hantsavichy,971-998-6422
75,13,Chryste,Sears,csears22@bandcamp.com,Female,209.137.96.231,8024,Yuanguping,189-370-1081
76,15,Rolland,O'Concannon,,Male,5.240.6.107,9937,Alangilanan,726-364-6924
77,4,Miles,Kinnon,mkinnon24@cnbc.com,Male,35.54.86.77,6833,Payao,935-887-2247
78,13,Nike,Strong,,Female,243.144.13.145,7388,Kabulusan,224-175-2518
79,2,Neel,Spriggen,nspriggen26@chron.com,Male,52.117.21.43,9170,Arcos,385-617-6762
80,2,Addy,Sollas,asollas27@ucoz.ru,Female,159.242.18.225,9981,Novopokrovka,319-329-3026
81,2,Denny,Tolussi,dtolussi28@amazonaws.com,Female,161.44.205.29,6078,Duhu,970-458-2100
82,17,Yorker,Slessar,yslessar29@stanford.edu,Male,204.181.188.214,9518,Boka,448-591-2945
83,16,Florentia,Bonwick,,Female,243.176.123.102,9129,Baro,743-709-8475
84,12,Bert,McEvoy,,Female,141.99.155.137,5002,Guaymango,170-593-6485
85,12,Dallis,Eason,,Male,13.27.41.25,,Guandukou,223-727-9956
86,20,Bendix,Melchior,,Polygender,178.62.136.103,9327,Bajiao,199-218-9158
87,17,Arel,Souley,asouley2e@cloudflare.com,Genderqueer,29.188.76.195,5062,Negararatu,191-509-7970
88,14,Gerald,Griswaite,ggriswaite2f@google.cn,Male,168.79.17.164,,Donnacona,763-328-2186
89,7,Pauly,Swinglehurst,pswinglehurst2g@tripod.com,Female,230.172.65.245,,Dūāb,996-930-1234
90,9,Margalit,Rogier,mrogier2h@tinyurl.com,Female,60.65.35.110,9046,Langchi,207-251-5192
91,1,Row,Edson,redson2i@taobao.com,Female,57.122.148.92,8261,Paranaguá,790-721-7821
92,5,Beverley,Abramzon,babramzon2j@harvard.edu,Polygender,248.225.194.62,6552,Sangar Sarāy,317-204-0915
93,15,Carolina,Ramard,cramard2k@soundcloud.com,Female,114.103.201.125,5786,Yŏnggwang-ŭp,192-995-3077
94,1,Joy,Eaglestone,jeaglestone2l@nbcnews.com,Female,100.192.33.2,7885,Água Preta,284-189-2240
95,13,Zora,Molines,zmolines2m@delicious.com,Female,22.50.230.16,,Ambovombe,723-345-0151
96,17,Gilburt,Mangeney,gmangeney2n@123-reg.co.uk,Male,14.31.21.136,5252,Huaqiao,933-987-1902
97,3,Chandler,Muffin,cmuffin2o@japanpost.jp,Male,253.75.115.243,7815,Maizuru,647-664-7930
98,18,Janis,Issitt,jissitt2p@g.co,Female,42.110.65.29,9179,Kangar,274-990-5772
99,18,Valerie,Sall,vsall2q@soup.io,Female,254.233.128.94,8957,Pułtusk,612-106-7134
100,7,Marsh,Knapp,mknapp2r@ftc.gov,Male,106.188.93.224,6064,Huajlaya,101-914-0921
101,7,Genna,Bramwich,gbramwich2s@arstechnica.com,Non-binary,87.41.203.132,7022,Karlovo,451-697-8672
102,8,Orly,Huggens,ohuggens2t@behance.net,Female,118.121.244.241,5281,Lyon,124-578-2865
103,4,Siegfried,Schustl,sschustl2u@domainmarket.com,Male,180.2.208.223,8101,Gubukjero Timuk,500-178-8287
104,15,Brucie,McElvogue,bmcelvogue2v@netlog.com,Male,188.198.114.20,6403,Gävle,356-696-8039
105,19,Trudey,O'Reagan,toreagan2w@ucla.edu,Female,28.127.87.118,,Xincun,251-537-9889
106,20,Tedman,Dives,tdives2x@arizona.edu,Male,147.172.193.250,7220,Arnhem,338-549-9175
107,3,Hermann,Burrell,hburrell2y@china.com.cn,Male,131.78.251.57,8061,Saint John’s,239-286-2479
108,5,Heidie,Bemwell,hbemwell2z@dell.com,Female,173.31.220.155,7135,Kangar,311-259-8716
109,12,Ewell,Bloomer,ebloomer30@live.com,Male,150.4.203.130,5973,Götene,131-553-8791
110,19,Minne,Laughlin,mlaughlin31@1688.com,Female,17.207.89.31,8739,Kuala Lumpur,688-825-9968
111,18,Lavinia,Leibold,lleibold32@wikimedia.org,Female,225.185.18.123,6273,Jincheng,250-734-5227
112,16,Rock,Phoebe,rphoebe33@sciencedirect.com,Male,246.78.219.51,9850,Makarov,872-566-0817
113,3,Catlin,Milland,cmilland34@hatena.ne.jp,Female,220.135.86.88,7393,Horta,511-450-3585
114,13,Paxton,Wooffinden,pwooffinden35@virginia.edu,Non-binary,207.3.187.150,6034,Omutninsk,165-216-0588
115,9,Krishnah,Gallon,kgallon36@mtv.com,Male,82.39.94.175,9270,Watuweri,348-276-8782
116,7,Dacy,Corlett,dcorlett37@list-manage.com,Female,63.39.224.179,6111,Koniaków,919-643-0957
117,16,Terrie,McKinnon,tmckinnon38@cmu.edu,Female,24.27.137.179,5767,Santa Rosa de Cabal,619-817-3176
118,13,Gwenny,Offield,goffield39@loc.gov,Female,34.133.49.254,8056,Mungyeong,942-817-3657
119,18,Faina,Dimic,fdimic3a@storify.com,Female,115.81.81.50,5882,Veternik,511-895-7059
120,14,Binni,Tolemache,btolemache3b@barnesandnoble.com,Female,6.165.133.61,9687,Bayanaūyl,971-324-6735
121,12,Gill,Kindley,,Genderfluid,231.194.144.59,9969,Libertador General San Martín,569-727-3920
122,20,Lincoln,Lantry,llantry3d@ifeng.com,Male,96.245.35.31,5668,Surovikino,895-325-3354
123,5,Silvana,Pren,,Female,111.148.144.218,9331,Huyuan,823-728-5884
124,12,Rooney,Pittson,,Male,143.146.43.167,9611,Thoen,302-333-3111
125,14,Ashlin,Clinning,aclinning3g@themeforest.net,Genderfluid,108.52.169.165,6192,Trondheim,206-669-7013
126,9,Shaine,Caveney,scaveney3h@tinyurl.com,Male,101.40.142.91,,Astypálaia,816-824-0333
127,13,Eydie,Coch,,Female,55.30.199.99,5077,Tonggoh,685-837-2427
128,7,Nadeen,Waterstone,nwaterstone3j@plala.or.jp,Female,162.243.110.115,7849,San Jose,107-574-7494
129,10,Seymour,Lagadu,slagadu3k@latimes.com,Male,72.148.96.18,9114,Araal,418-254-8564
130,18,Garwin,Vivians,gvivians3l@indiegogo.com,Genderqueer,90.54.130.132,9841,Sokyryany,471-343-3517
131,3,Mabel,Childes,mchildes3m@ovh.net,Female,69.20.181.192,,Pio Duran,442-266-6283
132,16,Cathy,Coleborn,ccoleborn3n@seattletimes.com,Female,96.63.22.162,6226,Ventersdorp,794-798-0306
133,13,Fianna,Matteoli,fmatteoli3o@xrea.com,Female,239.33.104.57,8212,Pinhal General,489-821-3265
134,18,Ernst,Danter,,Male,206.153.185.175,8881,Pengshi,179-144-4298
135,1,Kathryne,Lomond,klomond3q@nbcnews.com,Genderfluid,87.163.61.129,7709,Changhe,433-535-3250
136,16,Falito,Allaker,fallaker3r@weibo.com,Male,59.180.190.227,6280,Pingdu,428-411-6526
137,11,Maryjo,Croux,mcroux3s@nasa.gov,Female,119.61.0.176,6886,Nysa,108-802-2597
138,9,Jeremie,Devenny,jdevenny3t@webeden.co.uk,Male,15.35.208.107,6487,Tasikmalaya,600-717-0676
139,1,Linn,Sergant,lsergant3u@biglobe.ne.jp,Female,140.163.67.142,7152,Cikaras,976-864-5964
140,10,Rock,Tonner,rtonner3v@smugmug.com,Male,101.214.54.134,8076,Siparia,132-938-1980
141,6,Muire,Yeliashev,myeliashev3w@sogou.com,Polygender,33.53.216.203,7208,Kubangeceng,802-250-0021
142,17,Lina,Busst,lbusst3x@soup.io,Female,175.225.204.215,8652,Tayang,335-972-7006
143,9,Ransell,Cunah,rcunah3y@ovh.net,Male,47.158.169.217,5720,Wanquan,208-534-2349
144,15,Alwyn,Bingham,abingham3z@soup.io,Male,168.155.212.108,8023,San Buenaventura,172-124-9087
145,7,Theodore,Moral,tmoral40@hp.com,Male,102.36.177.71,8236,Conchal,240-192-7847
146,10,Brigg,Rack,brack41@biglobe.ne.jp,Male,239.103.35.104,7440,Nuoxizhi,505-501-3474
147,8,Leif,Beslier,lbeslier42@businessinsider.com,Male,23.200.40.84,8799,Paruro,257-821-7620
148,10,Conant,Barracks,cbarracks43@nba.com,Male,127.237.207.82,8388,Aubergenville,953-692-1210
149,10,Dedie,Moye,,Female,66.77.139.165,,Pushkino,288-425-5337
150,3,Joete,McGriffin,,Genderqueer,90.70.160.232,5463,Gwio Kura,170-495-6764
151,4,Naomi,Pleven,npleven46@weather.com,Female,137.190.29.26,8895,Cigintung,372-653-1453
152,15,Isobel,Smellie,ismellie47@netlog.com,Genderqueer,11.207.219.239,9406,Ordem,106-489-3708
153,15,Oralee,Loch,oloch48@1688.com,Female,96.246.120.46,9709,El Adelanto,718-744-9161
154,17,Katlin,Traice,ktraice49@wisc.edu,Female,60.35.139.69,9472,Tarragona,646-419-3856
155,19,Joete,Pipping,jpipping4a@statcounter.com,Female,180.215.247.199,7100,Wenlin,923-495-1265
156,18,Corene,Benit,cbenit4b@multiply.com,Female,232.153.199.232,6225,Dalgān,987-860-6152
157,14,Kala,Sinderson,ksinderson4c@pen.io,Female,1.220.182.48,8992,Obollo-Afor,569-688-8198
158,17,Francisco,O' Timony,fotimony4d@delicious.com,Male,144.86.56.44,,Stockholm,152-122-4932
159,11,Veda,Mora,,Female,219.117.98.129,8348,Young America,952-840-6828
160,13,Hyatt,Hambelton,hhambelton4f@amazonaws.com,Male,85.150.102.138,8701,Jedlina-Zdrój,907-540-0677
161,4,Rem,Heino,rheino4g@google.it,Male,102.221.55.225,6240,Piribebuy,637-262-7316
162,17,Charlton,Pratley,cpratley4h@amazon.co.uk,Male,171.182.183.141,7162,Ciusul,409-533-2222
163,13,Janeen,Arnholz,,Female,102.40.221.19,8457,Buenavista,729-433-8737
164,13,Avrit,L'Amie,alamie4j@deliciousdays.com,Female,195.132.31.30,8262,Tetaf,253-202-4414
165,10,Tim,Defew,tdefew4k@miitbeian.gov.cn,Female,237.168.95.29,,Xiaozhen,236-902-1052
166,20,Frants,Scrimgeour,,Male,2.179.220.165,7142,Dolní Čermná,459-191-6588
167,20,Ruperta,Matejka,,Agender,144.248.226.154,,Jishui,388-869-1217
168,15,Lyon,Orpin,lorpin4n@arstechnica.com,Male,46.38.182.167,9122,Hengbanqiao,196-265-1244
169,15,Mal,Lupson,,Male,63.20.43.64,5810,Gambēla,881-470-5705
170,11,Isiahi,Beadel,ibeadel4p@businessweek.com,Male,2.33.242.246,8632,Yangqiaodian,837-630-2993
171,12,Billie,Jarrold,,Male,145.53.182.17,8989,Sanana,108-661-2338
172,12,Izak,Kynvin,ikynvin4r@canalblog.com,Male,86.134.0.9,9673,Cabouco,146-426-4907
173,15,Annabelle,Derwin,aderwin4s@nsw.gov.au,Female,222.212.252.18,5562,Naikoten Dua,771-994-2442
174,10,Nola,Kimbley,nkimbley4t@dyndns.org,Female,232.103.184.116,5736,Telêmaco Borba,833-878-6185
175,2,Rock,Gatty,rgatty4u@ucla.edu,Male,93.42.236.66,,Isaka,772-962-7984
176,3,Heida,Tranmer,htranmer4v@odnoklassniki.ru,Female,222.192.80.236,8055,Ouijjane,468-115-8795
177,8,Drusy,Seater,dseater4w@wikimedia.org,Female,234.83.190.211,7476,Strasbourg,500-899-7086
178,7,Derek,Tharme,dtharme4x@newyorker.com,Male,127.152.201.121,7177,Tsuruga,420-948-0041
179,19,Noam,Willcott,nwillcott4y@spotify.com,Male,236.217.207.64,9593,Stepanovićevo,914-742-2820
180,15,Ari,Meininger,ameininger4z@fotki.com,Male,45.25.37.79,6157,Yongchuan,728-134-4942
181,3,Nollie,Strang,,Female,17.26.50.235,,Whistler,150-425-0324
182,6,Booth,Harrap,bharrap51@columbia.edu,Male,229.142.108.39,6063,San Antonio Huista,159-420-4834
183,2,Gretchen,Nussii,gnussii52@cnn.com,Female,5.21.144.7,,Biryukove,348-790-2921
184,17,Fernanda,Seear,fseear53@slideshare.net,Female,68.52.22.19,9140,Debrecen,313-635-1433
185,15,Cirstoforo,Hallyburton,,Male,130.195.194.132,7325,Qinglian,212-734-0326
186,1,Camey,Brehat,cbrehat55@ibm.com,Male,231.208.192.218,9760,Ruzhany,746-567-8682
187,15,Cathy,Booth-Jarvis,cboothjarvis56@com.com,Female,177.136.237.90,,Tabasalu,673-651-4165
188,12,Aubrie,White,,Female,43.217.125.189,6583,Paraty,594-611-5352
189,16,Tessi,Vasic,tvasic58@twitpic.com,Female,167.193.43.126,5869,Seydi,905-232-0774
190,13,Elnar,Cottel,ecottel59@topsy.com,Male,33.45.101.205,9550,Benchu,931-428-0012
191,18,Verina,Edeson,vedeson5a@elegantthemes.com,Female,247.48.65.108,5043,El Carril,126-320-1161
192,8,Stacee,Commin,scommin5b@msn.com,Male,155.21.198.20,8662,Sieniawa Żarska,107-769-9579
193,10,Edward,Curton,,Male,27.230.34.159,7551,Kupusina,138-750-6999
194,1,Frasquito,Isley,,Male,252.2.51.204,,Dengfang,527-964-8592
195,16,Doralynne,Rizzini,drizzini5e@i2i.jp,Female,110.124.86.224,9619,Moita da Roda,885-921-6941
196,20,Jacquelin,Hounsom,,Female,252.27.236.242,7049,Tibakisa,398-752-8919
197,6,Carlene,Hugonnet,chugonnet5g@mysql.com,Female,239.136.67.79,8267,Aparecida,731-511-0069
198,13,Tedman,Simion,tsimion5h@soundcloud.com,Male,67.231.53.160,7158,Sebba,758-364-3974
199,1,Skylar,Plant,splant5i@toplist.cz,Male,103.177.128.243,6941,Quipot,698-362-4203
200,5,Anthea,Rowlin,arowlin5j@hhs.gov,Female,60.130.127.155,5937,Paris 07,216-875-9698
201,14,Othella,Van de Vlies,ovandevlies5k@nhs.uk,Bigender,252.229.189.23,9750,Prokhladnyy,231-194-7189
202,20,Rozella,Winsbury,rwinsbury5l@creativecommons.org,Female,160.9.173.129,7142,Gayamdesa,927-757-6534
203,9,Aleen,Shovelbottom,ashovelbottom5m@mashable.com,Genderfluid,5.31.213.23,6572,Telheira,952-713-0605
204,13,Virgina,Coils,vcoils5n@cnbc.com,Agender,199.194.213.238,,Jauja,555-459-5483
205,18,Liesa,MacKay,lmackay5o@sun.com,Female,108.120.104.150,7599,Roissy Charles-de-Gaulle,141-558-2097
206,15,Redd,Scarbarrow,rscarbarrow5p@google.com.br,Male,238.13.19.225,6204,Cordova,510-549-4348
207,17,Quentin,Butters,qbutters5q@loc.gov,Female,46.192.72.94,7394,Khōshī,854-857-3482
208,12,Codi,Bullman,cbullman5r@eventbrite.com,Male,105.255.1.39,5238,Jishui,343-756-0282
209,7,Kathleen,Janeczek,kjaneczek5s@google.fr,Female,27.7.77.61,9419,Chulakivka,688-108-1770
210,2,Amandi,Van der Brugge,avanderbrugge5t@odnoklassniki.ru,Female,25.174.245.40,7366,Xiaodukou,722-843-7901
211,19,Josefa,Matskevich,jmatskevich5u@altervista.org,Genderqueer,151.182.223.170,6493,Uherský Brod,594-508-5937
212,10,Abdel,Tapsell,atapsell5v@un.org,Male,219.100.136.117,8060,Shangwuzhuang,122-448-7259
213,8,Deloria,Chantrell,,Non-binary,167.255.14.51,9518,San Lucas Sacatepéquez,242-723-3365
214,12,Henriette,Rains,,Female,206.99.112.207,5782,Mranggen,864-569-2900
215,10,Freedman,Theobalds,ftheobalds5y@opensource.org,Genderfluid,94.67.0.207,7911,Pontevedra,509-677-3210
216,11,Giacobo,McClinton,gmcclinton5z@topsy.com,Male,182.239.186.85,6214,Vales,235-619-3003
217,4,Maison,McElwee,mmcelwee60@trellian.com,Male,45.116.2.237,9252,Shuanghe,511-466-4003
218,13,Riley,Lefeaver,rlefeaver61@sciencedirect.com,Male,238.2.135.92,6989,Neglasari,231-474-9824
219,11,Casie,Chapleo,,Female,144.187.26.150,8726,Nanjie,572-787-5202
220,12,Britni,Perrot,bperrot63@youtu.be,Female,118.2.240.186,5342,Navashino,832-314-4044
221,5,Marnie,Ravelus,mravelus64@bigcartel.com,Bigender,167.209.177.236,5543,Simo,743-839-4864
222,4,Sophi,Redmell,,Genderqueer,116.218.38.34,,Ishim,338-640-2085
223,5,Randy,MacAllen,rmacallen66@netvibes.com,Male,154.233.39.8,9080,Marsada,509-641-8512
224,19,Arvy,Barltrop,abarltrop67@squidoo.com,Male,81.247.250.232,9100,Summerside,698-562-0464
225,5,Shelagh,Belchamber,sbelchamber68@hud.gov,Female,60.167.220.116,9148,Sukabatu,776-561-3340
226,7,Jodie,Etchells,,Male,163.130.170.28,5445,Jiangfang,328-942-0222
227,14,Alvera,Yantsev,ayantsev6a@studiopress.com,Female,31.29.190.228,6501,Accha,461-118-1903
228,3,Ninetta,Waldocke,nwaldocke6b@meetup.com,Female,167.211.127.50,7237,Masindi Port,224-459-1491
229,4,Miles,Brinkman,mbrinkman6c@aboutads.info,Male,163.78.122.63,7366,Lohong,593-814-2805
230,12,Ronna,Penticoot,rpenticoot6d@dailymail.co.uk,Female,146.139.116.54,9562,Sekararum,909-970-1936
231,3,Bayard,Joskowicz,bjoskowicz6e@nbcnews.com,Male,68.24.117.172,5310,Kobylí,843-793-7167
232,15,Dedra,Sigert,,Non-binary,217.68.85.205,7397,Kebonagung,319-796-6917
233,11,Almeta,Rennix,arennix6g@tinypic.com,Female,24.56.64.244,9506,Laramate,303-820-4247
234,14,Olive,Myott,,Female,6.139.142.139,6699,Jinhe,189-350-3908
235,3,Jerald,Dekeyser,jdekeyser6i@baidu.com,Male,71.240.159.73,5856,Hebian,997-968-1073
236,18,Netti,Tumioto,,Genderqueer,229.24.91.62,,Priboj,237-158-1056
237,4,Margarete,Fancy,mfancy6k@usa.gov,Female,76.5.235.111,9701,Ferreira,685-433-9994
238,2,Justinian,Ivanovic,jivanovic6l@deliciousdays.com,Male,160.149.48.210,9664,Magsaysay,481-168-0523
239,3,Stacie,Saill,ssaill6m@printfriendly.com,Female,53.247.45.206,8856,Dukuhpicung,174-651-8855
240,5,Benedikt,Loynton,bloynton6n@arstechnica.com,Bigender,33.189.139.134,5459,Chat Trakan,664-678-9427
241,16,Julianne,McQuade,jmcquade6o@reddit.com,Female,80.88.34.236,7332,Changping,666-389-1260
242,17,Kristoforo,Izzard,kizzard6p@phoca.cz,Male,30.183.132.69,7036,Richmond,804-454-3675
243,12,Jolee,Albasini,,Female,189.108.203.156,8316,Khatsyezhyna,379-808-7409
244,9,Von,McKellar,vmckellar6r@seesaa.net,Male,178.132.25.49,7510,Penambangan,148-589-9196
245,12,Oswell,Braisby,obraisby6s@zdnet.com,Male,162.125.243.217,6554,Santa Catarina,498-914-3283
246,2,Florry,Toulmin,ftoulmin6t@deviantart.com,Female,195.23.74.116,6432,Barreiro,192-719-5624
247,13,Othilia,Garretts,ogarretts6u@mit.edu,Female,144.175.4.192,9385,Liuhe,549-953-2102
248,14,Tris,Gadaud,,Male,154.42.253.233,8786,Elimäki,425-641-7725
249,7,Broddie,Illsley,,Male,243.202.27.12,9119,Coté-Lai,904-601-8122
250,5,Iormina,Vidineev,ividineev6x@simplemachines.org,Genderfluid,133.156.96.134,,Vân Canh,223-590-8881
251,9,Nanny,Fortun,nfortun6y@histats.com,Female,6.120.192.31,7721,Glagahdowo,476-495-9399
252,10,Kettie,Tomek,,Female,149.231.105.204,8365,Newtown,963-393-2468
253,11,Janice,Revey,,Female,169.81.121.190,9655,Phôngsali,911-112-6251
254,9,Zacherie,Vyel,,Male,77.11.53.198,8375,Kalibunder,668-205-8304
255,15,Rosemary,Thew,,Genderqueer,198.230.70.250,8836,Pombal,467-318-4047
256,13,Quinton,Surr,qsurr73@dailymail.co.uk,Male,196.54.241.174,,Dubno,692-548-6920
257,19,Francoise,O'Kynsillaghe,fokynsillaghe74@wp.com,Female,3.144.180.32,7740,Vila Chã do Monte,313-884-6778
258,14,Hilario,Bittany,,Male,173.88.204.67,6344,Petoa,623-181-7491
259,20,Clo,Colter,ccolter76@cdbaby.com,Female,75.131.82.224,6321,Cibaregbeg Dua,609-586-9480
260,14,Artair,Shadbolt,,Polygender,188.116.194.134,5657,Krajan,619-982-6067
261,18,Jock,Mayhow,jmayhow78@oaic.gov.au,Male,16.174.138.99,9274,Zebrzydowice,279-749-3265
262,15,Stanfield,Dubber,sdubber79@addthis.com,Male,70.149.126.114,7812,San Emilio,460-507-0904
263,13,Pinchas,Tunsley,ptunsley7a@wisc.edu,Male,46.56.104.66,,São Mateus,288-776-4838
264,11,Tyler,Jacquemard,tjacquemard7b@smugmug.com,Genderfluid,51.122.167.57,,El Aïoun,625-360-3832
265,19,Rubi,Bugg,rbugg7c@shutterfly.com,Female,153.77.51.78,9894,Miracema,482-450-8495
266,16,Wang,Karle,wkarle7d@scribd.com,Male,245.174.107.65,9456,Longzhou,842-163-5768
267,16,Alisha,Searsby,asearsby7e@webeden.co.uk,Genderqueer,20.0.31.86,6800,Nesebar,602-421-7297
268,19,Samuele,Drinkhall,sdrinkhall7f@github.com,Male,161.114.207.232,7974,Totoral,543-310-2360
269,16,Sharl,Hindsberg,shindsberg7g@ezinearticles.com,Female,244.47.203.26,5587,Mekarjaya Satu,329-712-8486
270,8,Kayla,Matasov,,Female,56.125.160.155,6659,Machang,765-838-5955
271,9,Teodor,Iggalden,tiggalden7i@godaddy.com,Male,227.28.129.218,,Wuci,472-669-2451
272,8,Solomon,Dignall,sdignall7j@topsy.com,Male,20.12.53.161,7436,Villa Santa Rita,911-137-9432
273,10,Elfrida,Sancroft,esancroft7k@t-online.de,Female,20.92.141.143,,Yucheng,991-641-3886
274,8,Fanchette,Hirjak,fhirjak7l@state.tx.us,Female,105.143.78.26,5071,Tasböget,846-853-5758
275,12,Benjamen,Ashfield,bashfield7m@etsy.com,Male,214.222.91.139,7121,Pale,537-522-1707
276,19,Howey,Francello,hfrancello7n@unblog.fr,Polygender,134.0.176.117,6491,Mahuta,927-976-3932
277,13,Sanderson,Yvon,syvon7o@biglobe.ne.jp,Male,163.110.87.148,,Beidong,747-460-2497
278,2,Michaeline,Crawshaw,mcrawshaw7p@furl.net,Genderfluid,247.66.230.66,5410,Krajan Sumurtawang,982-977-5482
279,15,Leupold,Harkins,lharkins7q@photobucket.com,Male,72.199.33.152,,Vale,665-998-6075
280,8,Lyell,Sporrij,lsporrij7r@purevolume.com,Male,220.189.221.170,9943,Benito Juarez,469-637-4781
281,18,Nell,Cumesky,,Female,152.116.111.146,6999,Kuantan,457-838-7056
282,18,Maggy,Haggis,mhaggis7t@g.co,Female,39.54.231.183,9498,Chavarría,199-157-0432
283,15,Rriocard,O'Garmen,rogarmen7u@washington.edu,Male,208.156.247.218,,Verrettes,303-359-3434
284,2,Dicky,Earngy,,Male,134.30.213.194,8908,Uliastay,210-414-1019
285,8,Emmit,Holleran,,Male,232.34.42.7,5025,Jönköping,710-547-4908
286,15,Agustin,Yesenev,ayesenev7x@narod.ru,Male,201.123.45.60,9439,La Salud,105-954-8846
287,15,Kendricks,Bygrave,kbygrave7y@drupal.org,Male,16.100.235.230,5132,Thị Trấn Nước Hai,703-108-8072
288,2,Cairistiona,Infantino,cinfantino7z@cam.ac.uk,Female,105.122.66.44,5562,Boise,208-989-0746
289,8,Nat,Nappin,,Male,210.233.1.234,8965,Dūkštas,461-568-1863
290,10,Chuck,Trustram,ctrustram81@netscape.com,Male,51.102.29.101,6969,Fushun,403-575-4859
291,15,Pennie,Jersh,,Female,17.168.181.185,5672,Xiangshan,124-992-1045
292,17,Alister,Dunkerly,adunkerly83@epa.gov,Male,169.248.230.144,8290,Paris 15,654-688-5002
293,9,Odie,Huston,ohuston84@ning.com,Male,170.183.131.16,5926,Plyussa,715-511-3895
294,6,Georgia,Ellicombe,gellicombe85@nbcnews.com,Female,51.28.98.223,8372,Oleiros,499-782-3472
295,11,Cullie,Rubinfajn,,Male,224.193.138.76,5653,Rokycany,269-312-3658
296,8,Marc,Layton,,Male,167.127.142.60,5567,Lanús,660-137-1861
297,2,Adriena,Jeeves,ajeeves88@woothemes.com,Female,137.247.59.170,9248,Lengkeng,309-923-8436
298,18,Morrie,Neild,,Male,235.177.175.12,7763,Church End,721-644-3040
299,15,Bradan,Marques,bmarques8a@un.org,Male,183.58.85.224,8712,Wailolung,167-901-5957
300,19,Garrard,Pendock,,Male,30.164.199.67,6106,Fareydūnshahr,580-163-4737
301,5,Allayne,Maykin,amaykin8c@tinyurl.com,Male,234.50.214.75,6538,Kongtian,975-582-8432
302,8,Carlota,Slevin,,Female,199.24.197.229,5618,Kitapak,552-128-1656
303,17,Isacco,Jevon,ijevon8e@theatlantic.com,Agender,143.100.104.172,8507,Bryansk,539-485-7261
304,2,Anderson,Southerill,asoutherill8f@feedburner.com,Male,174.28.156.47,6053,Geneng Tengah,751-105-7418
305,7,Sibeal,Pawel,spawel8g@pbs.org,Female,73.48.187.36,7992,Shevchenkove,477-322-3937
306,16,Marigold,Borrows,,Female,37.86.229.106,,Cabo,568-800-6905
307,14,Eugenie,McIlhatton,emcilhatton8i@istockphoto.com,Female,41.226.145.158,6388,Young America,952-994-8141
308,6,Fawn,Dannell,fdannell8j@mayoclinic.com,Female,51.102.181.82,6468,Huacaschuque,573-441-7582
309,20,Ira,Zorzini,,Female,181.233.250.252,,Langtad,484-394-0490
310,12,Tally,Meatyard,,Male,40.182.201.206,8051,Khorinsk,775-409-3164
311,14,Clayson,Boulstridge,,Male,190.177.89.124,6903,Calango,466-881-9255
312,5,Jaynell,Pointer,jpointer8n@vk.com,Female,171.27.119.61,7562,Cubará,462-181-2613
313,18,Rana,Wasylkiewicz,rwasylkiewicz8o@smugmug.com,Female,149.159.15.104,7941,Longtian,544-652-3072
314,19,Anders,Messenger,amessenger8p@scribd.com,Male,56.173.51.168,5752,Grevená,447-141-8612
315,12,Bernette,Saywell,,Female,188.180.142.64,8780,Cikulahan,776-888-4175
316,17,Arabel,Waycot,awaycot8r@usda.gov,Female,10.251.6.213,7267,Evinayong,532-547-7367
317,11,Robina,Gofforth,rgofforth8s@webnode.com,Female,232.194.7.137,8447,Zagreb,139-309-3632
318,15,Florry,Yegorov,fyegorov8t@bbb.org,Female,97.36.204.216,8452,Wukeshu,953-899-2367
319,11,Alfy,Moro,amoro8u@naver.com,Male,105.237.111.203,6286,Paulo Afonso,371-606-0229
320,9,Mead,Vaughn,,Male,67.40.220.75,,Ishikari,223-183-9123
321,4,Ranna,Rutley,rrutley8w@paginegialle.it,Bigender,26.243.152.108,7519,Caqu,696-217-2589
322,10,Mariam,Doxey,mdoxey8x@unesco.org,Female,30.81.151.176,6387,Bom Jesus do Itabapoana,954-675-4451
323,15,Murray,Constantinou,mconstantinou8y@unblog.fr,Male,57.162.170.138,6766,Shangtian,770-552-2221
324,14,Dunc,Qualtro,dqualtro8z@gnu.org,Male,221.163.1.219,,Hoima,915-611-8464
325,7,Cassy,Asch,casch90@de.vu,Female,110.111.67.82,,Gangkoujie,670-322-2451
326,14,Egbert,Lindhe,elindhe91@techcrunch.com,Male,43.164.234.204,7669,Wąbrzeźno,195-324-0109
327,2,Kirbie,Robbings,krobbings92@nature.com,Female,116.213.137.225,7427,Al Buq‘ah,989-801-0207
328,4,Frederik,Cund,fcund93@ebay.com,Male,158.86.26.167,,Ringinrejo,247-255-9383
329,15,Bucky,Platts,,Male,155.7.149.6,6075,Turan,980-390-0386
330,11,Palm,Sworne,psworne95@google.co.uk,Male,18.237.107.255,9828,Xinjiebu,402-609-3965
331,11,Elinore,Bigglestone,ebigglestone96@123-reg.co.uk,Female,150.234.132.133,8441,Lanos,517-331-1924
332,12,Rory,Andreazzi,,Male,252.179.53.185,5951,Eldoret,532-622-0406
333,7,Felecia,Brampton,fbrampton98@deviantart.com,Female,17.146.100.122,7012,Konyshevka,268-926-3868
334,9,Ros,Mattiacci,rmattiacci99@cmu.edu,Female,189.101.204.8,9609,Olofström,149-132-3517
335,20,Rodie,Parmley,rparmley9a@squidoo.com,Female,252.242.162.133,7893,Naga,886-713-3197
336,15,Oswald,Le Pine,olepine9b@gmpg.org,Male,239.239.34.126,5781,Budayuan,315-301-7403
337,17,Rafael,Dunseath,rdunseath9c@elegantthemes.com,Male,185.58.125.1,6896,Rancaseneng,590-172-1299
338,1,Grete,Kimblen,gkimblen9d@creativecommons.org,Female,59.223.156.164,5494,Dundbürd,292-619-7986
339,3,Gib,Ralston,gralston9e@rediff.com,Male,148.198.213.219,8528,Vinhais,237-119-1165
340,14,Alexina,Sabben,asabben9f@about.me,Genderfluid,246.55.35.78,8573,Campo Maior,573-977-7846
341,18,Antonino,Slay,aslay9g@chronoengine.com,Polygender,221.20.188.144,6474,Savé,267-894-8096
342,14,Shirlee,Berns,,Female,117.54.199.43,,Solčava,809-283-6296
343,16,Jamie,Tyhurst,,Male,216.173.208.182,,Yulong,347-189-5155
344,13,Lenee,Wynrehame,lwynrehame9j@gravatar.com,Female,101.217.192.178,8697,Zungeru,732-612-8859
345,6,Alexis,Julian,ajulian9k@pcworld.com,Male,15.45.26.77,7619,Borowno,590-229-2404
346,5,Reggis,Webbe,rwebbe9l@sourceforge.net,Male,64.201.94.67,8338,Obala,255-183-1771
347,6,Bruis,Coupe,bcoupe9m@chron.com,Male,234.74.85.183,7216,Sydney Mines,336-527-4892
348,9,Hersh,Everitt,heveritt9n@booking.com,Male,136.163.123.77,7222,Mococa,828-165-0147
349,17,Sal,Coldbath,scoldbath9o@nydailynews.com,Female,179.212.182.125,6655,Sława,129-523-9358
350,19,Giacobo,Boatswain,,Male,150.188.100.14,7435,Ilembula,121-699-0076
351,7,Lars,Keizman,lkeizman9q@issuu.com,Polygender,68.164.69.86,9310,Luzhai,239-618-7428
352,4,Mitzi,Hanway,,Female,92.12.105.159,7439,Papatowai,659-437-9071
353,6,Margarete,McMenamy,mmcmenamy9s@dell.com,Female,82.146.211.229,5836,Huaqiao,930-101-6398
354,15,Amory,Guisler,aguisler9t@booking.com,Male,136.65.145.63,,Ouidah,628-843-2212
355,11,Trent,Budleigh,tbudleigh9u@soup.io,Bigender,224.223.88.215,8685,Batu,649-192-5438
356,7,Wilmer,Cutmore,wcutmore9v@harvard.edu,Male,99.251.177.112,9002,Inhumas,422-980-7789
357,13,Julieta,Jenicek,jjenicek9w@goo.ne.jp,Female,91.151.222.86,7404,Dikhil,794-166-1802
358,2,Zilvia,Grastye,zgrastye9x@umich.edu,Female,217.158.128.223,7779,Paratunka,227-637-6893
359,13,Catarina,Seifenmacher,cseifenmacher9y@usatoday.com,Female,77.185.96.223,6493,Bato,534-338-4966
360,15,Lilah,O'Carmody,locarmody9z@elpais.com,Female,217.110.195.243,9184,Dikirnis,112-122-8911
361,17,Ruthe,Hebble,rhebblea0@aol.com,Female,132.196.185.193,8109,Wuli,879-324-3778
362,7,Micaela,Ferriby,,Female,104.236.87.148,8590,Irricana,655-341-9867
363,20,Bidget,Ferriday,bferridaya2@wordpress.org,Female,82.49.46.33,9795,Néa Vrasná,814-919-1990
364,1,Tristam,Jurgenson,tjurgensona3@nymag.com,Male,110.192.3.83,7200,Kongtian,973-709-2378
365,10,Vernen,Dorward,vdorwarda4@who.int,Male,17.241.105.124,6725,Dzięgielów,317-450-5113
366,18,Gerick,Van Vuuren,gvanvuurena5@newsvine.com,Male,204.79.92.167,6104,Tungawan,206-563-8252
367,19,Haskel,Kaszper,hkaszpera6@mozilla.org,Male,10.139.155.209,8482,Fenggang,580-322-7923
368,18,Gannie,Ockenden,,Male,10.61.118.8,7097,Zhendu,212-266-5022
369,20,Lotty,Winterbotham,,Female,76.20.90.78,6797,Saarbrücken,607-453-5343
370,1,Courtney,Clausen,cclausena9@twitter.com,Male,111.182.97.7,7758,Ichinoseki,482-428-1489
371,14,Joseito,Strick,,Male,122.193.17.247,7569,Cabrobó,357-581-5714
372,8,Ford,Rolfi,frolfiab@techcrunch.com,Male,103.58.216.66,,San Mateo,218-463-5770
373,17,Hazlett,Arangy,harangyac@baidu.com,Male,229.10.87.165,,San Fernando,753-170-2620
374,4,Brendin,Sellstrom,bsellstromad@independent.co.uk,Male,230.224.0.166,,Abut,988-833-8395
375,17,Idalina,Rankine,irankineae@issuu.com,Female,177.120.78.235,9164,Marseille,417-824-6053
376,18,Osborne,Shillingford,,Male,191.164.107.5,8278,Bandar Seri Begawan,621-486-6374
377,11,Kitti,Itzcovichch,kitzcovichchag@foxnews.com,Female,7.58.232.227,8565,Virbalis,554-433-3247
378,15,Peyton,Cliffe,pcliffeah@wikipedia.org,Male,218.228.244.109,7106,Chacarita,312-177-1897
379,2,Kyrstin,Grealish,kgrealishai@github.io,Female,194.42.240.243,5301,San Juan de Planes,695-598-3967
380,14,Towny,Verlander,tverlanderaj@geocities.com,Male,131.255.213.174,8200,El Carril,485-374-5620
381,14,Tove,Borman,tbormanak@indiatimes.com,Female,119.247.88.229,5330,Stockton,209-888-4971
382,13,Alleen,Hudd,,Female,92.167.115.48,7144,Peddie,533-586-5371
383,10,Madelin,Gooden,mgoodenam@newyorker.com,Female,234.216.228.218,5190,Hisings Kärra,356-882-5588
384,18,Carrie,Landreth,clandrethan@miitbeian.gov.cn,Female,189.251.240.10,6194,Longqiao,710-646-3132
385,10,Fonz,Manueli,fmanueliao@yahoo.com,Male,184.27.106.245,9808,Basiao,715-525-4226
386,14,Janelle,Plak,jplakap@bloomberg.com,Agender,138.206.200.175,9169,Xianzong,137-134-7713
387,10,Bailey,Deverson,bdeversonaq@theguardian.com,Male,87.245.147.5,9037,Orurillo,126-518-6674
388,6,Matthiew,Markson,mmarksonar@hc360.com,Male,44.47.177.36,7648,Arinos,676-106-2960
389,4,Kally,Penlington,,Female,161.28.151.64,5904,Předměřice nad Labem,736-865-7409
390,20,Saundra,Klugel,sklugelat@hud.gov,Female,69.17.122.245,5123,Tingloy,587-573-8317
391,4,Alexis,Beamont,abeamontau@topsy.com,Male,137.45.111.72,6709,Xichang,410-671-2803
392,9,Urbain,Baxstare,,Genderfluid,36.69.196.32,6624,Ōhara,737-497-0998
393,19,Octavius,Melbert,omelbertaw@arizona.edu,Male,17.116.225.183,5461,Saint Paul,651-277-9451
394,17,Imogene,Maxfield,,Genderfluid,58.238.151.30,7879,Rekovac,173-705-1099
395,4,Rene,Abrahamsohn,rabrahamsohnay@yelp.com,Male,171.230.146.38,5013,Lankaran,124-563-9276
396,4,Sylas,Rillatt,srillattaz@moonfruit.com,Male,122.52.123.210,7120,Przystajń,566-424-6091
397,18,Conroy,Uzelli,cuzellib0@printfriendly.com,Male,73.123.210.18,5956,El Cacao,345-250-0830
398,3,Todd,Stefanovic,tstefanovicb1@tinypic.com,Bigender,85.4.93.31,6250,Florida,188-661-0020
399,20,Jordon,Sibbald,jsibbaldb2@mtv.com,Bigender,51.205.243.76,6346,Tála,468-966-3396
400,4,Craig,Chivrall,,Male,209.150.174.185,6287,Liyuan,718-771-9532
401,18,Belvia,D'Acth,bdacthb4@deviantart.com,Female,210.108.74.215,9040,Pulau Pinang,875-782-1495
402,13,Andeee,Shemelt,ashemeltb5@odnoklassniki.ru,Female,134.122.191.156,6878,Petrovice u Karviné,205-339-1953
403,6,Evy,Klimowicz,eklimowiczb6@mozilla.org,Non-binary,238.94.65.43,5369,Ōi,165-454-3560
404,1,Chet,Brownsell,cbrownsellb7@oakley.com,Male,203.217.218.48,9879,Kampot,238-313-6869
405,10,Corenda,Tweedie,ctweedieb8@theatlantic.com,Female,62.104.112.200,9245,Sinacaban,201-541-3181
406,14,Aloysius,Croxon,acroxonb9@jigsy.com,Male,160.230.100.207,7310,San Miguel,636-624-2284
407,13,Rachelle,Darbon,rdarbonba@cdbaby.com,Female,81.212.139.166,8398,Manokwari,448-503-6546
408,8,Tamera,Longley,tlongleybb@xing.com,Female,99.212.106.238,5859,Innisfil,402-885-3201
409,4,Ennis,Piborn,epibornbc@yandex.ru,Male,216.134.67.61,6290,Pexiligais,891-583-1089
410,5,Annette,Aberchirder,,Female,219.107.71.6,,Limushan,855-964-3359
411,6,Leif,Crosseland,lcrosselandbe@ucla.edu,Male,236.98.35.90,,Pecatu,552-445-6008
412,17,Munroe,Balden,,Male,188.128.125.251,5602,Niutang,181-795-3893
413,11,Penelope,Illes,pillesbg@sun.com,Female,242.1.42.107,9810,Basīrpur,848-226-7004
414,2,Shandeigh,Cayley,,Female,14.141.207.173,6314,Myanaung,986-689-9265
415,5,Brandice,Pochon,bpochonbi@nifty.com,Female,201.174.161.30,5055,Sadov,169-718-2526
416,9,Erich,Swalwel,eswalwelbj@cdbaby.com,Male,158.92.74.197,5587,Vouani,210-997-6115
417,1,Hana,Wales,hwalesbk@webnode.com,Female,57.30.154.88,6914,Guadalupe,101-998-2891
418,2,Barbette,McEnhill,bmcenhillbl@google.com,Female,214.122.168.33,7323,Orahovica,112-642-1666
419,17,Laure,Laxton,,Female,45.64.127.86,9871,Taramana,905-241-2635
420,11,Candy,Verrechia,cverrechiabn@upenn.edu,Female,73.183.31.204,6484,Barrī ash Sharqī,353-646-6340
421,1,Merell,Pledge,mpledgebo@mail.ru,Male,214.67.87.68,7507,Calaba,620-612-0066
422,17,Abdul,Buff,abuffbp@cargocollective.com,Male,151.227.199.243,8990,Shuhe,937-288-6599
423,19,Ethyl,Membry,emembrybq@guardian.co.uk,Female,182.246.180.44,8783,Guaduas,827-324-9971
424,1,Nita,Madgewick,nmadgewickbr@sbwire.com,Female,197.181.135.56,8250,Itaguaí,699-996-3397
425,20,Ewan,Manton,,Male,3.130.58.147,8458,Xiabao,880-359-7950
426,9,Eleanora,Isson,eissonbt@youku.com,Female,96.74.253.157,9576,Donghai,164-152-7187
427,4,Artur,McPhater,,Male,15.194.82.12,,Linjiang,148-403-2435
428,11,Cyndia,Shortland,cshortlandbv@newyorker.com,Female,83.1.215.205,7472,La Romana,828-154-8121
429,9,Astra,Linge,alingebw@freewebs.com,Female,61.38.130.116,9729,Paris 13,880-100-9383
430,2,Sky,Reedick,sreedickbx@bloglovin.com,Male,124.15.220.25,9625,Mosteiro,562-474-8742
431,13,Price,Claricoates,pclaricoatesby@netscape.com,Male,67.119.226.147,9085,Omboué,515-751-8709
432,20,Angelita,Castillo,,Female,39.240.211.89,7487,Thai Charoen,836-391-0866
433,9,Beryle,Skotcher,bskotcherc0@technorati.com,Female,114.218.194.242,9503,Tsetsegnuur,679-370-0648
434,15,Jake,Form,jformc1@multiply.com,Male,134.94.27.145,6724,Ignacio Zaragoza,692-566-9705
435,17,Tad,Grafton,tgraftonc2@si.edu,Male,211.0.140.125,7240,Kanbe,148-525-7781
436,12,Farrand,Attlee,fattleec3@stanford.edu,Female,200.240.191.64,7292,Steinfort,639-632-6048
437,8,Karole,Barbosa,,Female,37.15.33.215,8082,Januszkowice,720-833-5447
438,16,Dean,Maceur,dmaceurc5@i2i.jp,Male,68.56.195.55,6977,Osiek,563-687-9907
439,7,Kendall,Wrinch,kwrinchc6@slideshare.net,Male,65.15.168.31,7078,Dosso,606-304-1282
440,19,Gretchen,Murkin,gmurkinc7@wikimedia.org,Female,157.167.192.213,5446,Shuiyang,811-453-4936
441,14,Viviana,Bourgeois,,Female,10.236.180.112,5726,Anse Boileau,259-485-7415
442,9,Quint,Dymocke,qdymockec9@yolasite.com,Male,195.78.196.151,6808,Bastak,771-232-0199
443,7,Lauri,Kornas,lkornasca@xrea.com,Female,169.95.202.158,7195,Al Ḩāmūl,490-646-6800
444,20,Casie,Casaletto,ccasalettocb@de.vu,Female,144.76.187.6,9505,Ciudad Bolívar,998-137-5226
445,16,Antonietta,Buckie,abuckiecc@state.gov,Bigender,36.213.8.62,5089,Muyuka,657-870-5576
446,6,Liesa,Galpin,lgalpincd@sina.com.cn,Female,26.78.73.179,9450,Frýdek-Místek,248-837-4129
447,4,Brittaney,Pimm,,Female,63.219.161.137,8570,Lubichowo,502-108-0160
448,2,Otto,Robotham,,Polygender,49.247.23.22,7296,Tchamba,412-416-5962
449,14,Claretta,Ough,coughcg@pen.io,Female,73.202.164.164,7934,Narail,804-594-9792
450,1,Nels,Witherup,,Male,60.0.112.173,,Kapunduk,488-309-7168
451,18,Morena,Laverick,mlaverickci@freewebs.com,Female,131.13.153.66,8004,Arroio do Meio,100-519-1545
452,1,Gerry,Favela,gfavelacj@studiopress.com,Female,232.103.75.232,5044,Kaum Kaler,258-380-5791
453,12,Gloriane,Simonard,gsimonardck@artisteer.com,Female,17.230.175.54,6814,Leles,474-179-2095
454,8,Ninetta,Coates,,Female,131.72.76.72,5035,La Palma,174-191-7425
455,9,Lenci,Mullins,lmullinscm@yahoo.co.jp,Male,81.198.243.156,6385,Qal‘ah-ye Shahr,532-381-3439
456,18,Edan,Isherwood,eisherwoodcn@dmoz.org,Male,22.99.92.22,8728,Ilhabela,930-555-7139
457,17,Estrellita,Oxe,eoxeco@ucsd.edu,Polygender,249.10.100.50,9979,Tournai,417-650-9117
458,14,Jimmy,Suggate,jsuggatecp@themeforest.net,Male,77.121.202.126,6963,Kuybyshevo,923-751-5836
459,20,Dorolice,Hackforth,dhackforthcq@surveymonkey.com,Female,6.135.220.124,5819,El Lolo,786-316-3918
460,20,Olag,Rannie,oranniecr@webeden.co.uk,Male,113.145.4.120,6111,Mullovka,615-372-2775
461,3,Janela,Ghirardi,jghirardics@macromedia.com,Female,99.85.219.249,,Wang Sam Mo,183-281-6368
462,19,Alistair,McCuish,,Bigender,148.119.102.71,6303,Jieshan,986-845-4344
463,1,Mala,Coale,mcoalecu@usatoday.com,Female,197.142.235.203,,Limbaan,829-925-2502
464,15,Diarmid,Tolemache,dtolemachecv@about.me,Male,119.33.133.59,8335,Tidaholm,700-819-6004
465,8,Loraine,Ormshaw,lormshawcw@sina.com.cn,Female,13.91.132.218,6828,Pępowo,459-922-2565
466,10,Mellicent,Bortoli,mbortolicx@state.gov,Female,49.96.22.16,7599,Cogtong,663-599-0832
467,14,Jenda,Pesak,jpesakcy@canalblog.com,Female,232.89.109.131,,Tanda,717-221-9852
468,4,Leon,Lambart,llambartcz@fotki.com,Male,200.215.246.236,8794,Yangshan,725-850-3817
469,9,Vergil,Duke,vduked0@cbslocal.com,Male,80.142.240.106,7574,Santa Venera,101-644-8217
470,20,Morie,Folke,mfolked1@xrea.com,Male,183.181.91.158,6958,Peace River,827-694-2166
471,4,Vaughn,Parfett,vparfettd2@artisteer.com,Genderfluid,255.147.139.122,7038,Goyang-si,383-128-7822
472,18,Kandy,Skerman,kskermand3@feedburner.com,Female,166.178.51.209,,Gaotaizi,366-581-6698
473,18,Boote,Sansbury,bsansburyd4@telegraph.co.uk,Male,107.19.253.240,7019,Byuravan,878-625-5933
474,3,Micki,Grammer,mgrammerd5@umich.edu,Female,209.187.24.45,5409,Rybatskoye,961-672-9215
475,7,Nell,Haycox,nhaycoxd6@deliciousdays.com,Female,194.16.24.218,9773,Bršadin,392-810-0579
476,12,Charmine,Dunham,cdunhamd7@de.vu,Female,171.143.143.26,7167,Beixiang,798-788-0679
477,17,Delmor,Fazakerley,dfazakerleyd8@wunderground.com,Male,145.161.102.174,8727,Níkiti,551-491-7164
478,18,Tessa,Blanko,tblankod9@etsy.com,Female,92.140.156.113,8382,Penisihan,575-396-9811
479,1,Urbano,Andrat,,Male,28.126.88.139,8907,Émponas,532-373-9239
480,5,Conny,McGeouch,cmcgeouchdb@nih.gov,Male,37.219.235.95,9759,Korostyshiv,938-953-1562
481,20,Lethia,Henrionot,lhenrionotdc@utexas.edu,Female,57.17.26.221,7195,Gikongoro,397-606-4770
482,18,Erena,Dines,edinesdd@blogtalkradio.com,Female,195.58.122.217,,Lefengzhen,457-243-3771
483,19,Kyla,Swanborough,,Female,63.91.156.215,5638,Wanjia,918-934-9578
484,4,Tadeo,O'Scanlon,toscanlondf@hibu.com,Male,242.103.157.131,7732,Sémé,553-615-8391
485,5,Marjy,Pennetti,mpennettidg@wiley.com,Female,129.141.105.99,5479,Mochishche,627-707-0894
486,9,Melony,Harriott,,Female,2.143.21.241,5850,Joroinen,986-990-0054
487,4,Hali,Kynston,hkynstondi@nymag.com,Female,239.9.147.101,7381,Vạn Giã,166-176-5474
488,2,Berget,Lembcke,blembckedj@webnode.com,Female,238.248.250.225,6605,Mačkovec,807-596-2751
489,13,Winfred,McCurlye,wmccurlyedk@comcast.net,Male,174.88.204.101,5416,Potrero Grande,647-914-4693
490,13,Karylin,Hargreaves,khargreavesdl@hud.gov,Female,226.105.191.132,5737,Bakar,237-458-5193
491,7,Nani,Reboulet,nrebouletdm@yale.edu,Female,205.25.35.130,7583,Bunisari,837-999-2476
492,19,Constantine,Mille,cmilledn@tripod.com,Female,129.35.146.99,9251,Berlin,485-676-6542
493,17,Shell,Hallgarth,shallgarthdo@qq.com,Male,207.91.221.229,8593,Icó,773-141-6291
494,3,Lynette,Learmouth,llearmouthdp@smugmug.com,Female,216.105.17.180,6601,Dimataling,916-966-8029
495,9,Debi,Gullivent,,Female,223.220.247.188,,Wutongkou,132-202-7890
496,4,Fairlie,Lotze,flotzedr@blinklist.com,Agender,196.4.43.104,9752,San Agustín de Valle Fértil,291-881-9735
497,16,Jasper,Perl,,Male,125.79.204.64,6503,Pajoreja,853-212-0661
498,18,Caitlin,Erickson,cericksondt@discuz.net,Female,185.172.23.104,6497,Okayama-shi,933-380-5562
499,5,Fanchon,Lantuff,flantuffdu@liveinternet.ru,Female,191.78.14.41,,Taen Tengah,497-134-9266
500,13,Roseanna,Touhig,,Female,170.6.102.199,6458,Huaguo,251-631-7969
501,6,Merrill,Pedro,mpedrodw@go.com,Male,111.32.190.87,6956,Henggang,848-549-5233
502,4,Judith,Merchant,jmerchantdx@exblog.jp,Bigender,233.1.136.70,6067,Rudnik,732-339-9406
503,2,Harriett,Asgodby,hasgodbydy@blinklist.com,Female,85.217.206.177,5202,Chōfugaoka,135-431-3384
504,13,Emilie,Garmans,egarmansdz@jiathis.com,Female,36.40.72.42,9048,Santa Cruz de la Sierra,268-722-3289
505,6,Mic,Dictus,mdictuse0@chicagotribune.com,Male,161.145.114.202,6364,Austin,512-868-9277
506,1,Dot,Belsher,,Female,224.185.88.253,9469,Longquan,640-960-0278
507,8,Jakob,Dunnaway,jdunnawaye2@dedecms.com,Male,19.243.70.194,9467,Kalodzishchy,660-484-3715
508,6,Kellie,Capstake,,Female,100.115.232.204,8043,Siwalan,707-492-9550
509,10,Maddie,Adicot,madicote4@behance.net,Male,242.51.104.220,5641,Nikolayevka,711-929-6388
510,6,Pietro,Goad,pgoade5@networksolutions.com,Male,43.238.77.167,6842,Licheng,646-218-9186
511,13,Iorgo,Henaughan,ihenaughane6@disqus.com,Male,118.132.11.194,6181,Citambal,594-916-7199
512,19,Giordano,Oganian,,Male,194.176.237.165,,Santa Rosa de Viterbo,916-409-4808
513,8,Adan,Pye,,Female,150.173.175.6,6413,Châtillon,291-248-2230
514,13,Archibaldo,Lasselle,alassellee9@businessinsider.com,Male,149.70.91.225,6996,Vahdat,960-801-5141
515,16,Mallory,Wiffield,mwiffieldea@people.com.cn,Female,94.20.78.67,7126,Świecie nad Osą,684-305-4424
516,6,Gerome,Lilion,glilioneb@1und1.de,Male,118.61.113.191,9922,Spokoynaya,322-326-6288
517,17,Hermina,Duckham,,Female,161.224.211.189,,Coro,673-313-3390
518,3,Rafferty,Spickett,rspicketted@a8.net,Male,11.86.9.124,9462,Gapuk,666-734-7524
519,17,Lawrence,Cleevely,,Male,145.135.41.80,9842,Tempe,480-162-8299
520,11,Kailey,Beviss,kbevissef@disqus.com,Genderfluid,255.10.179.221,6421,Banjar Sebual,511-434-2475
521,8,Monte,Covert,mcoverteg@tripod.com,Male,25.36.71.184,8712,Saidpur,454-372-2401
522,3,Calvin,MacHoste,cmachosteeh@timesonline.co.uk,Male,156.12.48.195,,San Rafael,253-915-9352
523,10,Valry,Hyde-Chambers,vhydechambersei@istockphoto.com,Female,15.50.84.159,8105,Trindade,899-422-4237
524,3,Ernestus,Giddins,egiddinsej@furl.net,Male,250.211.16.10,,Ash Shajarah,984-127-0390
525,10,Druci,Rihosek,,Female,27.243.227.30,6945,Brak,762-590-3309
526,2,Winifred,MacLleese,wmaclleeseel@mayoclinic.com,Female,179.141.72.129,,Yezhou,768-798-1961
527,1,Nicolina,Dugget,,Female,250.176.159.104,6171,Lapa,134-128-7704
528,20,Bunny,Marjoribanks,,Female,250.101.17.28,7980,Vila Nova,151-734-0797
529,1,Sauncho,Karus,skaruseo@google.com.br,Male,2.107.160.37,5825,Batugede Kulon,178-513-0111
530,9,Magnum,Senton,msentonep@flickr.com,Male,244.145.91.98,,L'Épiphanie,521-223-8274
531,15,Welby,Bygate,,Male,187.152.52.65,8035,Kināna,538-605-7045
532,4,Tomasina,Gifford,tgifforder@intel.com,Female,55.14.59.178,5761,Zhanghua,456-141-2620
533,14,Melonie,Hugland,mhuglandes@fc2.com,Female,191.197.132.39,8481,Nueva Cajamarca,445-693-2664
534,20,Doria,Miranda,,Female,97.160.229.148,8737,Taikang,774-676-9518
535,17,Val,Bendix,vbendixeu@4shared.com,Male,63.16.20.246,7116,Barbaza,957-692-8560
536,3,Pincas,Cooney,pcooneyev@oracle.com,Male,177.113.17.236,5209,Tamel,640-681-4910
537,5,Stanfield,Piggford,spiggfordew@yellowpages.com,Male,106.234.98.114,6105,Losari,302-573-6315
538,8,Sebastian,Luna,slunaex@rambler.ru,Male,176.191.218.216,8588,Xianghuaqiao,328-964-4932
539,3,Grethel,Rudiger,grudigerey@uol.com.br,Non-binary,238.141.131.137,6706,Fuzhai,218-154-7548
540,14,Betti,Govey,bgoveyez@berkeley.edu,Female,4.57.47.254,8116,Tekeli,271-912-6565
541,8,Yvette,Gazey,ygazeyf0@quantcast.com,Female,202.191.161.209,6723,Washington,202-625-7698
542,5,Barnebas,Hasty,bhastyf1@livejournal.com,Male,38.4.164.142,9370,Codajás,462-525-5760
543,16,Dewie,Kaman,dkamanf2@digg.com,Male,54.3.133.28,6692,Zhangpu,639-316-5520
544,6,Ulick,Skippen,uskippenf3@cornell.edu,Male,194.143.149.223,,Spitsevka,136-661-4070
545,11,Karoly,Ellams,,Male,9.39.44.204,6822,Gbawe,383-833-5849
546,6,Howard,Chalcraft,hchalcraftf5@a8.net,Male,143.212.10.163,9408,Panadtaban,107-374-8726
547,3,Marnie,Holde,,Female,241.139.17.231,6594,Tammela,862-686-1295
548,10,Sonnnie,Provis,sprovisf7@shutterfly.com,Polygender,126.222.127.230,9740,Fryanovo,577-961-6101
549,4,Robinett,Stealfox,rstealfoxf8@narod.ru,Female,12.88.53.190,9533,Telêmaco Borba,860-926-7634
550,10,Vincents,Semorad,vsemoradf9@craigslist.org,Male,207.4.240.14,6909,Hadano,187-199-5102
551,1,Ignazio,Wardingley,iwardingleyfa@woothemes.com,Male,235.20.199.225,7238,Matanza,357-653-5158
552,19,Dulcie,Manlow,dmanlowfb@arizona.edu,Female,89.53.110.56,8826,Umanday Centro,857-812-1210
553,1,Andris,Squibbes,asquibbesfc@chron.com,Male,98.193.94.65,,Göteborg,533-190-9097
554,5,Philippa,Christopher,pchristopherfd@columbia.edu,Female,17.83.135.7,9463,Cikuya,567-675-3019
555,16,Emmalyn,Olivetta,eolivettafe@dell.com,Female,43.206.142.117,5993,Thị Trấn Việt Lâm,792-217-1341
556,14,Florencia,Seeborne,fseeborneff@qq.com,Female,19.225.210.134,9171,Šilheřovice,972-383-7449
557,4,Robers,Tingey,rtingeyfg@mapquest.com,Male,24.195.83.223,5805,Campo Formoso,540-453-1178
558,18,Magdalene,Bowler,mbowlerfh@tinyurl.com,Female,58.179.139.128,5543,Pogranichnyy,693-317-7119
559,7,Jeanine,Haley,jhaleyfi@dell.com,Female,252.175.52.14,8599,Panglanjan,117-614-9875
560,20,Reube,Moorerud,rmoorerudfj@bluehost.com,Male,38.247.24.54,6411,Skellefteå,508-954-8009
561,2,Liane,Ketchen,lketchenfk@comcast.net,Female,144.96.213.99,7104,Kalidawe,753-108-3232
562,9,Edgard,Thomas,ethomasfl@wp.com,Male,11.146.227.51,9564,Neikeng,443-138-4531
563,2,Willetta,Tasker,wtaskerfm@digg.com,Female,104.59.224.210,5502,Panguipulli,174-807-8983
564,10,Emilio,Franzelini,efranzelinifn@japanpost.jp,Male,198.82.64.148,8724,Vil’nyans’k,938-201-5173
565,2,Mirella,Usher,musherfo@mapy.cz,Female,236.216.135.50,8285,Gjøvik,512-291-4279
566,11,Emmit,Huckstepp,ehucksteppfp@fema.gov,Polygender,34.220.179.81,,Itaporanga,347-312-7489
567,11,Louisa,Carluccio,lcarlucciofq@cnbc.com,Female,117.125.163.161,6607,Santa Catalina,654-252-2840
568,20,Loreen,Mauchline,lmauchlinefr@flickr.com,Female,72.58.64.251,8265,Qal‘ah-ye Kūf,665-749-8877
569,20,Britteny,Storrock,bstorrockfs@cam.ac.uk,Female,169.235.42.93,5602,Krajan Tanjungrejo,921-201-1800
570,13,Hally,Tomasicchio,,Female,142.149.105.202,5369,Gunungputri,702-366-9187
571,11,Mitch,MacNeice,mmacneicefu@photobucket.com,Male,157.111.8.103,6412,Laizhou,294-310-9799
572,11,Rex,Teodori,rteodorifv@youtu.be,Male,135.162.130.77,9763,Cilangkap,430-962-0764
573,2,Megen,Glackin,,Female,36.50.174.64,6911,Bagumbayan,319-858-3830
574,7,Peggi,Hadye,,Non-binary,6.106.141.47,9136,Suponevo,828-506-2629
575,19,Reeva,Antonioni,,Female,114.180.121.198,9529,Polanka Wielka,790-723-9053
576,6,Margit,Mellor,mmellorfz@paginegialle.it,Female,236.179.103.232,8301,Tân Trụ,644-139-7091
577,5,Matilda,Gozzard,mgozzardg0@over-blog.com,Female,107.64.100.241,6779,Bački Petrovac,122-917-5626
578,5,Arnie,Waples,awaplesg1@tumblr.com,Male,89.43.48.38,7230,Sifala,949-793-8732
579,3,Evvie,Whithorn,ewhithorng2@cbslocal.com,Female,35.99.186.237,6499,Duwayr Raslān,254-430-4579
580,14,Marco,Warsop,mwarsopg3@purevolume.com,Non-binary,179.252.245.183,9397,Araulí,386-125-0328
581,16,Irwinn,Healks,ihealksg4@army.mil,Male,120.73.68.167,6282,Iquipi,321-860-5512
582,17,Jeremy,Eastman,jeastmang5@addthis.com,Male,242.189.28.39,9253,Rozivka,944-719-4725
583,16,Adah,Besse,abesseg6@sciencedirect.com,Female,122.223.13.3,7624,Kuchinarai,940-562-9654
584,15,Zita,Thomasen,zthomaseng7@apple.com,Female,45.170.240.231,5111,Örebro,597-330-7884
585,2,Ursula,Strapp,,Female,145.221.50.136,6268,Muyudian,355-261-4100
586,10,Christy,Batter,cbatterg9@dion.ne.jp,Male,217.8.245.244,9339,Huancabamba,983-873-4367
587,12,Arly,Dockery,adockeryga@imgur.com,Female,113.81.118.25,8800,Farafangana,656-507-5228
588,1,Ingrim,Seabrooke,iseabrookegb@marketwatch.com,Male,255.134.193.25,6793,Wanli,550-380-5475
589,15,Dionysus,Thornebarrow,dthornebarrowgc@amazon.co.jp,Male,117.85.242.101,5833,Huangtian,978-768-9271
590,2,Halley,Derr,hderrgd@sciencedaily.com,Agender,80.208.18.222,8775,Pembroke,592-773-6387
591,12,Filmer,Lippini,flippinige@vkontakte.ru,Bigender,85.202.86.89,6015,Cikalong,695-210-1464
592,3,Page,Rangle,pranglegf@goo.ne.jp,Male,235.36.246.73,5797,Kommunisticheskiy,112-167-7912
593,9,Randee,Piegrome,,Female,156.218.201.17,7992,Puolanka,380-659-2844
594,2,Malina,Breeder,,Female,175.25.132.244,6398,Sychëvo,490-955-4692
595,7,Marigold,Braybrooke,mbraybrookegi@zdnet.com,Female,225.200.0.156,8061,Dubrovnik,666-832-0783
596,14,Lula,Capeling,lcapelinggj@ycombinator.com,Female,52.89.45.69,7951,Sinhyeon,622-418-7639
597,9,Sher,Benson,sbensongk@google.co.uk,Female,105.212.245.119,8652,Anseong,576-635-4207
598,13,Clare,Currom,ccurromgl@microsoft.com,Female,20.236.83.215,5791,Bacolod,226-130-6811
599,4,Cari,Bassil,cbassilgm@salon.com,Female,59.74.99.37,8906,Yanglinwei,717-282-4009
600,14,Sigfried,Pearn,spearngn@amazon.de,Genderqueer,222.152.244.118,7774,Kinloch,504-216-8810
601,18,Betty,Gobel,bgobelgo@microsoft.com,Female,249.142.143.141,5134,Tabālah,766-231-5059
602,12,Josefina,O'Reilly,joreillygp@shinystat.com,Bigender,116.66.213.81,5467,Peace River,705-887-1978
603,1,Thedric,Grinham,tgrinhamgq@ucla.edu,Genderqueer,35.140.197.61,9251,Barrosas,544-275-3959
604,15,Joane,Fern,jferngr@paginegialle.it,Female,132.29.154.178,8848,Salanegara,945-895-2898
605,9,Bobette,Trout,btroutgs@npr.org,Female,76.43.158.67,8521,Lorica,645-534-8382
606,5,Albrecht,Worton,awortongt@loc.gov,Male,244.230.152.20,8552,Tamansari,333-401-6609
607,8,Caleb,Matthewes,,Male,46.89.214.220,9161,Lappeenranta,897-661-5001
608,2,Betsy,Emm,bemmgv@google.co.uk,Female,168.30.165.137,9030,Linköping,983-440-9204
609,12,Frants,Aleavy,,Male,238.43.86.57,,Gaohu,380-517-7465
610,5,Emyle,Robker,erobkergx@usa.gov,Female,32.13.96.247,,Gujrāt,583-758-9448
611,14,Fabe,Hembrow,fhembrowgy@edublogs.org,Male,100.60.242.5,5467,Buda-Kashalyova,404-834-7815
612,16,Paige,Nester,,Male,58.65.105.122,5860,Albuera,770-754-4929
613,14,Maximilian,Saltsberg,msaltsbergh0@blog.com,Male,87.181.35.150,5486,Calvaria de Baixo,922-915-2115
614,9,Amalie,Yeowell,ayeowellh1@webeden.co.uk,Female,122.114.179.114,8040,Oetutulul,894-985-0126
615,16,Lockwood,Easey,leaseyh2@arizona.edu,Male,203.32.37.163,7727,Salvador,217-335-6353
616,11,Malvin,Tirte,mtirteh3@furl.net,Male,169.141.48.145,,Kalety,561-342-7045
617,13,Jacquenette,Dash,jdashh4@delicious.com,Female,210.62.109.65,6923,Matnah,722-742-0141
618,8,Elena,Siddele,esiddeleh5@ox.ac.uk,Polygender,128.64.176.239,,Huainan,303-489-4644
619,10,Delly,Laslett,dlasletth6@paypal.com,Female,29.137.61.98,,Vale,279-245-9077
620,15,Kenyon,Bootman,kbootmanh7@usatoday.com,Male,51.47.31.202,5730,Bergen,156-993-7533
621,20,Sheryl,Knibbs,sknibbsh8@wunderground.com,Female,128.131.22.60,7779,Brailiv,195-492-3780
622,8,Giorgio,Shemmin,gshemminh9@privacy.gov.au,Male,143.226.172.104,5246,Nabari,830-545-2496
623,6,Dominic,Bullent,,Male,97.78.32.201,8907,Seda,271-309-9953
624,4,Minette,Harber,mharberhb@google.co.jp,Female,33.109.34.27,,Elbasan,260-514-2803
625,9,Krisha,Bartelli,,Male,214.248.100.161,9810,Sevaster,221-908-5490
626,18,Bryce,Murfett,bmurfetthd@imdb.com,Male,134.20.222.25,,Novovarshavka,571-405-4915
627,14,Ami,Talby,atalbyhe@webnode.com,Female,57.192.19.2,8752,Tange Zhen,319-753-5205
628,3,Winny,Nosworthy,wnosworthyhf@redcross.org,Female,95.39.186.206,5597,Kolomak,988-900-8224
629,10,Roxy,Bardwell,rbardwellhg@vk.com,Female,243.81.196.85,5844,Bentar Girang,562-767-8469
630,7,Gilles,Casotti,gcasottihh@indiegogo.com,Male,26.188.61.75,8983,Sendung,105-169-9922
631,13,Herve,Horlick,hhorlickhi@economist.com,Non-binary,212.225.5.237,7855,Garupá,345-804-7282
632,8,Aymer,Loveredge,aloveredgehj@netlog.com,Male,82.22.225.255,8101,Kostrzyn nad Odrą,902-770-0361
633,5,Booth,Smartman,bsmartmanhk@uiuc.edu,Male,44.112.44.8,5102,Jiyizhuang,993-823-3396
634,17,Diego,Try,dtryhl@dagondesign.com,Male,67.78.68.32,9987,Wringinsari,891-518-9226
635,11,Udall,Blackford,ublackfordhm@yahoo.co.jp,Male,27.20.48.140,,Lidköping,100-266-9408
636,13,Carlita,Wye,cwyehn@ustream.tv,Non-binary,31.128.202.149,5457,Rawannawi Village,961-150-6504
637,3,Beth,Flockhart,bflockhartho@mozilla.com,Female,218.13.162.174,6205,Santa Fe,350-469-4568
638,14,Udell,Farran,ufarranhp@japanpost.jp,Non-binary,233.101.191.218,8665,Caromatan,682-886-5461
639,18,Duffie,Bisp,dbisphq@hc360.com,Male,183.164.187.111,6986,Ilesa,706-934-8262
640,10,Jannel,de Verson,jdeversonhr@howstuffworks.com,Genderfluid,105.213.191.81,9078,Kuala Lumpur,757-226-8570
641,1,Diannne,Pedder,dpedderhs@google.fr,Female,126.185.178.141,9189,Bantog,283-719-6433
642,15,Lonnie,Giraudel,lgiraudelht@trellian.com,Male,40.164.230.179,8148,Kass Wollof,716-553-3985
643,6,Fernando,Goade,fgoadehu@hibu.com,Male,229.159.201.136,9407,Ibotirama,288-361-9201
644,17,Jarrad,Rickhuss,,Male,159.94.206.38,7335,General Roca,404-790-6814
645,16,Jasmina,Oliphand,joliphandhw@bbb.org,Female,110.225.55.52,6272,Rauma,899-674-5586
646,17,Noam,Lasty,,Genderfluid,171.151.162.118,,Dodola,233-405-6219
647,7,Gui,Phelipeau,gphelipeauhy@unc.edu,Female,152.12.7.201,9867,Kikinda,805-591-8760
648,15,Orelie,Breese,obreesehz@bizjournals.com,Female,34.108.159.93,6212,Al Funayţīs,255-602-8977
649,2,Saunderson,Ronaghan,sronaghani0@github.com,Male,6.28.248.101,9785,Pirok,997-512-5105
650,12,Werner,Kolakovic,,Non-binary,112.119.109.4,9975,Oeleu,135-818-8837
651,3,Paton,Jessett,pjessetti2@multiply.com,Male,57.17.182.32,7252,Zaolin,965-430-4286
652,19,Brnaba,Eastlake,,Male,101.23.121.110,9287,Tunjë,999-974-8639
653,16,Dex,Glenton,dglentoni4@oaic.gov.au,Non-binary,160.187.77.226,9692,Maswa,277-763-0172
654,19,Christabella,Galgey,,Female,179.9.6.98,5083,Kushar,430-852-8567
655,7,Jakob,Ionnidis,,Male,216.189.238.136,8967,Austin,512-910-1064
656,20,Charlene,Laetham,claethami7@paypal.com,Female,13.207.146.217,,Springfield,781-692-6293
657,3,Lita,Durtnal,ldurtnali8@ameblo.jp,Female,18.157.95.217,7166,Andalucía,532-994-0655
658,18,Delbert,Gundry,dgundryi9@cbsnews.com,Male,30.36.222.16,7842,Targowisko,423-115-2915
659,3,Perkin,Viel,pvielia@adobe.com,Male,159.34.163.117,6996,Sungai Nyamuk,408-863-8200
660,14,Ebba,Rawstorne,erawstorneib@last.fm,Female,229.75.115.186,,Ozurgeti,647-852-6263
661,13,Ritchie,Ouver,rouveric@china.com.cn,Male,17.222.65.98,9215,Banjarwaru,225-260-9148
662,7,Portie,Shieldon,pshieldonid@qq.com,Male,111.162.102.105,8162,Malo,960-286-3086
663,19,Kittie,Guiness,kguinessie@mashable.com,Female,236.43.241.130,,Valerik,625-751-1783
664,6,Sissie,Whoston,swhostonif@foxnews.com,Female,101.207.163.26,8568,Landim,947-892-1939
665,1,Sayres,Weems,sweemsig@loc.gov,Male,77.163.162.143,8981,Perpignan,119-667-3309
666,2,Marcille,Rowston,,Female,131.15.62.60,5601,Banjar Serangan,598-605-4934
667,14,Carmelia,Bande,cbandeii@gizmodo.com,Female,57.201.34.179,7242,San Basilio,437-432-5649
668,5,Griffie,Pattemore,gpattemoreij@photobucket.com,Male,88.93.58.38,6407,Dongjin,892-862-9910
669,1,Joelie,Tilby,jtilbyik@shareasale.com,Female,207.114.159.64,8713,Sharm el-Sheikh,260-422-4791
670,17,Taylor,Labbet,tlabbetil@domainmarket.com,Male,129.35.158.151,8696,Pagak,931-531-0340
671,1,Charmane,Madders,cmaddersim@latimes.com,Female,163.29.141.171,9718,Tonghu,210-552-9788
672,14,Parke,Theaker,ptheakerin@odnoklassniki.ru,Male,245.234.137.65,6490,Shenzhong,664-572-5216
673,17,Nessa,Mathieson,nmathiesonio@com.com,Female,209.22.191.89,7414,Temirgoyevskaya,357-777-7665
674,10,Paige,Harkins,pharkinsip@bing.com,Female,67.157.243.72,5286,Basiao,890-778-0777
675,13,Dacey,Redman,dredmaniq@blogs.com,Female,113.155.121.221,5203,Mustvee,477-665-4201
676,16,Michale,Novak,mnovakir@illinois.edu,Male,191.4.97.127,8061,Kalmar,865-803-2069
677,14,Yelena,McCoish,ymccoishis@sina.com.cn,Female,235.120.252.134,6731,Cibunar,734-128-3988
678,10,Eddy,Hannam,ehannamit@pinterest.com,Male,50.73.53.123,8945,Urrô,382-998-4753
679,7,Kenon,Dehmel,kdehmeliu@google.com,Male,141.158.118.36,9241,Bijelo Polje,827-298-1659
680,3,Phineas,Roly,prolyiv@wunderground.com,Male,154.239.181.136,9804,Stockholm,607-666-6991
681,9,Shaw,Steere,ssteereiw@google.com,Male,55.174.87.24,8457,Horad Barysaw,779-672-5810
682,11,Winifield,Duddle,wduddleix@deliciousdays.com,Male,43.92.85.68,9896,Tajinan,555-471-3425
683,11,Toddie,McGenn,tmcgenniy@amazon.co.uk,Male,34.160.24.216,8833,Sawankhalok,625-440-5681
684,16,Kris,Clawley,kclawleyiz@jalbum.net,Bigender,40.36.8.54,9621,Vale de Figueira,305-171-0464
685,4,Judy,Hulk,jhulkj0@dailymotion.com,Female,239.232.2.245,6620,Täby,476-259-6224
686,4,Cari,Antcliffe,cantcliffej1@mit.edu,Female,14.16.23.156,5532,Apucarana,760-187-7360
687,11,Merle,Stellin,mstellinj2@dailymail.co.uk,Male,3.204.206.236,,München,136-521-1266
688,1,Ian,Cerith,icerithj3@tinyurl.com,Male,254.125.112.210,,Proástion,930-668-0322
689,13,Lorelei,Duval,lduvalj4@photobucket.com,Female,155.227.3.83,7007,Mumias,452-779-4517
690,16,Efrem,Van Halle,evanhallej5@nyu.edu,Male,209.87.136.172,7177,Xiadu,978-833-9276
691,10,Viki,Dollman,vdollmanj6@sakura.ne.jp,Female,7.215.58.80,5127,Jember,242-964-9788
692,13,Jammal,Kubelka,jkubelkaj7@illinois.edu,Male,105.213.30.206,8379,Leiria,366-478-7597
693,16,Wash,Topp,wtoppj8@yellowpages.com,Male,54.173.203.134,9446,Retkovci,361-833-4150
694,20,Christie,Greenhead,cgreenheadj9@edublogs.org,Female,254.18.69.109,5589,Pozo Hondo,915-431-0030
695,5,Beverlee,Flecknell,bflecknellja@phpbb.com,Female,136.58.9.230,6187,Manga,718-648-6173
696,17,Goddart,Blowin,gblowinjb@bravesites.com,Male,14.208.170.66,8060,Magomeni,616-474-4584
697,3,Alister,Preator,apreatorjc@joomla.org,Polygender,183.3.138.91,5636,Rtishchevo,996-864-3345
698,7,Doris,Atkyns,datkynsjd@nature.com,Female,151.216.41.184,6312,Oguma,345-483-4414
699,17,Garnette,Pealing,gpealingje@wordpress.com,Female,14.191.211.199,6873,Dagang,212-469-6038
700,2,Niko,Saundercock,nsaundercockjf@blogger.com,Male,220.174.211.53,5878,Skoki,161-629-4097
701,3,Forster,Langrick,flangrickjg@msn.com,Male,55.232.30.156,5638,Chaoyangdong,204-786-9994
702,1,Neely,Ivatts,nivattsjh@techcrunch.com,Female,84.130.220.54,7147,Yaté-Barrage,430-140-5447
703,18,Alfi,Cavendish,,Female,184.25.202.225,8131,Alimono,423-773-2922
704,5,Cassandra,Jewess,cjewessjj@addtoany.com,Female,130.167.188.86,7205,Young America,952-218-3765
705,16,Cheri,Lippini,,Female,11.103.250.121,8212,Shatrovo,714-790-4809
706,6,Rance,Strowthers,,Genderqueer,167.139.49.16,7608,Douarnenez,770-440-0722
707,16,Luella,Selland,,Female,151.174.83.179,9859,Regueiro,180-262-3306
708,3,Bernetta,Payley,bpayleyjn@imgur.com,Female,204.185.132.81,6706,Pagedangan,600-444-2491
709,12,Garrot,Fowlston,,Male,202.25.154.218,9828,Lousa,507-784-2416
710,16,Ulrich,Norssister,,Male,50.202.20.205,5073,Dongmazar,155-712-6388
711,11,Odessa,Tingcomb,,Female,99.246.84.7,9521,Kranggan,514-356-4474
712,14,Phyllis,Webb,pwebbjr@dion.ne.jp,Female,119.128.224.9,7946,Guaranda,742-748-8573
713,12,Maurits,Ferrario,mferrariojs@google.de,Genderfluid,208.244.138.204,,Katyr-Yurt,912-679-3059
714,7,Benedict,Killelay,bkillelayjt@hubpages.com,Male,93.10.81.10,,Dār an Naşr,220-831-6612
715,18,Karissa,Toke,ktokeju@51.la,Female,55.242.48.110,5917,Kuala Lumpur,354-665-2225
716,4,Jimmy,Kennea,jkenneajv@opensource.org,Male,240.145.7.172,,Hetou,620-957-0227
717,12,Kellen,Branston,kbranstonjw@networkadvertising.org,Male,255.76.165.112,5133,Próti,802-252-3353
718,8,Thain,Scorer,tscorerjx@forbes.com,Male,34.75.228.20,6208,Iporá,681-390-9276
719,14,Edith,Pagden,epagdenjy@paginegialle.it,Bigender,187.221.59.121,9914,Danidehe,416-947-9443
720,10,Freddy,Pitrelli,fpitrellijz@t-online.de,Male,30.61.122.97,7434,Líbano,758-498-7300
721,6,Shepherd,Housley,shousleyk0@sfgate.com,Male,161.93.234.18,8697,Samanco,162-498-1721
722,12,Neddie,Eldridge,neldridgek1@amazon.de,Male,14.235.218.193,6505,Margen,918-847-0461
723,20,Merrily,Kowalski,mkowalskik2@vistaprint.com,Female,242.203.148.149,7752,Burqah,290-274-6592
724,17,Maxie,Scade,mscadek3@cbsnews.com,Male,184.229.76.57,9034,Fangbu,721-573-0739
725,11,Gail,Beranek,gberanekk4@live.com,Female,93.230.18.76,9884,San Esteban,499-947-3603
726,14,Malissa,Abrahmovici,,Female,208.9.96.122,6312,Margasari,509-348-8492
727,7,Boothe,Lapides,,Male,162.154.157.200,6951,Riyom,245-704-0469
728,6,Dill,Snugg,dsnuggk7@goo.ne.jp,Male,19.192.255.176,10000,Kuala Lumpur,180-677-4143
729,16,Nanon,Tiptaft,,Female,142.2.202.81,5842,Gedaliang,175-435-5397
730,4,Lorelle,O'Shaughnessy,loshaughnessyk9@dailymotion.com,Female,196.255.80.225,5534,Al Masallamiyya,328-330-1588
731,9,Stephana,Battle,sbattleka@123-reg.co.uk,Female,110.89.182.18,9377,Tsimkavichy,166-992-6258
732,13,Terry,Telford,,Female,52.177.74.199,6174,Perbaungan,599-359-3582
733,20,Charles,Bengtson,cbengtsonkc@telegraph.co.uk,Male,241.126.127.44,,San Francisco,220-969-9681
734,13,Lisabeth,Domican,ldomicankd@dropbox.com,Female,96.233.85.2,8870,Fengli,495-938-9379
735,16,Mechelle,Rosetti,,Female,55.132.225.206,9825,Dazu,189-299-8024
736,3,Nealon,Draisey,,Male,46.239.129.174,8374,Krabi,670-252-9620
737,7,Becky,Davenhall,bdavenhallkg@free.fr,Female,79.158.108.103,9289,Vishnyakovskiye Dachi,551-563-0599
738,19,Lorry,Makey,lmakeykh@berkeley.edu,Male,222.145.177.227,8796,Gudermes,868-331-5011
739,3,Jefferey,Thornley,jthornleyki@ucla.edu,Male,57.127.126.94,7648,Yunxiang,532-300-0274
740,2,Natty,Maulin,nmaulinkj@redcross.org,Female,174.144.60.114,7961,Czarna,403-859-0213
741,13,Annabelle,Berryann,aberryannkk@rambler.ru,Female,98.126.96.121,5137,Campos,339-856-2551
742,6,Stormy,Hanscombe,shanscombekl@nature.com,Female,215.13.222.159,8430,Sam Chuk,178-677-3678
743,3,Gretel,Wood,gwoodkm@toplist.cz,Female,14.23.107.26,6356,Kuala Bhee,339-337-4840
744,12,Trace,Faccini,tfaccinikn@answers.com,Male,65.134.224.194,7873,Millau,845-853-3508
745,6,Brendis,Buey,bbueyko@sogou.com,Male,101.202.138.105,6055,Rotterdam postbusnummers,380-770-8959
746,4,Daisy,Dur,ddurkp@wunderground.com,Female,145.229.19.48,,New Mīrpur,346-199-6614
747,2,Margit,Wiltshier,,Female,43.252.116.8,8282,Kamenica,880-857-4352
748,3,Waylen,Edeler,wedelerkr@engadget.com,Male,238.20.123.120,8774,Cihambali,702-287-8045
749,8,Manya,Seivertsen,mseivertsenks@netlog.com,Female,179.11.82.215,5567,Yicheng,431-276-5515
750,10,Lacy,Dowles,ldowleskt@squarespace.com,Polygender,105.190.95.25,9686,Vilkija,402-901-7605
751,9,Javier,Danat,jdanatku@networkadvertising.org,Male,129.102.41.160,9471,Guéret,549-799-7370
752,3,Travers,Attock,tattockkv@geocities.jp,Bigender,126.189.71.4,9416,Dongtian,380-661-7186
753,16,Brittany,Bealing,bbealingkw@wp.com,Female,194.245.182.39,6114,Besançon,135-937-1484
754,10,Elmo,Wilmington,ewilmingtonkx@goo.gl,Male,179.197.107.34,5304,Itauguá,673-235-6975
755,9,Linzy,Guilaem,,Female,122.145.117.91,7041,Victoria,284-657-2029
756,2,Nicolette,Cowden,,Female,11.144.198.120,9539,Patos Fshat,826-934-7436
757,11,Brucie,Jenne,,Male,33.242.145.93,6865,Łopuszno,565-884-1594
758,6,Tedmund,Grisenthwaite,,Male,194.113.60.100,9869,‘Akko,460-677-3518
759,11,Callean,Giannazzo,cgiannazzol2@constantcontact.com,Male,181.28.133.217,6841,Hämeenkoski,119-128-2984
760,2,Garnette,Tatershall,gtatershalll3@livejournal.com,Female,6.25.228.47,5450,Tama,960-107-2032
761,9,Salvidor,Callendar,,Male,113.23.92.25,8814,Krathum Baen,264-393-1599
762,9,Coop,Wombwell,cwombwelll5@ask.com,Male,155.238.222.141,7643,Marks,456-538-6237
763,1,Meade,Mutton,mmuttonl6@mashable.com,Female,32.127.186.229,7819,Haokou,814-645-2779
764,16,Alric,Bourchier,abourchierl7@nhs.uk,Male,23.172.144.4,9838,Malanów,885-603-4129
765,6,Isadore,McGarahan,,Agender,126.68.99.82,5300,Maungatapere,573-375-0869
766,16,Wyn,Rivitt,wrivittl9@mail.ru,Male,250.251.115.115,7997,Kyra,731-659-1252
767,14,Janey,Akett,jakettla@howstuffworks.com,Female,6.164.229.146,7834,Takayama,937-574-8827
768,18,Nicol,Yegorov,nyegorovlb@amazon.co.uk,Female,117.230.39.124,7218,Rantaupanjang,122-557-4837
769,11,Martin,Toffetto,mtoffettolc@flickr.com,Male,62.172.196.185,9428,Kréstena,487-810-7160
770,3,Marilin,Jakab,mjakabld@abc.net.au,Female,150.95.157.178,7097,Castilla,750-653-3847
771,17,Fidelio,Tellwright,ftellwrightle@go.com,Male,135.184.131.133,6494,Anren,829-179-7047
772,15,Colette,Copin,ccopinlf@slate.com,Female,166.12.250.52,5678,Jia’an,675-504-5036
773,14,Neron,Charette,ncharettelg@yale.edu,Male,163.245.63.19,8337,Jiangnan,392-156-7319
774,8,Dov,Estcot,,Male,169.111.141.247,5874,Changbu,813-570-0789
775,8,Maximilian,McNeilley,,Male,112.97.100.53,8012,Beberon,884-890-5772
776,9,Simonne,Andrick,sandricklj@clickbank.net,Female,90.222.168.32,6759,Xilanqi,188-239-3683
777,2,Marena,Clappson,,Female,158.247.104.32,5520,Bedayutalang,687-262-8489
778,1,Gasper,Clink,gclinkll@ucoz.com,Male,35.155.44.8,8443,Ureshino,301-248-6450
779,12,Nady,Raiman,nraimanlm@springer.com,Female,109.193.140.213,9637,Pamplona,205-834-8466
780,2,Templeton,Kelley,tkelleyln@linkedin.com,Male,16.62.126.98,5733,Cergy-Pontoise,603-432-2232
781,19,Wallas,Stopp,wstopplo@ocn.ne.jp,Male,87.78.37.58,,Savannah,478-376-2491
782,10,Giles,Booy,gbooylp@google.com.au,Male,195.20.143.69,7683,Shuangmiaojie,283-167-5731
783,18,Curcio,Warrick,cwarricklq@examiner.com,Male,112.210.16.116,6927,Domalanoan,674-965-3104
784,20,Tawnya,Georgescu,tgeorgesculr@topsy.com,Female,44.93.161.202,9153,Vilar do Pinheiro,303-246-1022
785,11,Caesar,Peasgood,,Male,175.33.46.30,,Bukal Sur,518-259-9625
786,4,Celestia,Scarlin,cscarlinlt@ask.com,Female,154.219.111.42,7951,Huafeng,879-914-0203
787,5,Kally,Southwell,ksouthwelllu@nps.gov,Female,172.127.183.22,9293,Miaoqian,151-252-3379
788,18,Aarika,Creaney,,Female,207.8.190.254,8180,Tulsa,918-510-7390
789,17,Merry,Franceschelli,,Male,251.171.246.153,,Puor,862-977-2726
790,13,Valene,Clogg,vclogglx@pcworld.com,Female,229.167.41.146,9941,Maebashi-shi,896-451-9095
791,6,Salomo,Corke,scorkely@rakuten.co.jp,Male,246.209.221.100,8914,Santiago Puringla,503-865-0438
792,8,Claudianus,Tabord,ctabordlz@zimbio.com,Male,222.67.151.243,,Dal’nerechensk,663-126-1775
793,10,Donnajean,Weir,dweirm0@google.com.br,Female,43.89.2.196,9758,Fenggang,121-929-6363
794,20,Costa,Bramble,cbramblem1@weebly.com,Male,94.77.217.107,5793,Qalqīlyah,260-227-6041
795,8,Isaak,Needham,,Male,6.109.184.152,5284,Villejuif,868-438-6805
796,16,Jerri,Harms,,Male,122.44.56.20,5563,Castres,471-652-1757
797,17,Beth,Muddiman,bmuddimanm4@furl.net,Agender,164.187.52.165,7334,Duwakkandung,349-797-0288
798,16,Cherise,Ellcome,cellcomem5@netvibes.com,Female,247.167.216.162,9052,Uhlove,209-706-8682
799,19,Gizela,Poundford,gpoundfordm6@blogtalkradio.com,Female,124.118.84.117,8043,Petushki,251-926-3211
800,5,Odille,Robertshaw,orobertshawm7@unicef.org,Female,129.150.8.202,8215,Spárti,150-424-1232
801,16,Cory,Krochmann,,Female,155.241.122.211,9801,Daying,602-816-9391
802,2,Forrester,Guenther,fguentherm9@tuttocitta.it,Male,149.175.15.223,7959,Pantukan,911-917-3766
803,6,Caron,Abramow,cabramowma@histats.com,Female,112.139.12.119,8500,San Bernardino,760-745-0537
804,2,Fredericka,Arnefield,farnefieldmb@timesonline.co.uk,Female,34.234.239.91,8030,Toktogul,921-647-1692
805,12,Bibi,Fynes,bfynesmc@jimdo.com,Female,54.152.116.143,5066,Kepahiang,878-647-6355
806,17,Reggy,Bridgman,rbridgmanmd@nih.gov,Male,55.77.141.255,6441,Khulm,235-915-1250
807,16,Dee dee,Scrigmour,dscrigmourme@oaic.gov.au,Female,45.168.181.200,9569,Dublje,801-108-6394
808,17,Dareen,Vankeev,dvankeevmf@nhs.uk,Female,55.120.177.137,,Paris 08,968-230-8904
809,3,Fayth,Karet,fkaretmg@scribd.com,Female,249.165.65.158,5697,Hai’an,274-504-4144
810,8,Ramon,Beig,rbeigmh@youtu.be,Male,173.203.249.71,6587,Karanganyar,354-379-1021
811,12,Prudi,Swabey,pswabeymi@google.co.jp,Female,89.125.149.216,8029,Saño,269-677-1880
812,13,Ruthann,Neath,rneathmj@miibeian.gov.cn,Female,207.5.178.41,7372,Karlstad,703-700-5479
813,1,Gilligan,Burghill,,Female,71.208.44.77,6614,Dobczyce,152-973-6313
814,8,Berna,Crippes,bcrippesml@upenn.edu,Female,75.16.74.149,9746,Baturaden,671-667-0710
815,1,Vincent,Creser,vcresermm@wufoo.com,Male,220.188.206.85,8791,Soho,393-161-5424
816,14,Gabbie,Itskovitz,gitskovitzmn@cpanel.net,Female,22.67.232.143,6746,Nelahozeves,407-683-7804
817,13,Irv,Boards,,Agender,92.119.58.64,5478,Yantian,110-226-1667
818,15,Harriett,Stuttard,,Female,91.169.52.207,9732,Solkan,417-276-9129
819,18,Twila,Caddy,tcaddymq@ebay.co.uk,Female,42.9.239.221,9267,Sukasari,306-151-3138
820,1,Tasia,Fines,tfinesmr@blogger.com,Female,218.247.170.239,9337,Puerto Obaldía,945-883-4545
821,5,Janene,Thon,jthonms@amazon.co.uk,Female,240.150.157.169,5285,Karnobat,646-800-3489
822,16,Juana,Offield,joffieldmt@ibm.com,Female,28.173.33.151,8541,Quebradas,914-803-7296
823,7,Marcos,Sweetlove,msweetlovemu@bbc.co.uk,Male,22.94.35.240,9114,Sumberwaru,982-222-2970
824,17,Winnie,Millichip,wmillichipmv@upenn.edu,Female,102.110.84.178,8422,Qincheng,135-932-0915
825,4,Lindon,Gilffillan,lgilffillanmw@hp.com,Bigender,118.203.94.173,7188,Чучер - Сандево,585-276-0791
826,3,Adolphe,Scowcraft,ascowcraftmx@liveinternet.ru,Male,89.30.110.244,5623,Helmsange,302-477-4903
827,13,Angel,Sexcey,asexceymy@typepad.com,Female,67.195.12.25,,Lukou,637-232-4412
828,19,Maryann,Gulberg,,Female,48.226.31.108,6843,Veghel,820-237-9260
829,14,Rayner,Pierucci,rpieruccin0@si.edu,Male,96.162.94.194,5015,Zubūbah,998-486-2052
830,5,Pippy,Morrish,pmorrishn1@ft.com,Polygender,204.197.218.87,,Skuratovskiy,221-321-2082
831,3,Nikkie,Banasiak,nbanasiakn2@omniture.com,Female,181.145.169.193,,Quebradas,659-139-3642
832,16,Robinett,Ascroft,rascroftn3@bloglovin.com,Female,222.224.93.210,5838,Wysoka,480-988-7457
833,5,Gussi,Bugge,,Female,190.201.241.49,6031,Juai,991-946-0382
834,17,Cosmo,Gaskal,,Male,74.81.210.131,6242,Longzhouwan,922-912-1775
835,12,Dewain,Josham,djoshamn6@wsj.com,Male,53.47.48.90,7986,Itinga,218-652-9178
836,2,Trixi,Marfell,tmarfelln7@wix.com,Female,122.4.72.36,5858,Sima,261-383-6317
837,8,Catha,Tayt,ctaytn8@netscape.com,Female,28.9.74.94,6998,Levandeira,617-621-5296
838,7,Baxter,Dodworth,bdodworthn9@irs.gov,Male,188.132.83.78,8534,Siasi,339-479-4036
839,3,Hattie,Siggers,hsiggersna@t-online.de,Female,38.44.100.144,9701,Molinos,823-624-0711
840,15,Davide,Maxstead,dmaxsteadnb@deliciousdays.com,Male,95.204.33.101,6152,Carhuac,333-257-4744
841,6,Pete,Kitteman,pkittemannc@mashable.com,Male,77.166.230.250,7311,Şānūr,115-381-6053
842,1,Bobby,Marcroft,bmarcroftnd@booking.com,Male,102.21.16.58,7881,L'Île-Perrot,681-257-6220
843,8,Cacilia,MacIntosh,cmacintoshne@wsj.com,Female,15.19.10.25,9674,Kalumpang,878-550-7754
844,4,Brinn,Welling,bwellingnf@nhs.uk,Female,215.85.141.131,,Sölvesborg,847-264-0671
845,5,Arnoldo,Westnedge,,Male,58.95.186.254,7446,La Gi,800-212-6423
846,11,Issi,Magrane,imagranenh@discuz.net,Bigender,114.252.187.5,,Asbest,672-378-3813
847,12,Selia,Camier,scamierni@geocities.jp,Female,226.199.43.72,6597,Allkaj,585-579-4104
848,7,Fredrick,Nairn,fnairnnj@ihg.com,Male,2.232.29.7,,Nanam,593-562-0234
849,18,Luce,Baffin,lbaffinnk@infoseek.co.jp,Female,53.34.242.249,,Kassándreia,180-387-0206
850,7,York,de Quesne,ydequesnenl@elegantthemes.com,Male,26.64.232.104,5298,Zhangping,480-240-9206
851,4,Torry,McKilroe,tmckilroenm@squidoo.com,Male,120.189.140.205,5572,Taghazout,200-239-4953
852,8,Nowell,Merring,nmerringnn@is.gd,Male,171.227.194.72,8494,Al Judayrah,151-528-7419
853,7,Velma,Jansik,vjansikno@google.com.au,Female,216.7.240.114,7345,Eenhana,454-503-6050
854,7,Jefferey,Slite,jslitenp@github.com,Male,38.52.185.75,6111,Gaspar Hernández,731-514-0447
855,8,Randolph,Dolder,rdoldernq@amazon.de,Male,18.113.35.122,,Adjumani,762-204-9073
856,16,Daven,Bliss,dblissnr@cocolog-nifty.com,Male,168.255.44.160,,Messina,480-382-3811
857,8,Lyndsie,de Lloyd,ldelloydns@icio.us,Female,77.171.89.4,5922,Lianran,523-628-0274
858,3,Pamella,Storie,pstorient@privacy.gov.au,Female,141.12.102.248,5027,Mawza‘,557-155-5208
859,13,Daisie,Vinsen,dvinsennu@hatena.ne.jp,Female,162.156.60.167,9885,Ljutomer,381-279-5574
860,15,Eleanora,Tremmil,etremmilnv@smugmug.com,Female,73.45.232.153,7595,Nicola Town,679-927-7834
861,13,Raimundo,Lawley,rlawleynw@squarespace.com,Male,31.215.38.152,7811,Kamyanyuki,263-319-4756
862,3,Barney,Edbrooke,bedbrookenx@360.cn,Male,184.201.177.40,,Ron Phibun,113-600-1870
863,5,Flem,Ausher,fausherny@upenn.edu,Male,100.62.104.9,,Corzuela,703-741-0439
864,3,Killie,Jeavons,kjeavonsnz@abc.net.au,Male,151.159.163.130,8426,Longmen,794-498-8195
865,18,Jillie,Blaylock,jblaylocko0@mashable.com,Female,254.165.9.192,5374,Lyamino,446-774-2905
866,10,Kaitlynn,Henze,khenzeo1@constantcontact.com,Female,92.151.155.160,,Xinji,880-684-6591
867,6,Michaelina,Carlan,,Female,158.59.249.130,8236,Kamieniec,970-339-5788
868,9,Halimeda,Hanmore,hhanmoreo3@google.ca,Female,13.141.235.16,5212,Inari,375-891-4494
869,18,Harrison,Davydoch,hdavydocho4@ihg.com,Male,134.223.210.238,7775,Abengourou,216-890-4026
870,7,Meryl,Linder,mlindero5@paypal.com,Female,36.102.227.146,7766,Andaray,616-474-2642
871,14,Walden,Abotson,wabotsono6@alibaba.com,Male,103.216.240.203,8557,Sugcad,902-636-2892
872,10,Elizabeth,Gosney,egosneyo7@ucoz.ru,Female,122.197.63.147,5426,Basak,443-619-8539
873,11,Claire,Meckiff,cmeckiffo8@google.com.br,Female,106.8.227.236,8920,Ziguinchor,996-304-3610
874,3,Ginger,Courage,gcourageo9@angelfire.com,Male,47.139.203.9,8212,Guanfang,170-772-6512
875,12,Masha,Tonner,mtonneroa@sbwire.com,Female,112.2.50.209,6623,Lomboy,247-114-2456
876,12,Brittne,Howden,bhowdenob@123-reg.co.uk,Female,148.147.181.240,7780,Chikan,219-315-2754
877,4,Lavinie,Pawling,lpawlingoc@cdbaby.com,Female,229.65.125.249,5983,Dakhla,887-910-3324
878,2,Sharron,Willshee,swillsheeod@ucla.edu,Female,56.31.170.84,9850,Keti Bandar,401-763-3139
879,10,Burnaby,Woofinden,bwoofindenoe@miibeian.gov.cn,Male,168.8.83.18,7498,Xiatang,911-237-6163
880,11,Lynnette,Matejka,,Female,146.80.188.161,9288,Marseille,898-553-7981
881,12,Benyamin,Domican,,Male,61.99.78.5,5529,Río Grande,610-159-6411
882,11,Thomas,Wenderoth,twenderothoh@cnet.com,Polygender,213.236.132.59,9305,Pulo,583-559-5822
883,12,Tucky,Urlich,turlichoi@tripadvisor.com,Male,167.168.38.130,7888,Lipin Bor,748-482-2993
884,4,Klaus,Folshom,kfolshomoj@cpanel.net,Male,102.185.94.123,6043,San Miguel,268-998-4347
885,5,Lauri,Lafayette,llafayetteok@youtube.com,Female,87.235.38.164,7281,Tangub,732-642-0712
886,15,Phedra,Filipchikov,pfilipchikovol@state.tx.us,Female,133.212.244.195,5808,San Miguel,920-403-2437
887,20,Drud,Trymme,dtrymmeom@bigcartel.com,Male,204.55.119.1,5653,Kouqian,203-583-6993
888,3,Sawyere,Thring,,Male,25.137.127.137,8098,Nong Saeng,709-634-9266
889,13,Milli,Stichall,mstichalloo@storify.com,Female,131.11.231.186,7511,Lương Bằng,418-638-9771
890,3,Kellby,Lilly,klillyop@who.int,Genderqueer,24.100.100.15,9818,Serowe,374-585-7460
891,14,Reece,Atger,ratgeroq@ustream.tv,Male,76.153.245.85,,Norrtälje,815-794-6178
892,20,Zorine,Gladwish,,Bigender,232.138.57.246,8756,Sumberejo,562-291-0992
893,13,Krisha,Coggings,kcoggingsos@booking.com,Male,255.72.65.214,7135,Creil,214-895-8537
894,11,Ivette,Henbury,ihenburyot@smugmug.com,Female,157.248.249.90,5094,Heret,808-325-3981
895,12,Kimmi,Domoni,kdomoniou@1688.com,Female,137.105.129.32,7958,Gadingrejo,840-965-6318
896,8,Prescott,Rofe,profeov@about.com,Non-binary,165.9.74.45,5878,Pamarayan,316-906-5407
897,17,Tiebout,Hanster,thansterow@last.fm,Male,44.123.201.94,9492,Daja,344-996-2796
898,10,Charis,Colvin,ccolvinox@buzzfeed.com,Female,236.228.248.2,9555,Muravlenko,307-727-3974
899,15,Boonie,Bampfield,bbampfieldoy@quantcast.com,Male,178.164.132.205,6332,Zhongying,201-934-4887
900,6,Martina,McIsaac,mmcisaacoz@live.com,Polygender,8.199.193.65,9270,Kilkís,995-649-2706
901,11,Claiborne,Lamont,clamontp0@about.me,Male,176.179.8.185,8436,Vítkov,278-586-0861
902,10,Forbes,Calvert,,Non-binary,163.175.63.157,,Milówka,302-999-8920
903,12,Rosette,Valler,,Female,100.194.48.179,,Dongping,548-129-4097
904,2,Gordon,Greeno,,Polygender,217.250.218.140,7250,Sơn Trà,242-934-1859
905,4,Jarvis,Corragan,jcorraganp4@economist.com,Male,23.130.200.216,5133,Bitung,339-184-5910
906,1,Rosy,Klimschak,rklimschakp5@forbes.com,Female,35.61.35.4,8009,Qixingtai,457-746-0394
907,3,Alisun,Myner,amynerp6@boston.com,Female,43.188.222.230,8811,Xiuyu,672-868-9910
908,2,William,Cullivan,wcullivanp7@hp.com,Male,254.239.154.209,5673,Uścimów Stary,273-347-3251
909,18,Tamara,Boustead,tbousteadp8@sciencedaily.com,Female,148.208.151.71,,Caledon,161-251-6365
910,18,Sheree,Slevin,sslevinp9@netlog.com,Female,20.146.74.165,9687,Ribeirão Preto,916-603-5341
911,15,Kara-lynn,Gawke,kgawkepa@whitehouse.gov,Female,85.251.129.181,8650,Maikawada,555-799-7502
912,3,Wood,Sharkey,wsharkeypb@macromedia.com,Male,56.184.247.13,9352,Mikuni,994-275-7731
913,15,Mellie,Blackett,mblackettpc@tinyurl.com,Female,52.69.148.107,5977,Nijiangping,557-171-9300
914,12,Emiline,Wynch,ewynchpd@wp.com,Female,159.49.145.94,8369,Borås,578-497-6257
915,14,Gabriello,Leglise,gleglisepe@arstechnica.com,Male,113.83.121.164,5576,Mariestad,467-531-5325
916,14,Barty,Crowcombe,bcrowcombepf@domainmarket.com,Male,79.128.210.14,9784,Zhoushan,523-753-5841
917,14,Nora,Limon,nlimonpg@whitehouse.gov,Female,116.106.180.202,9082,Sovetskiy,902-804-4077
918,19,Grete,Fieldhouse,,Female,222.9.118.232,,Valledupar,989-562-0732
919,20,Sonnie,Vanyukhin,svanyukhinpi@loc.gov,Female,215.187.249.241,6657,Bangker,645-902-8497
920,1,Randal,Simenel,rsimenelpj@foxnews.com,Male,175.138.222.17,6644,Ryazhsk,700-790-2714
921,1,Mala,Shinn,,Female,16.53.166.84,6249,Tarbes,943-625-1101
922,5,Cherice,Tesh,cteshpl@e-recht24.de,Female,217.157.195.119,5861,Uruguaiana,718-309-9579
923,2,Ileane,Waylen,iwaylenpm@opera.com,Female,33.206.38.104,8624,Nālūt,143-651-1395
924,15,Ivy,Acosta,iacostapn@ask.com,Female,14.75.106.50,6512,Sindangkerta,844-172-6541
925,14,Egor,Palmer,,Male,242.58.244.213,8558,Pylaía,114-390-3679
926,2,Sophey,Giscken,,Female,108.41.100.209,6808,Penápolis,496-325-9590
927,17,Gregg,Slucock,gslucockpq@chronoengine.com,Male,2.107.96.29,7932,Ketitang Wetan,972-198-6713
928,9,Netta,Greeves,ngreevespr@blinklist.com,Female,190.251.217.204,5829,Mahaica Village,207-611-8495
929,10,Lorin,Leverentz,lleverentzps@51.la,Genderfluid,112.107.181.99,9107,Balta,237-171-9584
930,18,Mervin,Devereu,mdevereupt@nps.gov,Male,230.187.166.67,8753,Novo-Peredelkino,946-616-8283
931,19,Tiffany,Chastel,tchastelpu@yahoo.co.jp,Female,201.205.140.147,8315,Shuangpu,499-631-7457
932,6,Eva,Markie,emarkiepv@unc.edu,Female,8.214.192.76,9018,Sogod,357-423-6137
933,1,Derby,Disdel,ddisdelpw@barnesandnoble.com,Male,189.177.112.130,5119,Zhukovskiy,334-943-1626
934,20,Moria,Tweddell,mtweddellpx@sakura.ne.jp,Female,180.187.85.93,6216,Arevshat,984-130-9798
935,20,Amos,Arnault,aarnaultpy@un.org,Agender,250.87.150.175,6726,Żarki,514-666-2868
936,6,Dukey,Vasser,dvasserpz@feedburner.com,Male,28.32.45.61,6222,Vinež,494-440-8751
937,4,Stanislas,Cansfield,scansfieldq0@toplist.cz,Male,35.233.22.178,7339,Jembatandua,174-202-1627
938,14,Renee,Cosens,rcosensq1@amazon.co.uk,Female,76.121.181.149,7779,Dolní Kounice,576-105-9152
939,6,Lydie,Hawkeridge,lhawkeridgeq2@amazon.de,Female,26.105.116.85,5609,Estrada,588-984-2205
940,20,Jodee,Dory,jdoryq3@rambler.ru,Female,150.130.134.51,9364,Psygansu,279-949-2016
941,17,Rafaellle,Brozsset,rbrozssetq4@virginia.edu,Male,165.15.82.175,5850,Sandefjord,674-523-5499
942,18,Carolina,Keller,ckellerq5@merriam-webster.com,Female,70.209.166.3,9959,Wanurian,555-459-9461
943,17,Alexei,Ishak,,Male,248.12.28.78,7659,Gabi,228-237-8106
944,11,Sasha,Lacrouts,,Female,125.76.94.141,9273,Las Breñas,877-808-3591
945,11,Drusilla,Bowhay,dbowhayq8@sohu.com,Female,144.117.110.191,8755,Lyon,910-308-4351
946,7,Wyn,Sparey,wspareyq9@about.me,Male,81.113.114.55,5588,Kuching,374-922-1024
947,18,Carina,Pyson,cpysonqa@goo.ne.jp,Female,146.81.90.122,,Ichinohe,707-159-9257
948,18,Eachelle,Heditch,eheditchqb@nifty.com,Female,163.235.6.70,7705,Huangjinjing,834-903-8167
949,15,Zorina,Creamer,zcreamerqc@barnesandnoble.com,Female,249.53.15.203,8771,Kawit,570-377-1605
950,12,Dorthea,Lynett,,Female,2.228.236.135,7900,Erjiegou,964-706-7853
951,6,Serge,O' Ronan,soronanqe@twitter.com,Male,82.35.97.131,8848,Plakhtiyivka,563-132-4609
952,16,Orren,Kepe,okepeqf@sogou.com,Male,138.157.80.67,5475,Tagnanan,496-567-2016
953,4,Wiatt,Whitbread,wwhitbreadqg@wix.com,Male,83.225.253.80,8228,Karis,428-783-7595
954,14,Hildegaard,Firth,hfirthqh@blog.com,Female,56.12.8.24,9789,Abuja,429-875-1616
955,4,Gaylor,Carhart,,Male,94.189.67.194,8536,Taifu,220-597-4560
956,15,Yancy,Myner,,Male,237.105.46.55,8870,Lille,403-959-8526
957,11,Hildagard,Groundwator,hgroundwatorqk@xrea.com,Female,197.7.193.136,,Cilated,720-896-5437
958,13,Lita,Geldert,lgeldertql@sohu.com,Female,119.147.161.239,7979,Furukawa,381-548-0943
959,20,Binky,MacAskie,bmacaskieqm@time.com,Male,182.46.111.49,7480,Minas de Oro,541-553-6054
960,17,Idalina,Rabbe,irabbeqn@deviantart.com,Female,133.237.229.238,9455,Nusajaya,813-109-4655
961,20,Krissy,McClements,kmcclementsqo@wikimedia.org,Female,109.152.41.143,8152,Kutno,345-338-4199
962,20,Helene,Becarra,hbecarraqp@hhs.gov,Non-binary,217.155.20.22,,Sheli,171-129-8065
963,5,Florance,Gun,fgunqq@washington.edu,Female,211.184.195.116,5692,Gorbatov,714-194-4287
964,9,Welch,Gammel,wgammelqr@lulu.com,Male,15.159.47.146,9384,Kembangarum,499-811-0534
965,8,Frankie,Blessed,,Female,135.193.208.121,7408,Vale,301-880-3533
966,15,Clarissa,Stodit,cstoditqt@samsung.com,Female,252.123.104.31,9703,Parczew,397-459-3714
967,7,Saul,Harrinson,sharrinsonqu@vistaprint.com,Male,145.156.99.139,8210,Marvdasht,925-855-9507
968,15,Rolfe,Vinton,rvintonqv@behance.net,Male,145.51.153.38,9827,Ban Phai,821-962-5707
969,8,Mord,Dello,mdelloqw@nydailynews.com,Male,214.15.202.172,7234,Luozhuang,703-261-3799
970,10,Vivianne,Reiners,vreinersqx@github.io,Female,40.201.112.128,6750,Água de Pau,477-919-6469
971,9,Emmalyn,Dybald,edybaldqy@cdc.gov,Female,31.187.154.117,6707,Gumi,393-528-0778
972,5,Essy,Dalinder,edalinderqz@usa.gov,Female,119.176.22.46,5436,Da’an,426-619-6579
973,5,Antonino,Andreasson,aandreassonr0@prlog.org,Male,125.8.47.255,6227,Pule,369-704-3799
974,15,Tallia,Kordovani,tkordovanir1@rakuten.co.jp,Female,159.43.73.200,6138,Ojos de Agua,383-727-7371
975,14,Kermit,Westbrook,kwestbrookr2@opensource.org,Male,131.151.244.78,7277,Arnaía,223-390-7438
976,5,Nettie,Lamyman,nlamymanr3@smh.com.au,Female,45.103.26.88,8249,Quintão,796-152-0170
977,15,Amalle,Wayman,awaymanr4@e-recht24.de,Female,84.182.148.236,6408,Fantan,433-807-5525
978,1,Denys,Poley,dpoleyr5@imdb.com,Male,193.158.188.194,9508,Ostashkov,605-116-0643
979,14,Carlen,Shakspeare,cshakspearer6@constantcontact.com,Female,177.105.18.192,5207,Bang Pahan,680-228-1932
980,18,Caro,Florey,,Female,80.5.226.112,5413,Tārūt,832-269-8493
981,6,Giavani,Arrault,garraultr8@biblegateway.com,Male,101.15.245.121,6141,Vaitape,615-302-5010
982,12,Polly,Boyes,pboyesr9@yellowpages.com,Female,41.80.70.254,7387,Santa Teresa,983-319-6320
983,2,Law,Shillaker,lshillakerra@businesswire.com,Male,236.25.75.101,6723,Buenavista,341-137-6423
984,11,Alva,Brachell,abrachellrb@yolasite.com,Male,146.84.214.101,5168,Mogwase,957-810-5832
985,20,Benetta,Biasioli,bbiasiolirc@aboutads.info,Polygender,198.108.245.239,9668,Wadung,782-155-8507
986,2,Dwain,Jirzik,,Male,150.165.200.81,8153,Los Pinos,204-817-3033
987,11,Karry,Robinson,krobinsonre@chicagotribune.com,Female,109.94.247.206,8775,Xinjiebu,954-902-4847
988,16,Nanete,Randall,,Female,192.62.134.118,6757,Xieji,884-421-9430
989,3,Alano,Potten,apottenrg@wired.com,Male,71.121.224.244,6755,Perovo,193-383-8323
990,11,Jerad,Dyche,jdycherh@google.com.au,Male,200.254.159.127,,Sokol,807-914-0729
991,4,Yardley,Ladson,yladsonri@booking.com,Male,203.129.83.187,5794,Rudnyy,107-122-8366
992,15,Marina,Tanswell,mtanswellrj@tiny.cc,Female,145.241.183.171,9304,Yeni Suraxanı,126-966-9304
993,2,Joete,Wallsworth,jwallsworthrk@ycombinator.com,Non-binary,85.208.214.167,7063,San Pedro,722-891-8372
994,11,Evangelia,Wells,ewellsrl@wisc.edu,Non-binary,99.135.190.116,7349,Raposos,490-656-4112
995,4,Alwin,Malitrott,amalitrottrm@globo.com,Male,209.36.59.163,7911,Nerekhta,802-483-5577
996,5,Bobette,Autrie,bautriern@seattletimes.com,Female,33.144.10.59,,Maceda,980-659-2242
997,14,Link,Balthasar,lbalthasarro@cnet.com,Male,145.114.31.32,7532,Jayanca,655-856-3262
998,17,Dannie,Trineman,dtrinemanrp@twitpic.com,Bigender,104.90.254.65,8089,Pico da Pedra,504-391-1615
999,1,Harmon,Walne,hwalnerq@nyu.edu,Male,204.199.180.97,9302,Piterka,827-507-6566
1000,15,Cammi,Eason,ceasonrr@sohu.com,Female,114.190.48.89,7685,Donnacona,428-813-4276
